platform,cpu,compiler,algorithm,backend,operation,size_bytes,sample,elapsed_ns,bytes_processed,ns_per_byte,gbps,cycles_per_byte,status
Darwin-arm64,Apple M2 Pro,clang-17.0.0 (clang-1700.0.13.5),AES-128,ref,block,64,1,1932000,262144,7.369995117,0.135685300,,ok
Darwin-arm64,Apple M2 Pro,clang-17.0.0 (clang-1700.0.13.5),AES-128,ref,block,64,2,1950000,262144,7.438659668,0.134432821,,ok
Darwin-arm64,Apple M2 Pro,clang-17.0.0 (clang-1700.0.13.5),AES-128,ref,block,64,3,1951000,262144,7.442474365,0.134363916,,ok
Darwin-arm64,Apple M2 Pro,clang-17.0.0 (clang-1700.0.13.5),AES-128,ref,block,64,4,1943000,262144,7.411956787,0.134917138,,ok
Darwin-arm64,Apple M2 Pro,clang-17.0.0 (clang-1700.0.13.5),AES-128,ref,block,64,5,1938000,262144,7.392883301,0.135265222,,ok
Darwin-arm64,Apple M2 Pro,clang-17.0.0 (clang-1700.0.13.5),AES-128,ref,block,64,6,1934000,262144,7.377624512,0.135544984,,ok
Darwin-arm64,Apple M2 Pro,clang-17.0.0 (clang-1700.0.13.5),AES-128,ref,block,64,7,1948000,262144,7.431030273,0.134570842,,ok
Darwin-arm64,Apple M2 Pro,clang-17.0.0 (clang-1700.0.13.5),AES-128,ref,block,64,8,1949000,262144,7.434844971,0.134501796,,ok
Darwin-arm64,Apple M2 Pro,clang-17.0.0 (clang-1700.0.13.5),AES-128,ref,block,64,9,1964000,262144,7.492065430,0.133474542,,ok
Darwin-arm64,Apple M2 Pro,clang-17.0.0 (clang-1700.0.13.5),AES-128,ref,block,64,10,1975000,262144,7.534027100,0.132731139,,ok
Darwin-arm64,Apple M2 Pro,clang-17.0.0 (clang-1700.0.13.5),AES-128,ref,block,64,11,1947000,262144,7.427215576,0.134639959,,ok
Darwin-arm64,Apple M2 Pro,clang-17.0.0 (clang-1700.0.13.5),AES-128,ref,block,64,12,1954000,262144,7.453918457,0.134157625,,ok
Darwin-arm64,Apple M2 Pro,clang-17.0.0 (clang-1700.0.13.5),AES-128,ref,block,64,13,1975000,262144,7.534027100,0.132731139,,ok
Darwin-arm64,Apple M2 Pro,clang-17.0.0 (clang-1700.0.13.5),AES-128,ref,block,64,14,2025000,262144,7.724761963,0.129453827,,ok
Darwin-arm64,Apple M2 Pro,clang-17.0.0 (clang-1700.0.13.5),AES-128,ref,block,64,15,1937000,262144,7.389068604,0.135335054,,ok
Darwin-arm64,Apple M2 Pro,clang-17.0.0 (clang-1700.0.13.5),AES-128,ref,block,512,1,1921000,262144,7.328033447,0.136462259,,ok
Darwin-arm64,Apple M2 Pro,clang-17.0.0 (clang-1700.0.13.5),AES-128,ref,block,512,2,1921000,262144,7.328033447,0.136462259,,ok
Darwin-arm64,Apple M2 Pro,clang-17.0.0 (clang-1700.0.13.5),AES-128,ref,block,512,3,1925000,262144,7.343292236,0.136178701,,ok
Darwin-arm64,Apple M2 Pro,clang-17.0.0 (clang-1700.0.13.5),AES-128,ref,block,512,4,1922000,262144,7.331848145,0.136391259,,ok
Darwin-arm64,Apple M2 Pro,clang-17.0.0 (clang-1700.0.13.5),AES-128,ref,block,512,5,1947000,262144,7.427215576,0.134639959,,ok
Darwin-arm64,Apple M2 Pro,clang-17.0.0 (clang-1700.0.13.5),AES-128,ref,block,512,6,1922000,262144,7.331848145,0.136391259,,ok
Darwin-arm64,Apple M2 Pro,clang-17.0.0 (clang-1700.0.13.5),AES-128,ref,block,512,7,1958000,262144,7.469177246,0.133883555,,ok
Darwin-arm64,Apple M2 Pro,clang-17.0.0 (clang-1700.0.13.5),AES-128,ref,block,512,8,1962000,262144,7.484436035,0.133610601,,ok
Darwin-arm64,Apple M2 Pro,clang-17.0.0 (clang-1700.0.13.5),AES-128,ref,block,512,9,1932000,262144,7.369995117,0.135685300,,ok
Darwin-arm64,Apple M2 Pro,clang-17.0.0 (clang-1700.0.13.5),AES-128,ref,block,512,10,1937000,262144,7.389068604,0.135335054,,ok
Darwin-arm64,Apple M2 Pro,clang-17.0.0 (clang-1700.0.13.5),AES-128,ref,block,512,11,1919000,262144,7.320404053,0.136604482,,ok
Darwin-arm64,Apple M2 Pro,clang-17.0.0 (clang-1700.0.13.5),AES-128,ref,block,512,12,1932000,262144,7.369995117,0.135685300,,ok
Darwin-arm64,Apple M2 Pro,clang-17.0.0 (clang-1700.0.13.5),AES-128,ref,block,512,13,1970000,262144,7.514953613,0.133068020,,ok
Darwin-arm64,Apple M2 Pro,clang-17.0.0 (clang-1700.0.13.5),AES-128,ref,block,512,14,1919000,262144,7.320404053,0.136604482,,ok
Darwin-arm64,Apple M2 Pro,clang-17.0.0 (clang-1700.0.13.5),AES-128,ref,block,512,15,1938000,262144,7.392883301,0.135265222,,ok
Darwin-arm64,Apple M2 Pro,clang-17.0.0 (clang-1700.0.13.5),AES-128,ref,block,4096,1,1925000,262144,7.343292236,0.136178701,,ok
Darwin-arm64,Apple M2 Pro,clang-17.0.0 (clang-1700.0.13.5),AES-128,ref,block,4096,2,1919000,262144,7.320404053,0.136604482,,ok
Darwin-arm64,Apple M2 Pro,clang-17.0.0 (clang-1700.0.13.5),AES-128,ref,block,4096,3,1922000,262144,7.331848145,0.136391259,,ok
Darwin-arm64,Apple M2 Pro,clang-17.0.0 (clang-1700.0.13.5),AES-128,ref,block,4096,4,1984000,262144,7.568359375,0.132129032,,ok
Darwin-arm64,Apple M2 Pro,clang-17.0.0 (clang-1700.0.13.5),AES-128,ref,block,4096,5,1917000,262144,7.312774658,0.136747001,,ok
Darwin-arm64,Apple M2 Pro,clang-17.0.0 (clang-1700.0.13.5),AES-128,ref,block,4096,6,1913000,262144,7.297515869,0.137032933,,ok
Darwin-arm64,Apple M2 Pro,clang-17.0.0 (clang-1700.0.13.5),AES-128,ref,block,4096,7,1919000,262144,7.320404053,0.136604482,,ok
Darwin-arm64,Apple M2 Pro,clang-17.0.0 (clang-1700.0.13.5),AES-128,ref,block,4096,8,1920000,262144,7.324218750,0.136533333,,ok
Darwin-arm64,Apple M2 Pro,clang-17.0.0 (clang-1700.0.13.5),AES-128,ref,block,4096,9,1932000,262144,7.369995117,0.135685300,,ok
Darwin-arm64,Apple M2 Pro,clang-17.0.0 (clang-1700.0.13.5),AES-128,ref,block,4096,10,1913000,262144,7.297515869,0.137032933,,ok
Darwin-arm64,Apple M2 Pro,clang-17.0.0 (clang-1700.0.13.5),AES-128,ref,block,4096,11,1926000,262144,7.347106934,0.136107996,,ok
Darwin-arm64,Apple M2 Pro,clang-17.0.0 (clang-1700.0.13.5),AES-128,ref,block,4096,12,1919000,262144,7.320404053,0.136604482,,ok
Darwin-arm64,Apple M2 Pro,clang-17.0.0 (clang-1700.0.13.5),AES-128,ref,block,4096,13,1921000,262144,7.328033447,0.136462259,,ok
Darwin-arm64,Apple M2 Pro,clang-17.0.0 (clang-1700.0.13.5),AES-128,ref,block,4096,14,1940000,262144,7.400512695,0.135125773,,ok
Darwin-arm64,Apple M2 Pro,clang-17.0.0 (clang-1700.0.13.5),AES-128,ref,block,4096,15,1960000,262144,7.476806641,0.133746939,,ok
Darwin-arm64,Apple M2 Pro,clang-17.0.0 (clang-1700.0.13.5),AES-128,ref,block,8192,1,1926000,262144,7.347106934,0.136107996,,ok
Darwin-arm64,Apple M2 Pro,clang-17.0.0 (clang-1700.0.13.5),AES-128,ref,block,8192,2,1912000,262144,7.293701172,0.137104603,,ok
Darwin-arm64,Apple M2 Pro,clang-17.0.0 (clang-1700.0.13.5),AES-128,ref,block,8192,3,1972000,262144,7.522583008,0.132933063,,ok
Darwin-arm64,Apple M2 Pro,clang-17.0.0 (clang-1700.0.13.5),AES-128,ref,block,8192,4,1924000,262144,7.339477539,0.136249480,,ok
Darwin-arm64,Apple M2 Pro,clang-17.0.0 (clang-1700.0.13.5),AES-128,ref,block,8192,5,1916000,262144,7.308959961,0.136818372,,ok
Darwin-arm64,Apple M2 Pro,clang-17.0.0 (clang-1700.0.13.5),AES-128,ref,block,8192,6,1921000,262144,7.328033447,0.136462259,,ok
Darwin-arm64,Apple M2 Pro,clang-17.0.0 (clang-1700.0.13.5),AES-128,ref,block,8192,7,2001000,262144,7.633209229,0.131006497,,ok
Darwin-arm64,Apple M2 Pro,clang-17.0.0 (clang-1700.0.13.5),AES-128,ref,block,8192,8,1968000,262144,7.507324219,0.133203252,,ok
Darwin-arm64,Apple M2 Pro,clang-17.0.0 (clang-1700.0.13.5),AES-128,ref,block,8192,9,1910000,262144,7.286071777,0.137248168,,ok
Darwin-arm64,Apple M2 Pro,clang-17.0.0 (clang-1700.0.13.5),AES-128,ref,block,8192,10,1913000,262144,7.297515869,0.137032933,,ok
Darwin-arm64,Apple M2 Pro,clang-17.0.0 (clang-1700.0.13.5),AES-128,ref,block,8192,11,1916000,262144,7.308959961,0.136818372,,ok
Darwin-arm64,Apple M2 Pro,clang-17.0.0 (clang-1700.0.13.5),AES-128,ref,block,8192,12,1991000,262144,7.595062256,0.131664490,,ok
Darwin-arm64,Apple M2 Pro,clang-17.0.0 (clang-1700.0.13.5),AES-128,ref,block,8192,13,1931000,262144,7.366180420,0.135755567,,ok
Darwin-arm64,Apple M2 Pro,clang-17.0.0 (clang-1700.0.13.5),AES-128,ref,block,8192,14,1984000,262144,7.568359375,0.132129032,,ok
Darwin-arm64,Apple M2 Pro,clang-17.0.0 (clang-1700.0.13.5),AES-128,ref,block,8192,15,1999000,262144,7.625579834,0.131137569,,ok
Darwin-arm64,Apple M2 Pro,clang-17.0.0 (clang-1700.0.13.5),AES-128,ref,block,65536,1,1916000,262144,7.308959961,0.136818372,,ok
Darwin-arm64,Apple M2 Pro,clang-17.0.0 (clang-1700.0.13.5),AES-128,ref,block,65536,2,1963000,262144,7.488250732,0.133542537,,ok
Darwin-arm64,Apple M2 Pro,clang-17.0.0 (clang-1700.0.13.5),AES-128,ref,block,65536,3,1914000,262144,7.301330566,0.136961338,,ok
Darwin-arm64,Apple M2 Pro,clang-17.0.0 (clang-1700.0.13.5),AES-128,ref,block,65536,4,1923000,262144,7.335662842,0.136320333,,ok
Darwin-arm64,Apple M2 Pro,clang-17.0.0 (clang-1700.0.13.5),AES-128,ref,block,65536,5,1922000,262144,7.331848145,0.136391259,,ok
Darwin-arm64,Apple M2 Pro,clang-17.0.0 (clang-1700.0.13.5),AES-128,ref,block,65536,6,1916000,262144,7.308959961,0.136818372,,ok
Darwin-arm64,Apple M2 Pro,clang-17.0.0 (clang-1700.0.13.5),AES-128,ref,block,65536,7,1955000,262144,7.457733154,0.134089003,,ok
Darwin-arm64,Apple M2 Pro,clang-17.0.0 (clang-1700.0.13.5),AES-128,ref,block,65536,8,1912000,262144,7.293701172,0.137104603,,ok
Darwin-arm64,Apple M2 Pro,clang-17.0.0 (clang-1700.0.13.5),AES-128,ref,block,65536,9,1915000,262144,7.305145264,0.136889817,,ok
Darwin-arm64,Apple M2 Pro,clang-17.0.0 (clang-1700.0.13.5),AES-128,ref,block,65536,10,1913000,262144,7.297515869,0.137032933,,ok
Darwin-arm64,Apple M2 Pro,clang-17.0.0 (clang-1700.0.13.5),AES-128,ref,block,65536,11,1915000,262144,7.305145264,0.136889817,,ok
Darwin-arm64,Apple M2 Pro,clang-17.0.0 (clang-1700.0.13.5),AES-128,ref,block,65536,12,1941000,262144,7.404327393,0.135056157,,ok
Darwin-arm64,Apple M2 Pro,clang-17.0.0 (clang-1700.0.13.5),AES-128,ref,block,65536,13,1914000,262144,7.301330566,0.136961338,,ok
Darwin-arm64,Apple M2 Pro,clang-17.0.0 (clang-1700.0.13.5),AES-128,ref,block,65536,14,2010000,262144,7.667541504,0.130419900,,ok
Darwin-arm64,Apple M2 Pro,clang-17.0.0 (clang-1700.0.13.5),AES-128,ref,block,65536,15,1948000,262144,7.431030273,0.134570842,,ok
Darwin-arm64,Apple M2 Pro,clang-17.0.0 (clang-1700.0.13.5),AES-128,ref,block,1048576,1,7951000,1048576,7.582664490,0.131879764,,ok
Darwin-arm64,Apple M2 Pro,clang-17.0.0 (clang-1700.0.13.5),AES-128,ref,block,1048576,2,7847000,1048576,7.483482361,0.133627628,,ok
Darwin-arm64,Apple M2 Pro,clang-17.0.0 (clang-1700.0.13.5),AES-128,ref,block,1048576,3,7732000,1048576,7.373809814,0.135615106,,ok
Darwin-arm64,Apple M2 Pro,clang-17.0.0 (clang-1700.0.13.5),AES-128,ref,block,1048576,4,7793000,1048576,7.431983948,0.134553574,,ok
Darwin-arm64,Apple M2 Pro,clang-17.0.0 (clang-1700.0.13.5),AES-128,ref,block,1048576,5,7753000,1048576,7.393836975,0.135247775,,ok
Darwin-arm64,Apple M2 Pro,clang-17.0.0 (clang-1700.0.13.5),AES-128,ref,block,1048576,6,8009000,1048576,7.637977600,0.130924710,,ok
Darwin-arm64,Apple M2 Pro,clang-17.0.0 (clang-1700.0.13.5),AES-128,ref,block,1048576,7,7841000,1048576,7.477760315,0.133729881,,ok
Darwin-arm64,Apple M2 Pro,clang-17.0.0 (clang-1700.0.13.5),AES-128,ref,block,1048576,8,7821000,1048576,7.458686829,0.134071858,,ok
Darwin-arm64,Apple M2 Pro,clang-17.0.0 (clang-1700.0.13.5),AES-128,ref,block,1048576,9,7744000,1048576,7.385253906,0.135404959,,ok
Darwin-arm64,Apple M2 Pro,clang-17.0.0 (clang-1700.0.13.5),AES-128,ref,block,1048576,10,7885000,1048576,7.519721985,0.132983640,,ok
Darwin-arm64,Apple M2 Pro,clang-17.0.0 (clang-1700.0.13.5),AES-128,ref,block,1048576,11,7776000,1048576,7.415771484,0.134847737,,ok
Darwin-arm64,Apple M2 Pro,clang-17.0.0 (clang-1700.0.13.5),AES-128,ref,block,1048576,12,7835000,1048576,7.472038269,0.133832291,,ok
Darwin-arm64,Apple M2 Pro,clang-17.0.0 (clang-1700.0.13.5),AES-128,ref,block,1048576,13,7730000,1048576,7.371902466,0.135650194,,ok
Darwin-arm64,Apple M2 Pro,clang-17.0.0 (clang-1700.0.13.5),AES-128,ref,block,1048576,14,7838000,1048576,7.474899292,0.133781067,,ok
Darwin-arm64,Apple M2 Pro,clang-17.0.0 (clang-1700.0.13.5),AES-128,ref,block,1048576,15,7737000,1048576,7.378578186,0.135527465,,ok
Darwin-arm64,Apple M2 Pro,clang-17.0.0 (clang-1700.0.13.5),AES-128,ttable-4k,block,64,1,1347000,262144,5.138397217,0.194613215,,ok
Darwin-arm64,Apple M2 Pro,clang-17.0.0 (clang-1700.0.13.5),AES-128,ttable-4k,block,64,2,1412000,262144,5.386352539,0.185654391,,ok
Darwin-arm64,Apple M2 Pro,clang-17.0.0 (clang-1700.0.13.5),AES-128,ttable-4k,block,64,3,1371000,262144,5.229949951,0.191206419,,ok
Darwin-arm64,Apple M2 Pro,clang-17.0.0 (clang-1700.0.13.5),AES-128,ttable-4k,block,64,4,1397000,262144,5.329132080,0.187647817,,ok
Darwin-arm64,Apple M2 Pro,clang-17.0.0 (clang-1700.0.13.5),AES-128,ttable-4k,block,64,5,1359000,262144,5.184173584,0.192894776,,ok
Darwin-arm64,Apple M2 Pro,clang-17.0.0 (clang-1700.0.13.5),AES-128,ttable-4k,block,64,6,1345000,262144,5.130767822,0.194902602,,ok
Darwin-arm64,Apple M2 Pro,clang-17.0.0 (clang-1700.0.13.5),AES-128,ttable-4k,block,64,7,1348000,262144,5.142211914,0.194468843,,ok
Darwin-arm64,Apple M2 Pro,clang-17.0.0 (clang-1700.0.13.5),AES-128,ttable-4k,block,64,8,1351000,262144,5.153656006,0.194037010,,ok
Darwin-arm64,Apple M2 Pro,clang-17.0.0 (clang-1700.0.13.5),AES-128,ttable-4k,block,64,9,1350000,262144,5.149841309,0.194180741,,ok
Darwin-arm64,Apple M2 Pro,clang-17.0.0 (clang-1700.0.13.5),AES-128,ttable-4k,block,64,10,1424000,262144,5.432128906,0.184089888,,ok
Darwin-arm64,Apple M2 Pro,clang-17.0.0 (clang-1700.0.13.5),AES-128,ttable-4k,block,64,11,1370000,262144,5.226135254,0.191345985,,ok
Darwin-arm64,Apple M2 Pro,clang-17.0.0 (clang-1700.0.13.5),AES-128,ttable-4k,block,64,12,1352000,262144,5.157470703,0.193893491,,ok
Darwin-arm64,Apple M2 Pro,clang-17.0.0 (clang-1700.0.13.5),AES-128,ttable-4k,block,64,13,1350000,262144,5.149841309,0.194180741,,ok
Darwin-arm64,Apple M2 Pro,clang-17.0.0 (clang-1700.0.13.5),AES-128,ttable-4k,block,64,14,1388000,262144,5.294799805,0.188864553,,ok
Darwin-arm64,Apple M2 Pro,clang-17.0.0 (clang-1700.0.13.5),AES-128,ttable-4k,block,64,15,1367000,262144,5.214691162,0.191765911,,ok
Darwin-arm64,Apple M2 Pro,clang-17.0.0 (clang-1700.0.13.5),AES-128,ttable-4k,block,512,1,1292000,262144,4.928588867,0.202897833,,ok
Darwin-arm64,Apple M2 Pro,clang-17.0.0 (clang-1700.0.13.5),AES-128,ttable-4k,block,512,2,1299000,262144,4.955291748,0.201804465,,ok
Darwin-arm64,Apple M2 Pro,clang-17.0.0 (clang-1700.0.13.5),AES-128,ttable-4k,block,512,3,1290000,262144,4.920959473,0.203212403,,ok
Darwin-arm64,Apple M2 Pro,clang-17.0.0 (clang-1700.0.13.5),AES-128,ttable-4k,block,512,4,1311000,262144,5.001068115,0.199957285,,ok
Darwin-arm64,Apple M2 Pro,clang-17.0.0 (clang-1700.0.13.5),AES-128,ttable-4k,block,512,5,1291000,262144,4.924774170,0.203054996,,ok
Darwin-arm64,Apple M2 Pro,clang-17.0.0 (clang-1700.0.13.5),AES-128,ttable-4k,block,512,6,1290000,262144,4.920959473,0.203212403,,ok
Darwin-arm64,Apple M2 Pro,clang-17.0.0 (clang-1700.0.13.5),AES-128,ttable-4k,block,512,7,1365000,262144,5.207061768,0.192046886,,ok
Darwin-arm64,Apple M2 Pro,clang-17.0.0 (clang-1700.0.13.5),AES-128,ttable-4k,block,512,8,1339000,262144,5.107879639,0.195775952,,ok
Darwin-arm64,Apple M2 Pro,clang-17.0.0 (clang-1700.0.13.5),AES-128,ttable-4k,block,512,9,1358000,262144,5.180358887,0.193036819,,ok
Darwin-arm64,Apple M2 Pro,clang-17.0.0 (clang-1700.0.13.5),AES-128,ttable-4k,block,512,10,1293000,262144,4.932403564,0.202740913,,ok
Darwin-arm64,Apple M2 Pro,clang-17.0.0 (clang-1700.0.13.5),AES-128,ttable-4k,block,512,11,1318000,262144,5.027770996,0.198895296,,ok
Darwin-arm64,Apple M2 Pro,clang-17.0.0 (clang-1700.0.13.5),AES-128,ttable-4k,block,512,12,1313000,262144,5.008697510,0.199652704,,ok
Darwin-arm64,Apple M2 Pro,clang-17.0.0 (clang-1700.0.13.5),AES-128,ttable-4k,block,512,13,1308000,262144,4.989624023,0.200415902,,ok
Darwin-arm64,Apple M2 Pro,clang-17.0.0 (clang-1700.0.13.5),AES-128,ttable-4k,block,512,14,1303000,262144,4.970550537,0.201184958,,ok
Darwin-arm64,Apple M2 Pro,clang-17.0.0 (clang-1700.0.13.5),AES-128,ttable-4k,block,512,15,1297000,262144,4.947662354,0.202115652,,ok
Darwin-arm64,Apple M2 Pro,clang-17.0.0 (clang-1700.0.13.5),AES-128,ttable-4k,block,4096,1,1287000,262144,4.909515381,0.203686092,,ok
Darwin-arm64,Apple M2 Pro,clang-17.0.0 (clang-1700.0.13.5),AES-128,ttable-4k,block,4096,2,1282000,262144,4.890441895,0.204480499,,ok
Darwin-arm64,Apple M2 Pro,clang-17.0.0 (clang-1700.0.13.5),AES-128,ttable-4k,block,4096,3,1286000,262144,4.905700684,0.203844479,,ok
Darwin-arm64,Apple M2 Pro,clang-17.0.0 (clang-1700.0.13.5),AES-128,ttable-4k,block,4096,4,1339000,262144,5.107879639,0.195775952,,ok
Darwin-arm64,Apple M2 Pro,clang-17.0.0 (clang-1700.0.13.5),AES-128,ttable-4k,block,4096,5,1314000,262144,5.012512207,0.199500761,,ok
Darwin-arm64,Apple M2 Pro,clang-17.0.0 (clang-1700.0.13.5),AES-128,ttable-4k,block,4096,6,1345000,262144,5.130767822,0.194902602,,ok
Darwin-arm64,Apple M2 Pro,clang-17.0.0 (clang-1700.0.13.5),AES-128,ttable-4k,block,4096,7,1300000,262144,4.959106445,0.201649231,,ok
Darwin-arm64,Apple M2 Pro,clang-17.0.0 (clang-1700.0.13.5),AES-128,ttable-4k,block,4096,8,1284000,262144,4.898071289,0.204161994,,ok
Darwin-arm64,Apple M2 Pro,clang-17.0.0 (clang-1700.0.13.5),AES-128,ttable-4k,block,4096,9,1295000,262144,4.940032959,0.202427799,,ok
Darwin-arm64,Apple M2 Pro,clang-17.0.0 (clang-1700.0.13.5),AES-128,ttable-4k,block,4096,10,1284000,262144,4.898071289,0.204161994,,ok
Darwin-arm64,Apple M2 Pro,clang-17.0.0 (clang-1700.0.13.5),AES-128,ttable-4k,block,4096,11,1302000,262144,4.966735840,0.201339478,,ok
Darwin-arm64,Apple M2 Pro,clang-17.0.0 (clang-1700.0.13.5),AES-128,ttable-4k,block,4096,12,1292000,262144,4.928588867,0.202897833,,ok
Darwin-arm64,Apple M2 Pro,clang-17.0.0 (clang-1700.0.13.5),AES-128,ttable-4k,block,4096,13,1282000,262144,4.890441895,0.204480499,,ok
Darwin-arm64,Apple M2 Pro,clang-17.0.0 (clang-1700.0.13.5),AES-128,ttable-4k,block,4096,14,1310000,262144,4.997253418,0.200109924,,ok
Darwin-arm64,Apple M2 Pro,clang-17.0.0 (clang-1700.0.13.5),AES-128,ttable-4k,block,4096,15,1337000,262144,5.100250244,0.196068811,,ok
Darwin-arm64,Apple M2 Pro,clang-17.0.0 (clang-1700.0.13.5),AES-128,ttable-4k,block,8192,1,1282000,262144,4.890441895,0.204480499,,ok
Darwin-arm64,Apple M2 Pro,clang-17.0.0 (clang-1700.0.13.5),AES-128,ttable-4k,block,8192,2,1284000,262144,4.898071289,0.204161994,,ok
Darwin-arm64,Apple M2 Pro,clang-17.0.0 (clang-1700.0.13.5),AES-128,ttable-4k,block,8192,3,1282000,262144,4.890441895,0.204480499,,ok
Darwin-arm64,Apple M2 Pro,clang-17.0.0 (clang-1700.0.13.5),AES-128,ttable-4k,block,8192,4,1310000,262144,4.997253418,0.200109924,,ok
Darwin-arm64,Apple M2 Pro,clang-17.0.0 (clang-1700.0.13.5),AES-128,ttable-4k,block,8192,5,1281000,262144,4.886627197,0.204640125,,ok
Darwin-arm64,Apple M2 Pro,clang-17.0.0 (clang-1700.0.13.5),AES-128,ttable-4k,block,8192,6,1283000,262144,4.894256592,0.204321122,,ok
Darwin-arm64,Apple M2 Pro,clang-17.0.0 (clang-1700.0.13.5),AES-128,ttable-4k,block,8192,7,1300000,262144,4.959106445,0.201649231,,ok
Darwin-arm64,Apple M2 Pro,clang-17.0.0 (clang-1700.0.13.5),AES-128,ttable-4k,block,8192,8,1284000,262144,4.898071289,0.204161994,,ok
Darwin-arm64,Apple M2 Pro,clang-17.0.0 (clang-1700.0.13.5),AES-128,ttable-4k,block,8192,9,1286000,262144,4.905700684,0.203844479,,ok
Darwin-arm64,Apple M2 Pro,clang-17.0.0 (clang-1700.0.13.5),AES-128,ttable-4k,block,8192,10,1282000,262144,4.890441895,0.204480499,,ok
Darwin-arm64,Apple M2 Pro,clang-17.0.0 (clang-1700.0.13.5),AES-128,ttable-4k,block,8192,11,1292000,262144,4.928588867,0.202897833,,ok
Darwin-arm64,Apple M2 Pro,clang-17.0.0 (clang-1700.0.13.5),AES-128,ttable-4k,block,8192,12,1336000,262144,5.096435547,0.196215569,,ok
Darwin-arm64,Apple M2 Pro,clang-17.0.0 (clang-1700.0.13.5),AES-128,ttable-4k,block,8192,13,1348000,262144,5.142211914,0.194468843,,ok
Darwin-arm64,Apple M2 Pro,clang-17.0.0 (clang-1700.0.13.5),AES-128,ttable-4k,block,8192,14,1300000,262144,4.959106445,0.201649231,,ok
Darwin-arm64,Apple M2 Pro,clang-17.0.0 (clang-1700.0.13.5),AES-128,ttable-4k,block,8192,15,1291000,262144,4.924774170,0.203054996,,ok
Darwin-arm64,Apple M2 Pro,clang-17.0.0 (clang-1700.0.13.5),AES-128,ttable-4k,block,65536,1,1309000,262144,4.993438721,0.200262796,,ok
Darwin-arm64,Apple M2 Pro,clang-17.0.0 (clang-1700.0.13.5),AES-128,ttable-4k,block,65536,2,1304000,262144,4.974365234,0.201030675,,ok
Darwin-arm64,Apple M2 Pro,clang-17.0.0 (clang-1700.0.13.5),AES-128,ttable-4k,block,65536,3,1335000,262144,5.092620850,0.196362547,,ok
Darwin-arm64,Apple M2 Pro,clang-17.0.0 (clang-1700.0.13.5),AES-128,ttable-4k,block,65536,4,1310000,262144,4.997253418,0.200109924,,ok
Darwin-arm64,Apple M2 Pro,clang-17.0.0 (clang-1700.0.13.5),AES-128,ttable-4k,block,65536,5,1336000,262144,5.096435547,0.196215569,,ok
Darwin-arm64,Apple M2 Pro,clang-17.0.0 (clang-1700.0.13.5),AES-128,ttable-4k,block,65536,6,1321000,262144,5.039215088,0.198443603,,ok
Darwin-arm64,Apple M2 Pro,clang-17.0.0 (clang-1700.0.13.5),AES-128,ttable-4k,block,65536,7,1290000,262144,4.920959473,0.203212403,,ok
Darwin-arm64,Apple M2 Pro,clang-17.0.0 (clang-1700.0.13.5),AES-128,ttable-4k,block,65536,8,1286000,262144,4.905700684,0.203844479,,ok
Darwin-arm64,Apple M2 Pro,clang-17.0.0 (clang-1700.0.13.5),AES-128,ttable-4k,block,65536,9,1307000,262144,4.985809326,0.200569243,,ok
Darwin-arm64,Apple M2 Pro,clang-17.0.0 (clang-1700.0.13.5),AES-128,ttable-4k,block,65536,10,1306000,262144,4.981994629,0.200722818,,ok
Darwin-arm64,Apple M2 Pro,clang-17.0.0 (clang-1700.0.13.5),AES-128,ttable-4k,block,65536,11,1286000,262144,4.905700684,0.203844479,,ok
Darwin-arm64,Apple M2 Pro,clang-17.0.0 (clang-1700.0.13.5),AES-128,ttable-4k,block,65536,12,1288000,262144,4.913330078,0.203527950,,ok
Darwin-arm64,Apple M2 Pro,clang-17.0.0 (clang-1700.0.13.5),AES-128,ttable-4k,block,65536,13,1315000,262144,5.016326904,0.199349049,,ok
Darwin-arm64,Apple M2 Pro,clang-17.0.0 (clang-1700.0.13.5),AES-128,ttable-4k,block,65536,14,1350000,262144,5.149841309,0.194180741,,ok
Darwin-arm64,Apple M2 Pro,clang-17.0.0 (clang-1700.0.13.5),AES-128,ttable-4k,block,65536,15,1301000,262144,4.962921143,0.201494235,,ok
Darwin-arm64,Apple M2 Pro,clang-17.0.0 (clang-1700.0.13.5),AES-128,ttable-4k,block,1048576,1,5423000,1048576,5.171775818,0.193357182,,ok
Darwin-arm64,Apple M2 Pro,clang-17.0.0 (clang-1700.0.13.5),AES-128,ttable-4k,block,1048576,2,5269000,1048576,5.024909973,0.199008541,,ok
Darwin-arm64,Apple M2 Pro,clang-17.0.0 (clang-1700.0.13.5),AES-128,ttable-4k,block,1048576,3,5267000,1048576,5.023002625,0.199084109,,ok
Darwin-arm64,Apple M2 Pro,clang-17.0.0 (clang-1700.0.13.5),AES-128,ttable-4k,block,1048576,4,5341000,1048576,5.093574524,0.196325782,,ok
Darwin-arm64,Apple M2 Pro,clang-17.0.0 (clang-1700.0.13.5),AES-128,ttable-4k,block,1048576,5,5284000,1048576,5.039215088,0.198443603,,ok
Darwin-arm64,Apple M2 Pro,clang-17.0.0 (clang-1700.0.13.5),AES-128,ttable-4k,block,1048576,6,5176000,1048576,4.936218262,0.202584235,,ok
Darwin-arm64,Apple M2 Pro,clang-17.0.0 (clang-1700.0.13.5),AES-128,ttable-4k,block,1048576,7,5326000,1048576,5.079269409,0.196878708,,ok
Darwin-arm64,Apple M2 Pro,clang-17.0.0 (clang-1700.0.13.5),AES-128,ttable-4k,block,1048576,8,5244000,1048576,5.001068115,0.199957285,,ok
Darwin-arm64,Apple M2 Pro,clang-17.0.0 (clang-1700.0.13.5),AES-128,ttable-4k,block,1048576,9,5229000,1048576,4.986763000,0.200530885,,ok
Darwin-arm64,Apple M2 Pro,clang-17.0.0 (clang-1700.0.13.5),AES-128,ttable-4k,block,1048576,10,5385000,1048576,5.135536194,0.194721634,,ok
Darwin-arm64,Apple M2 Pro,clang-17.0.0 (clang-1700.0.13.5),AES-128,ttable-4k,block,1048576,11,5299000,1048576,5.053520203,0.197881865,,ok
Darwin-arm64,Apple M2 Pro,clang-17.0.0 (clang-1700.0.13.5),AES-128,ttable-4k,block,1048576,12,5221000,1048576,4.979133606,0.200838154,,ok
Darwin-arm64,Apple M2 Pro,clang-17.0.0 (clang-1700.0.13.5),AES-128,ttable-4k,block,1048576,13,5222000,1048576,4.980087280,0.200799694,,ok
Darwin-arm64,Apple M2 Pro,clang-17.0.0 (clang-1700.0.13.5),AES-128,ttable-4k,block,1048576,14,5418000,1048576,5.167007446,0.193535622,,ok
Darwin-arm64,Apple M2 Pro,clang-17.0.0 (clang-1700.0.13.5),AES-128,ttable-4k,block,1048576,15,5174000,1048576,4.934310913,0.202662543,,ok
Darwin-arm64,Apple M2 Pro,clang-17.0.0 (clang-1700.0.13.5),AES-128,aes-hw,block,64,1,65000,262144,0.247955322,4.032984615,,ok
Darwin-arm64,Apple M2 Pro,clang-17.0.0 (clang-1700.0.13.5),AES-128,aes-hw,block,64,2,65000,262144,0.247955322,4.032984615,,ok
Darwin-arm64,Apple M2 Pro,clang-17.0.0 (clang-1700.0.13.5),AES-128,aes-hw,block,64,3,65000,262144,0.247955322,4.032984615,,ok
Darwin-arm64,Apple M2 Pro,clang-17.0.0 (clang-1700.0.13.5),AES-128,aes-hw,block,64,4,65000,262144,0.247955322,4.032984615,,ok
Darwin-arm64,Apple M2 Pro,clang-17.0.0 (clang-1700.0.13.5),AES-128,aes-hw,block,64,5,65000,262144,0.247955322,4.032984615,,ok
Darwin-arm64,Apple M2 Pro,clang-17.0.0 (clang-1700.0.13.5),AES-128,aes-hw,block,64,6,65000,262144,0.247955322,4.032984615,,ok
Darwin-arm64,Apple M2 Pro,clang-17.0.0 (clang-1700.0.13.5),AES-128,aes-hw,block,64,7,65000,262144,0.247955322,4.032984615,,ok
Darwin-arm64,Apple M2 Pro,clang-17.0.0 (clang-1700.0.13.5),AES-128,aes-hw,block,64,8,65000,262144,0.247955322,4.032984615,,ok
Darwin-arm64,Apple M2 Pro,clang-17.0.0 (clang-1700.0.13.5),AES-128,aes-hw,block,64,9,65000,262144,0.247955322,4.032984615,,ok
Darwin-arm64,Apple M2 Pro,clang-17.0.0 (clang-1700.0.13.5),AES-128,aes-hw,block,64,10,65000,262144,0.247955322,4.032984615,,ok
Darwin-arm64,Apple M2 Pro,clang-17.0.0 (clang-1700.0.13.5),AES-128,aes-hw,block,64,11,65000,262144,0.247955322,4.032984615,,ok
Darwin-arm64,Apple M2 Pro,clang-17.0.0 (clang-1700.0.13.5),AES-128,aes-hw,block,64,12,65000,262144,0.247955322,4.032984615,,ok
Darwin-arm64,Apple M2 Pro,clang-17.0.0 (clang-1700.0.13.5),AES-128,aes-hw,block,64,13,65000,262144,0.247955322,4.032984615,,ok
Darwin-arm64,Apple M2 Pro,clang-17.0.0 (clang-1700.0.13.5),AES-128,aes-hw,block,64,14,65000,262144,0.247955322,4.032984615,,ok
Darwin-arm64,Apple M2 Pro,clang-17.0.0 (clang-1700.0.13.5),AES-128,aes-hw,block,64,15,65000,262144,0.247955322,4.032984615,,ok
Darwin-arm64,Apple M2 Pro,clang-17.0.0 (clang-1700.0.13.5),AES-128,aes-hw,block,512,1,34000,262144,0.129699707,7.710117647,,ok
Darwin-arm64,Apple M2 Pro,clang-17.0.0 (clang-1700.0.13.5),AES-128,aes-hw,block,512,2,34000,262144,0.129699707,7.710117647,,ok
Darwin-arm64,Apple M2 Pro,clang-17.0.0 (clang-1700.0.13.5),AES-128,aes-hw,block,512,3,33000,262144,0.125885010,7.943757576,,ok
Darwin-arm64,Apple M2 Pro,clang-17.0.0 (clang-1700.0.13.5),AES-128,aes-hw,block,512,4,34000,262144,0.129699707,7.710117647,,ok
Darwin-arm64,Apple M2 Pro,clang-17.0.0 (clang-1700.0.13.5),AES-128,aes-hw,block,512,5,34000,262144,0.129699707,7.710117647,,ok
Darwin-arm64,Apple M2 Pro,clang-17.0.0 (clang-1700.0.13.5),AES-128,aes-hw,block,512,6,34000,262144,0.129699707,7.710117647,,ok
Darwin-arm64,Apple M2 Pro,clang-17.0.0 (clang-1700.0.13.5),AES-128,aes-hw,block,512,7,33000,262144,0.125885010,7.943757576,,ok
Darwin-arm64,Apple M2 Pro,clang-17.0.0 (clang-1700.0.13.5),AES-128,aes-hw,block,512,8,34000,262144,0.129699707,7.710117647,,ok
Darwin-arm64,Apple M2 Pro,clang-17.0.0 (clang-1700.0.13.5),AES-128,aes-hw,block,512,9,33000,262144,0.125885010,7.943757576,,ok
Darwin-arm64,Apple M2 Pro,clang-17.0.0 (clang-1700.0.13.5),AES-128,aes-hw,block,512,10,34000,262144,0.129699707,7.710117647,,ok
Darwin-arm64,Apple M2 Pro,clang-17.0.0 (clang-1700.0.13.5),AES-128,aes-hw,block,512,11,33000,262144,0.125885010,7.943757576,,ok
Darwin-arm64,Apple M2 Pro,clang-17.0.0 (clang-1700.0.13.5),AES-128,aes-hw,block,512,12,43000,262144,0.164031982,6.096372093,,ok
Darwin-arm64,Apple M2 Pro,clang-17.0.0 (clang-1700.0.13.5),AES-128,aes-hw,block,512,13,33000,262144,0.125885010,7.943757576,,ok
Darwin-arm64,Apple M2 Pro,clang-17.0.0 (clang-1700.0.13.5),AES-128,aes-hw,block,512,14,33000,262144,0.125885010,7.943757576,,ok
Darwin-arm64,Apple M2 Pro,clang-17.0.0 (clang-1700.0.13.5),AES-128,aes-hw,block,512,15,33000,262144,0.125885010,7.943757576,,ok
Darwin-arm64,Apple M2 Pro,clang-17.0.0 (clang-1700.0.13.5),AES-128,aes-hw,block,4096,1,30000,262144,0.114440918,8.738133333,,ok
Darwin-arm64,Apple M2 Pro,clang-17.0.0 (clang-1700.0.13.5),AES-128,aes-hw,block,4096,2,30000,262144,0.114440918,8.738133333,,ok
Darwin-arm64,Apple M2 Pro,clang-17.0.0 (clang-1700.0.13.5),AES-128,aes-hw,block,4096,3,30000,262144,0.114440918,8.738133333,,ok
Darwin-arm64,Apple M2 Pro,clang-17.0.0 (clang-1700.0.13.5),AES-128,aes-hw,block,4096,4,30000,262144,0.114440918,8.738133333,,ok
Darwin-arm64,Apple M2 Pro,clang-17.0.0 (clang-1700.0.13.5),AES-128,aes-hw,block,4096,5,31000,262144,0.118255615,8.456258065,,ok
Darwin-arm64,Apple M2 Pro,clang-17.0.0 (clang-1700.0.13.5),AES-128,aes-hw,block,4096,6,30000,262144,0.114440918,8.738133333,,ok
Darwin-arm64,Apple M2 Pro,clang-17.0.0 (clang-1700.0.13.5),AES-128,aes-hw,block,4096,7,30000,262144,0.114440918,8.738133333,,ok
Darwin-arm64,Apple M2 Pro,clang-17.0.0 (clang-1700.0.13.5),AES-128,aes-hw,block,4096,8,30000,262144,0.114440918,8.738133333,,ok
Darwin-arm64,Apple M2 Pro,clang-17.0.0 (clang-1700.0.13.5),AES-128,aes-hw,block,4096,9,30000,262144,0.114440918,8.738133333,,ok
Darwin-arm64,Apple M2 Pro,clang-17.0.0 (clang-1700.0.13.5),AES-128,aes-hw,block,4096,10,30000,262144,0.114440918,8.738133333,,ok
Darwin-arm64,Apple M2 Pro,clang-17.0.0 (clang-1700.0.13.5),AES-128,aes-hw,block,4096,11,31000,262144,0.118255615,8.456258065,,ok
Darwin-arm64,Apple M2 Pro,clang-17.0.0 (clang-1700.0.13.5),AES-128,aes-hw,block,4096,12,30000,262144,0.114440918,8.738133333,,ok
Darwin-arm64,Apple M2 Pro,clang-17.0.0 (clang-1700.0.13.5),AES-128,aes-hw,block,4096,13,30000,262144,0.114440918,8.738133333,,ok
Darwin-arm64,Apple M2 Pro,clang-17.0.0 (clang-1700.0.13.5),AES-128,aes-hw,block,4096,14,30000,262144,0.114440918,8.738133333,,ok
Darwin-arm64,Apple M2 Pro,clang-17.0.0 (clang-1700.0.13.5),AES-128,aes-hw,block,4096,15,31000,262144,0.118255615,8.456258065,,ok
Darwin-arm64,Apple M2 Pro,clang-17.0.0 (clang-1700.0.13.5),AES-128,aes-hw,block,8192,1,44000,262144,0.167846680,5.957818182,,ok
Darwin-arm64,Apple M2 Pro,clang-17.0.0 (clang-1700.0.13.5),AES-128,aes-hw,block,8192,2,29000,262144,0.110626221,9.039448276,,ok
Darwin-arm64,Apple M2 Pro,clang-17.0.0 (clang-1700.0.13.5),AES-128,aes-hw,block,8192,3,30000,262144,0.114440918,8.738133333,,ok
Darwin-arm64,Apple M2 Pro,clang-17.0.0 (clang-1700.0.13.5),AES-128,aes-hw,block,8192,4,30000,262144,0.114440918,8.738133333,,ok
Darwin-arm64,Apple M2 Pro,clang-17.0.0 (clang-1700.0.13.5),AES-128,aes-hw,block,8192,5,37000,262144,0.141143799,7.084972973,,ok
Darwin-arm64,Apple M2 Pro,clang-17.0.0 (clang-1700.0.13.5),AES-128,aes-hw,block,8192,6,29000,262144,0.110626221,9.039448276,,ok
Darwin-arm64,Apple M2 Pro,clang-17.0.0 (clang-1700.0.13.5),AES-128,aes-hw,block,8192,7,30000,262144,0.114440918,8.738133333,,ok
Darwin-arm64,Apple M2 Pro,clang-17.0.0 (clang-1700.0.13.5),AES-128,aes-hw,block,8192,8,35000,262144,0.133514404,7.489828571,,ok
Darwin-arm64,Apple M2 Pro,clang-17.0.0 (clang-1700.0.13.5),AES-128,aes-hw,block,8192,9,30000,262144,0.114440918,8.738133333,,ok
Darwin-arm64,Apple M2 Pro,clang-17.0.0 (clang-1700.0.13.5),AES-128,aes-hw,block,8192,10,32000,262144,0.122070312,8.192000000,,ok
Darwin-arm64,Apple M2 Pro,clang-17.0.0 (clang-1700.0.13.5),AES-128,aes-hw,block,8192,11,36000,262144,0.137329102,7.281777778,,ok
Darwin-arm64,Apple M2 Pro,clang-17.0.0 (clang-1700.0.13.5),AES-128,aes-hw,block,8192,12,33000,262144,0.125885010,7.943757576,,ok
Darwin-arm64,Apple M2 Pro,clang-17.0.0 (clang-1700.0.13.5),AES-128,aes-hw,block,8192,13,30000,262144,0.114440918,8.738133333,,ok
Darwin-arm64,Apple M2 Pro,clang-17.0.0 (clang-1700.0.13.5),AES-128,aes-hw,block,8192,14,40000,262144,0.152587891,6.553600000,,ok
Darwin-arm64,Apple M2 Pro,clang-17.0.0 (clang-1700.0.13.5),AES-128,aes-hw,block,8192,15,32000,262144,0.122070312,8.192000000,,ok
Darwin-arm64,Apple M2 Pro,clang-17.0.0 (clang-1700.0.13.5),AES-128,aes-hw,block,65536,1,29000,262144,0.110626221,9.039448276,,ok
Darwin-arm64,Apple M2 Pro,clang-17.0.0 (clang-1700.0.13.5),AES-128,aes-hw,block,65536,2,34000,262144,0.129699707,7.710117647,,ok
Darwin-arm64,Apple M2 Pro,clang-17.0.0 (clang-1700.0.13.5),AES-128,aes-hw,block,65536,3,97000,262144,0.370025635,2.702515464,,ok
Darwin-arm64,Apple M2 Pro,clang-17.0.0 (clang-1700.0.13.5),AES-128,aes-hw,block,65536,4,54000,262144,0.205993652,4.854518519,,ok
Darwin-arm64,Apple M2 Pro,clang-17.0.0 (clang-1700.0.13.5),AES-128,aes-hw,block,65536,5,29000,262144,0.110626221,9.039448276,,ok
Darwin-arm64,Apple M2 Pro,clang-17.0.0 (clang-1700.0.13.5),AES-128,aes-hw,block,65536,6,29000,262144,0.110626221,9.039448276,,ok
Darwin-arm64,Apple M2 Pro,clang-17.0.0 (clang-1700.0.13.5),AES-128,aes-hw,block,65536,7,29000,262144,0.110626221,9.039448276,,ok
Darwin-arm64,Apple M2 Pro,clang-17.0.0 (clang-1700.0.13.5),AES-128,aes-hw,block,65536,8,29000,262144,0.110626221,9.039448276,,ok
Darwin-arm64,Apple M2 Pro,clang-17.0.0 (clang-1700.0.13.5),AES-128,aes-hw,block,65536,9,29000,262144,0.110626221,9.039448276,,ok
Darwin-arm64,Apple M2 Pro,clang-17.0.0 (clang-1700.0.13.5),AES-128,aes-hw,block,65536,10,29000,262144,0.110626221,9.039448276,,ok
Darwin-arm64,Apple M2 Pro,clang-17.0.0 (clang-1700.0.13.5),AES-128,aes-hw,block,65536,11,29000,262144,0.110626221,9.039448276,,ok
Darwin-arm64,Apple M2 Pro,clang-17.0.0 (clang-1700.0.13.5),AES-128,aes-hw,block,65536,12,30000,262144,0.114440918,8.738133333,,ok
Darwin-arm64,Apple M2 Pro,clang-17.0.0 (clang-1700.0.13.5),AES-128,aes-hw,block,65536,13,29000,262144,0.110626221,9.039448276,,ok
Darwin-arm64,Apple M2 Pro,clang-17.0.0 (clang-1700.0.13.5),AES-128,aes-hw,block,65536,14,29000,262144,0.110626221,9.039448276,,ok
Darwin-arm64,Apple M2 Pro,clang-17.0.0 (clang-1700.0.13.5),AES-128,aes-hw,block,65536,15,29000,262144,0.110626221,9.039448276,,ok
Darwin-arm64,Apple M2 Pro,clang-17.0.0 (clang-1700.0.13.5),AES-128,aes-hw,block,1048576,1,119000,1048576,0.113487244,8.811563025,,ok
Darwin-arm64,Apple M2 Pro,clang-17.0.0 (clang-1700.0.13.5),AES-128,aes-hw,block,1048576,2,116000,1048576,0.110626221,9.039448276,,ok
Darwin-arm64,Apple M2 Pro,clang-17.0.0 (clang-1700.0.13.5),AES-128,aes-hw,block,1048576,3,116000,1048576,0.110626221,9.039448276,,ok
Darwin-arm64,Apple M2 Pro,clang-17.0.0 (clang-1700.0.13.5),AES-128,aes-hw,block,1048576,4,127000,1048576,0.121116638,8.256503937,,ok
Darwin-arm64,Apple M2 Pro,clang-17.0.0 (clang-1700.0.13.5),AES-128,aes-hw,block,1048576,5,119000,1048576,0.113487244,8.811563025,,ok
Darwin-arm64,Apple M2 Pro,clang-17.0.0 (clang-1700.0.13.5),AES-128,aes-hw,block,1048576,6,116000,1048576,0.110626221,9.039448276,,ok
Darwin-arm64,Apple M2 Pro,clang-17.0.0 (clang-1700.0.13.5),AES-128,aes-hw,block,1048576,7,116000,1048576,0.110626221,9.039448276,,ok
Darwin-arm64,Apple M2 Pro,clang-17.0.0 (clang-1700.0.13.5),AES-128,aes-hw,block,1048576,8,120000,1048576,0.114440918,8.738133333,,ok
Darwin-arm64,Apple M2 Pro,clang-17.0.0 (clang-1700.0.13.5),AES-128,aes-hw,block,1048576,9,117000,1048576,0.111579895,8.962188034,,ok
Darwin-arm64,Apple M2 Pro,clang-17.0.0 (clang-1700.0.13.5),AES-128,aes-hw,block,1048576,10,117000,1048576,0.111579895,8.962188034,,ok
Darwin-arm64,Apple M2 Pro,clang-17.0.0 (clang-1700.0.13.5),AES-128,aes-hw,block,1048576,11,125000,1048576,0.119209290,8.388608000,,ok
Darwin-arm64,Apple M2 Pro,clang-17.0.0 (clang-1700.0.13.5),AES-128,aes-hw,block,1048576,12,116000,1048576,0.110626221,9.039448276,,ok
Darwin-arm64,Apple M2 Pro,clang-17.0.0 (clang-1700.0.13.5),AES-128,aes-hw,block,1048576,13,131000,1048576,0.124931335,8.004396947,,ok
Darwin-arm64,Apple M2 Pro,clang-17.0.0 (clang-1700.0.13.5),AES-128,aes-hw,block,1048576,14,125000,1048576,0.119209290,8.388608000,,ok
Darwin-arm64,Apple M2 Pro,clang-17.0.0 (clang-1700.0.13.5),AES-128,aes-hw,block,1048576,15,135000,1048576,0.128746033,7.767229630,,ok
Darwin-arm64,Apple M2 Pro,clang-17.0.0 (clang-1700.0.13.5),AES-128,aes-hw,block-dec,64,1,68000,262144,0.259399414,3.855058824,,ok
Darwin-arm64,Apple M2 Pro,clang-17.0.0 (clang-1700.0.13.5),AES-128,aes-hw,block-dec,64,2,69000,262144,0.263214111,3.799188406,,ok
Darwin-arm64,Apple M2 Pro,clang-17.0.0 (clang-1700.0.13.5),AES-128,aes-hw,block-dec,64,3,68000,262144,0.259399414,3.855058824,,ok
Darwin-arm64,Apple M2 Pro,clang-17.0.0 (clang-1700.0.13.5),AES-128,aes-hw,block-dec,64,4,68000,262144,0.259399414,3.855058824,,ok
Darwin-arm64,Apple M2 Pro,clang-17.0.0 (clang-1700.0.13.5),AES-128,aes-hw,block-dec,64,5,69000,262144,0.263214111,3.799188406,,ok
Darwin-arm64,Apple M2 Pro,clang-17.0.0 (clang-1700.0.13.5),AES-128,aes-hw,block-dec,64,6,72000,262144,0.274658203,3.640888889,,ok
Darwin-arm64,Apple M2 Pro,clang-17.0.0 (clang-1700.0.13.5),AES-128,aes-hw,block-dec,64,7,82000,262144,0.312805176,3.196878049,,ok
Darwin-arm64,Apple M2 Pro,clang-17.0.0 (clang-1700.0.13.5),AES-128,aes-hw,block-dec,64,8,78000,262144,0.297546387,3.360820513,,ok
Darwin-arm64,Apple M2 Pro,clang-17.0.0 (clang-1700.0.13.5),AES-128,aes-hw,block-dec,64,9,72000,262144,0.274658203,3.640888889,,ok
Darwin-arm64,Apple M2 Pro,clang-17.0.0 (clang-1700.0.13.5),AES-128,aes-hw,block-dec,64,10,68000,262144,0.259399414,3.855058824,,ok
Darwin-arm64,Apple M2 Pro,clang-17.0.0 (clang-1700.0.13.5),AES-128,aes-hw,block-dec,64,11,78000,262144,0.297546387,3.360820513,,ok
Darwin-arm64,Apple M2 Pro,clang-17.0.0 (clang-1700.0.13.5),AES-128,aes-hw,block-dec,64,12,77000,262144,0.293731689,3.404467532,,ok
Darwin-arm64,Apple M2 Pro,clang-17.0.0 (clang-1700.0.13.5),AES-128,aes-hw,block-dec,64,13,74000,262144,0.282287598,3.542486486,,ok
Darwin-arm64,Apple M2 Pro,clang-17.0.0 (clang-1700.0.13.5),AES-128,aes-hw,block-dec,64,14,68000,262144,0.259399414,3.855058824,,ok
Darwin-arm64,Apple M2 Pro,clang-17.0.0 (clang-1700.0.13.5),AES-128,aes-hw,block-dec,64,15,72000,262144,0.274658203,3.640888889,,ok
Darwin-arm64,Apple M2 Pro,clang-17.0.0 (clang-1700.0.13.5),AES-128,aes-hw,block-dec,512,1,40000,262144,0.152587891,6.553600000,,ok
Darwin-arm64,Apple M2 Pro,clang-17.0.0 (clang-1700.0.13.5),AES-128,aes-hw,block-dec,512,2,37000,262144,0.141143799,7.084972973,,ok
Darwin-arm64,Apple M2 Pro,clang-17.0.0 (clang-1700.0.13.5),AES-128,aes-hw,block-dec,512,3,36000,262144,0.137329102,7.281777778,,ok
Darwin-arm64,Apple M2 Pro,clang-17.0.0 (clang-1700.0.13.5),AES-128,aes-hw,block-dec,512,4,36000,262144,0.137329102,7.281777778,,ok
Darwin-arm64,Apple M2 Pro,clang-17.0.0 (clang-1700.0.13.5),AES-128,aes-hw,block-dec,512,5,36000,262144,0.137329102,7.281777778,,ok
Darwin-arm64,Apple M2 Pro,clang-17.0.0 (clang-1700.0.13.5),AES-128,aes-hw,block-dec,512,6,37000,262144,0.141143799,7.084972973,,ok
Darwin-arm64,Apple M2 Pro,clang-17.0.0 (clang-1700.0.13.5),AES-128,aes-hw,block-dec,512,7,41000,262144,0.156402588,6.393756098,,ok
Darwin-arm64,Apple M2 Pro,clang-17.0.0 (clang-1700.0.13.5),AES-128,aes-hw,block-dec,512,8,36000,262144,0.137329102,7.281777778,,ok
Darwin-arm64,Apple M2 Pro,clang-17.0.0 (clang-1700.0.13.5),AES-128,aes-hw,block-dec,512,9,36000,262144,0.137329102,7.281777778,,ok
Darwin-arm64,Apple M2 Pro,clang-17.0.0 (clang-1700.0.13.5),AES-128,aes-hw,block-dec,512,10,37000,262144,0.141143799,7.084972973,,ok
Darwin-arm64,Apple M2 Pro,clang-17.0.0 (clang-1700.0.13.5),AES-128,aes-hw,block-dec,512,11,37000,262144,0.141143799,7.084972973,,ok
Darwin-arm64,Apple M2 Pro,clang-17.0.0 (clang-1700.0.13.5),AES-128,aes-hw,block-dec,512,12,36000,262144,0.137329102,7.281777778,,ok
Darwin-arm64,Apple M2 Pro,clang-17.0.0 (clang-1700.0.13.5),AES-128,aes-hw,block-dec,512,13,36000,262144,0.137329102,7.281777778,,ok
Darwin-arm64,Apple M2 Pro,clang-17.0.0 (clang-1700.0.13.5),AES-128,aes-hw,block-dec,512,14,37000,262144,0.141143799,7.084972973,,ok
Darwin-arm64,Apple M2 Pro,clang-17.0.0 (clang-1700.0.13.5),AES-128,aes-hw,block-dec,512,15,37000,262144,0.141143799,7.084972973,,ok
Darwin-arm64,Apple M2 Pro,clang-17.0.0 (clang-1700.0.13.5),AES-128,aes-hw,block-dec,4096,1,42000,262144,0.160217285,6.241523810,,ok
Darwin-arm64,Apple M2 Pro,clang-17.0.0 (clang-1700.0.13.5),AES-128,aes-hw,block-dec,4096,2,33000,262144,0.125885010,7.943757576,,ok
Darwin-arm64,Apple M2 Pro,clang-17.0.0 (clang-1700.0.13.5),AES-128,aes-hw,block-dec,4096,3,33000,262144,0.125885010,7.943757576,,ok
Darwin-arm64,Apple M2 Pro,clang-17.0.0 (clang-1700.0.13.5),AES-128,aes-hw,block-dec,4096,4,33000,262144,0.125885010,7.943757576,,ok
Darwin-arm64,Apple M2 Pro,clang-17.0.0 (clang-1700.0.13.5),AES-128,aes-hw,block-dec,4096,5,33000,262144,0.125885010,7.943757576,,ok
Darwin-arm64,Apple M2 Pro,clang-17.0.0 (clang-1700.0.13.5),AES-128,aes-hw,block-dec,4096,6,33000,262144,0.125885010,7.943757576,,ok
Darwin-arm64,Apple M2 Pro,clang-17.0.0 (clang-1700.0.13.5),AES-128,aes-hw,block-dec,4096,7,33000,262144,0.125885010,7.943757576,,ok
Darwin-arm64,Apple M2 Pro,clang-17.0.0 (clang-1700.0.13.5),AES-128,aes-hw,block-dec,4096,8,34000,262144,0.129699707,7.710117647,,ok
Darwin-arm64,Apple M2 Pro,clang-17.0.0 (clang-1700.0.13.5),AES-128,aes-hw,block-dec,4096,9,33000,262144,0.125885010,7.943757576,,ok
Darwin-arm64,Apple M2 Pro,clang-17.0.0 (clang-1700.0.13.5),AES-128,aes-hw,block-dec,4096,10,33000,262144,0.125885010,7.943757576,,ok
Darwin-arm64,Apple M2 Pro,clang-17.0.0 (clang-1700.0.13.5),AES-128,aes-hw,block-dec,4096,11,33000,262144,0.125885010,7.943757576,,ok
Darwin-arm64,Apple M2 Pro,clang-17.0.0 (clang-1700.0.13.5),AES-128,aes-hw,block-dec,4096,12,33000,262144,0.125885010,7.943757576,,ok
Darwin-arm64,Apple M2 Pro,clang-17.0.0 (clang-1700.0.13.5),AES-128,aes-hw,block-dec,4096,13,33000,262144,0.125885010,7.943757576,,ok
Darwin-arm64,Apple M2 Pro,clang-17.0.0 (clang-1700.0.13.5),AES-128,aes-hw,block-dec,4096,14,36000,262144,0.137329102,7.281777778,,ok
Darwin-arm64,Apple M2 Pro,clang-17.0.0 (clang-1700.0.13.5),AES-128,aes-hw,block-dec,4096,15,33000,262144,0.125885010,7.943757576,,ok
Darwin-arm64,Apple M2 Pro,clang-17.0.0 (clang-1700.0.13.5),AES-128,aes-hw,block-dec,8192,1,33000,262144,0.125885010,7.943757576,,ok
Darwin-arm64,Apple M2 Pro,clang-17.0.0 (clang-1700.0.13.5),AES-128,aes-hw,block-dec,8192,2,32000,262144,0.122070312,8.192000000,,ok
Darwin-arm64,Apple M2 Pro,clang-17.0.0 (clang-1700.0.13.5),AES-128,aes-hw,block-dec,8192,3,33000,262144,0.125885010,7.943757576,,ok
Darwin-arm64,Apple M2 Pro,clang-17.0.0 (clang-1700.0.13.5),AES-128,aes-hw,block-dec,8192,4,33000,262144,0.125885010,7.943757576,,ok
Darwin-arm64,Apple M2 Pro,clang-17.0.0 (clang-1700.0.13.5),AES-128,aes-hw,block-dec,8192,5,32000,262144,0.122070312,8.192000000,,ok
Darwin-arm64,Apple M2 Pro,clang-17.0.0 (clang-1700.0.13.5),AES-128,aes-hw,block-dec,8192,6,32000,262144,0.122070312,8.192000000,,ok
Darwin-arm64,Apple M2 Pro,clang-17.0.0 (clang-1700.0.13.5),AES-128,aes-hw,block-dec,8192,7,33000,262144,0.125885010,7.943757576,,ok
Darwin-arm64,Apple M2 Pro,clang-17.0.0 (clang-1700.0.13.5),AES-128,aes-hw,block-dec,8192,8,33000,262144,0.125885010,7.943757576,,ok
Darwin-arm64,Apple M2 Pro,clang-17.0.0 (clang-1700.0.13.5),AES-128,aes-hw,block-dec,8192,9,32000,262144,0.122070312,8.192000000,,ok
Darwin-arm64,Apple M2 Pro,clang-17.0.0 (clang-1700.0.13.5),AES-128,aes-hw,block-dec,8192,10,33000,262144,0.125885010,7.943757576,,ok
Darwin-arm64,Apple M2 Pro,clang-17.0.0 (clang-1700.0.13.5),AES-128,aes-hw,block-dec,8192,11,32000,262144,0.122070312,8.192000000,,ok
Darwin-arm64,Apple M2 Pro,clang-17.0.0 (clang-1700.0.13.5),AES-128,aes-hw,block-dec,8192,12,33000,262144,0.125885010,7.943757576,,ok
Darwin-arm64,Apple M2 Pro,clang-17.0.0 (clang-1700.0.13.5),AES-128,aes-hw,block-dec,8192,13,32000,262144,0.122070312,8.192000000,,ok
Darwin-arm64,Apple M2 Pro,clang-17.0.0 (clang-1700.0.13.5),AES-128,aes-hw,block-dec,8192,14,33000,262144,0.125885010,7.943757576,,ok
Darwin-arm64,Apple M2 Pro,clang-17.0.0 (clang-1700.0.13.5),AES-128,aes-hw,block-dec,8192,15,32000,262144,0.122070312,8.192000000,,ok
Darwin-arm64,Apple M2 Pro,clang-17.0.0 (clang-1700.0.13.5),AES-128,aes-hw,block-dec,65536,1,32000,262144,0.122070312,8.192000000,,ok
Darwin-arm64,Apple M2 Pro,clang-17.0.0 (clang-1700.0.13.5),AES-128,aes-hw,block-dec,65536,2,32000,262144,0.122070312,8.192000000,,ok
Darwin-arm64,Apple M2 Pro,clang-17.0.0 (clang-1700.0.13.5),AES-128,aes-hw,block-dec,65536,3,33000,262144,0.125885010,7.943757576,,ok
Darwin-arm64,Apple M2 Pro,clang-17.0.0 (clang-1700.0.13.5),AES-128,aes-hw,block-dec,65536,4,33000,262144,0.125885010,7.943757576,,ok
Darwin-arm64,Apple M2 Pro,clang-17.0.0 (clang-1700.0.13.5),AES-128,aes-hw,block-dec,65536,5,33000,262144,0.125885010,7.943757576,,ok
Darwin-arm64,Apple M2 Pro,clang-17.0.0 (clang-1700.0.13.5),AES-128,aes-hw,block-dec,65536,6,33000,262144,0.125885010,7.943757576,,ok
Darwin-arm64,Apple M2 Pro,clang-17.0.0 (clang-1700.0.13.5),AES-128,aes-hw,block-dec,65536,7,33000,262144,0.125885010,7.943757576,,ok
Darwin-arm64,Apple M2 Pro,clang-17.0.0 (clang-1700.0.13.5),AES-128,aes-hw,block-dec,65536,8,33000,262144,0.125885010,7.943757576,,ok
Darwin-arm64,Apple M2 Pro,clang-17.0.0 (clang-1700.0.13.5),AES-128,aes-hw,block-dec,65536,9,33000,262144,0.125885010,7.943757576,,ok
Darwin-arm64,Apple M2 Pro,clang-17.0.0 (clang-1700.0.13.5),AES-128,aes-hw,block-dec,65536,10,33000,262144,0.125885010,7.943757576,,ok
Darwin-arm64,Apple M2 Pro,clang-17.0.0 (clang-1700.0.13.5),AES-128,aes-hw,block-dec,65536,11,33000,262144,0.125885010,7.943757576,,ok
Darwin-arm64,Apple M2 Pro,clang-17.0.0 (clang-1700.0.13.5),AES-128,aes-hw,block-dec,65536,12,32000,262144,0.122070312,8.192000000,,ok
Darwin-arm64,Apple M2 Pro,clang-17.0.0 (clang-1700.0.13.5),AES-128,aes-hw,block-dec,65536,13,33000,262144,0.125885010,7.943757576,,ok
Darwin-arm64,Apple M2 Pro,clang-17.0.0 (clang-1700.0.13.5),AES-128,aes-hw,block-dec,65536,14,32000,262144,0.122070312,8.192000000,,ok
Darwin-arm64,Apple M2 Pro,clang-17.0.0 (clang-1700.0.13.5),AES-128,aes-hw,block-dec,65536,15,33000,262144,0.125885010,7.943757576,,ok
Darwin-arm64,Apple M2 Pro,clang-17.0.0 (clang-1700.0.13.5),AES-128,aes-hw,block-dec,1048576,1,128000,1048576,0.122070312,8.192000000,,ok
Darwin-arm64,Apple M2 Pro,clang-17.0.0 (clang-1700.0.13.5),AES-128,aes-hw,block-dec,1048576,2,132000,1048576,0.125885010,7.943757576,,ok
Darwin-arm64,Apple M2 Pro,clang-17.0.0 (clang-1700.0.13.5),AES-128,aes-hw,block-dec,1048576,3,129000,1048576,0.123023987,8.128496124,,ok
Darwin-arm64,Apple M2 Pro,clang-17.0.0 (clang-1700.0.13.5),AES-128,aes-hw,block-dec,1048576,4,128000,1048576,0.122070312,8.192000000,,ok
Darwin-arm64,Apple M2 Pro,clang-17.0.0 (clang-1700.0.13.5),AES-128,aes-hw,block-dec,1048576,5,129000,1048576,0.123023987,8.128496124,,ok
Darwin-arm64,Apple M2 Pro,clang-17.0.0 (clang-1700.0.13.5),AES-128,aes-hw,block-dec,1048576,6,129000,1048576,0.123023987,8.128496124,,ok
Darwin-arm64,Apple M2 Pro,clang-17.0.0 (clang-1700.0.13.5),AES-128,aes-hw,block-dec,1048576,7,129000,1048576,0.123023987,8.128496124,,ok
Darwin-arm64,Apple M2 Pro,clang-17.0.0 (clang-1700.0.13.5),AES-128,aes-hw,block-dec,1048576,8,132000,1048576,0.125885010,7.943757576,,ok
Darwin-arm64,Apple M2 Pro,clang-17.0.0 (clang-1700.0.13.5),AES-128,aes-hw,block-dec,1048576,9,128000,1048576,0.122070312,8.192000000,,ok
Darwin-arm64,Apple M2 Pro,clang-17.0.0 (clang-1700.0.13.5),AES-128,aes-hw,block-dec,1048576,10,129000,1048576,0.123023987,8.128496124,,ok
Darwin-arm64,Apple M2 Pro,clang-17.0.0 (clang-1700.0.13.5),AES-128,aes-hw,block-dec,1048576,11,132000,1048576,0.125885010,7.943757576,,ok
Darwin-arm64,Apple M2 Pro,clang-17.0.0 (clang-1700.0.13.5),AES-128,aes-hw,block-dec,1048576,12,129000,1048576,0.123023987,8.128496124,,ok
Darwin-arm64,Apple M2 Pro,clang-17.0.0 (clang-1700.0.13.5),AES-128,aes-hw,block-dec,1048576,13,129000,1048576,0.123023987,8.128496124,,ok
Darwin-arm64,Apple M2 Pro,clang-17.0.0 (clang-1700.0.13.5),AES-128,aes-hw,block-dec,1048576,14,128000,1048576,0.122070312,8.192000000,,ok
Darwin-arm64,Apple M2 Pro,clang-17.0.0 (clang-1700.0.13.5),AES-128,aes-hw,block-dec,1048576,15,132000,1048576,0.125885010,7.943757576,,ok
Darwin-arm64,Apple M2 Pro,clang-17.0.0 (clang-1700.0.13.5),SM4-128,ref,block,64,1,4088000,262144,15.594482422,0.064125245,,ok
Darwin-arm64,Apple M2 Pro,clang-17.0.0 (clang-1700.0.13.5),SM4-128,ref,block,64,2,3977000,262144,15.171051025,0.065915011,,ok
Darwin-arm64,Apple M2 Pro,clang-17.0.0 (clang-1700.0.13.5),SM4-128,ref,block,64,3,4142000,262144,15.800476074,0.063289232,,ok
Darwin-arm64,Apple M2 Pro,clang-17.0.0 (clang-1700.0.13.5),SM4-128,ref,block,64,4,4055000,262144,15.468597412,0.064647102,,ok
Darwin-arm64,Apple M2 Pro,clang-17.0.0 (clang-1700.0.13.5),SM4-128,ref,block,64,5,3968000,262144,15.136718750,0.066064516,,ok
Darwin-arm64,Apple M2 Pro,clang-17.0.0 (clang-1700.0.13.5),SM4-128,ref,block,64,6,3993000,262144,15.232086182,0.065650889,,ok
Darwin-arm64,Apple M2 Pro,clang-17.0.0 (clang-1700.0.13.5),SM4-128,ref,block,64,7,3959000,262144,15.102386475,0.066214701,,ok
Darwin-arm64,Apple M2 Pro,clang-17.0.0 (clang-1700.0.13.5),SM4-128,ref,block,64,8,4109000,262144,15.674591064,0.063797518,,ok
Darwin-arm64,Apple M2 Pro,clang-17.0.0 (clang-1700.0.13.5),SM4-128,ref,block,64,9,4023000,262144,15.346527100,0.065161322,,ok
Darwin-arm64,Apple M2 Pro,clang-17.0.0 (clang-1700.0.13.5),SM4-128,ref,block,64,10,3960000,262144,15.106201172,0.066197980,,ok
Darwin-arm64,Apple M2 Pro,clang-17.0.0 (clang-1700.0.13.5),SM4-128,ref,block,64,11,3977000,262144,15.171051025,0.065915011,,ok
Darwin-arm64,Apple M2 Pro,clang-17.0.0 (clang-1700.0.13.5),SM4-128,ref,block,64,12,3990000,262144,15.220642090,0.065700251,,ok
Darwin-arm64,Apple M2 Pro,clang-17.0.0 (clang-1700.0.13.5),SM4-128,ref,block,64,13,4047000,262144,15.438079834,0.064774895,,ok
Darwin-arm64,Apple M2 Pro,clang-17.0.0 (clang-1700.0.13.5),SM4-128,ref,block,64,14,3961000,262144,15.110015869,0.066181267,,ok
Darwin-arm64,Apple M2 Pro,clang-17.0.0 (clang-1700.0.13.5),SM4-128,ref,block,64,15,3956000,262144,15.090942383,0.066264914,,ok
Darwin-arm64,Apple M2 Pro,clang-17.0.0 (clang-1700.0.13.5),SM4-128,ref,block,512,1,3917000,262144,14.942169189,0.066924687,,ok
Darwin-arm64,Apple M2 Pro,clang-17.0.0 (clang-1700.0.13.5),SM4-128,ref,block,512,2,3939000,262144,15.026092529,0.066550901,,ok
Darwin-arm64,Apple M2 Pro,clang-17.0.0 (clang-1700.0.13.5),SM4-128,ref,block,512,3,3928000,262144,14.984130859,0.066737271,,ok
Darwin-arm64,Apple M2 Pro,clang-17.0.0 (clang-1700.0.13.5),SM4-128,ref,block,512,4,3947000,262144,15.056610107,0.066416012,,ok
Darwin-arm64,Apple M2 Pro,clang-17.0.0 (clang-1700.0.13.5),SM4-128,ref,block,512,5,3914000,262144,14.930725098,0.066975984,,ok
Darwin-arm64,Apple M2 Pro,clang-17.0.0 (clang-1700.0.13.5),SM4-128,ref,block,512,6,3985000,262144,15.201568604,0.065782685,,ok
Darwin-arm64,Apple M2 Pro,clang-17.0.0 (clang-1700.0.13.5),SM4-128,ref,block,512,7,3947000,262144,15.056610107,0.066416012,,ok
Darwin-arm64,Apple M2 Pro,clang-17.0.0 (clang-1700.0.13.5),SM4-128,ref,block,512,8,4021000,262144,15.338897705,0.065193733,,ok
Darwin-arm64,Apple M2 Pro,clang-17.0.0 (clang-1700.0.13.5),SM4-128,ref,block,512,9,3944000,262144,15.045166016,0.066466531,,ok
Darwin-arm64,Apple M2 Pro,clang-17.0.0 (clang-1700.0.13.5),SM4-128,ref,block,512,10,3933000,262144,15.003204346,0.066652428,,ok
Darwin-arm64,Apple M2 Pro,clang-17.0.0 (clang-1700.0.13.5),SM4-128,ref,block,512,11,3934000,262144,15.007019043,0.066635486,,ok
Darwin-arm64,Apple M2 Pro,clang-17.0.0 (clang-1700.0.13.5),SM4-128,ref,block,512,12,3928000,262144,14.984130859,0.066737271,,ok
Darwin-arm64,Apple M2 Pro,clang-17.0.0 (clang-1700.0.13.5),SM4-128,ref,block,512,13,3938000,262144,15.022277832,0.066567801,,ok
Darwin-arm64,Apple M2 Pro,clang-17.0.0 (clang-1700.0.13.5),SM4-128,ref,block,512,14,3914000,262144,14.930725098,0.066975984,,ok
Darwin-arm64,Apple M2 Pro,clang-17.0.0 (clang-1700.0.13.5),SM4-128,ref,block,512,15,4029000,262144,15.369415283,0.065064284,,ok
Darwin-arm64,Apple M2 Pro,clang-17.0.0 (clang-1700.0.13.5),SM4-128,ref,block,4096,1,4018000,262144,15.327453613,0.065242409,,ok
Darwin-arm64,Apple M2 Pro,clang-17.0.0 (clang-1700.0.13.5),SM4-128,ref,block,4096,2,3915000,262144,14.934539795,0.066958876,,ok
Darwin-arm64,Apple M2 Pro,clang-17.0.0 (clang-1700.0.13.5),SM4-128,ref,block,4096,3,3934000,262144,15.007019043,0.066635486,,ok
Darwin-arm64,Apple M2 Pro,clang-17.0.0 (clang-1700.0.13.5),SM4-128,ref,block,4096,4,3917000,262144,14.942169189,0.066924687,,ok
Darwin-arm64,Apple M2 Pro,clang-17.0.0 (clang-1700.0.13.5),SM4-128,ref,block,4096,5,3933000,262144,15.003204346,0.066652428,,ok
Darwin-arm64,Apple M2 Pro,clang-17.0.0 (clang-1700.0.13.5),SM4-128,ref,block,4096,6,3919000,262144,14.949798584,0.066890533,,ok
Darwin-arm64,Apple M2 Pro,clang-17.0.0 (clang-1700.0.13.5),SM4-128,ref,block,4096,7,3938000,262144,15.022277832,0.066567801,,ok
Darwin-arm64,Apple M2 Pro,clang-17.0.0 (clang-1700.0.13.5),SM4-128,ref,block,4096,8,3914000,262144,14.930725098,0.066975984,,ok
Darwin-arm64,Apple M2 Pro,clang-17.0.0 (clang-1700.0.13.5),SM4-128,ref,block,4096,9,3936000,262144,15.014648438,0.066601626,,ok
Darwin-arm64,Apple M2 Pro,clang-17.0.0 (clang-1700.0.13.5),SM4-128,ref,block,4096,10,3912000,262144,14.923095703,0.067010225,,ok
Darwin-arm64,Apple M2 Pro,clang-17.0.0 (clang-1700.0.13.5),SM4-128,ref,block,4096,11,3910000,262144,14.915466309,0.067044501,,ok
Darwin-arm64,Apple M2 Pro,clang-17.0.0 (clang-1700.0.13.5),SM4-128,ref,block,4096,12,3981000,262144,15.186309814,0.065848782,,ok
Darwin-arm64,Apple M2 Pro,clang-17.0.0 (clang-1700.0.13.5),SM4-128,ref,block,4096,13,3912000,262144,14.923095703,0.067010225,,ok
Darwin-arm64,Apple M2 Pro,clang-17.0.0 (clang-1700.0.13.5),SM4-128,ref,block,4096,14,4052000,262144,15.457153320,0.064694965,,ok
Darwin-arm64,Apple M2 Pro,clang-17.0.0 (clang-1700.0.13.5),SM4-128,ref,block,4096,15,3918000,262144,14.945983887,0.066907606,,ok
Darwin-arm64,Apple M2 Pro,clang-17.0.0 (clang-1700.0.13.5),SM4-128,ref,block,8192,1,3910000,262144,14.915466309,0.067044501,,ok
Darwin-arm64,Apple M2 Pro,clang-17.0.0 (clang-1700.0.13.5),SM4-128,ref,block,8192,2,3944000,262144,15.045166016,0.066466531,,ok
Darwin-arm64,Apple M2 Pro,clang-17.0.0 (clang-1700.0.13.5),SM4-128,ref,block,8192,3,4058000,262144,15.480041504,0.064599310,,ok
Darwin-arm64,Apple M2 Pro,clang-17.0.0 (clang-1700.0.13.5),SM4-128,ref,block,8192,4,3916000,262144,14.938354492,0.066941777,,ok
Darwin-arm64,Apple M2 Pro,clang-17.0.0 (clang-1700.0.13.5),SM4-128,ref,block,8192,5,3958000,262144,15.098571777,0.066231430,,ok
Darwin-arm64,Apple M2 Pro,clang-17.0.0 (clang-1700.0.13.5),SM4-128,ref,block,8192,6,3960000,262144,15.106201172,0.066197980,,ok
Darwin-arm64,Apple M2 Pro,clang-17.0.0 (clang-1700.0.13.5),SM4-128,ref,block,8192,7,3908000,262144,14.907836914,0.067078813,,ok
Darwin-arm64,Apple M2 Pro,clang-17.0.0 (clang-1700.0.13.5),SM4-128,ref,block,8192,8,4008000,262144,15.289306641,0.065405190,,ok
Darwin-arm64,Apple M2 Pro,clang-17.0.0 (clang-1700.0.13.5),SM4-128,ref,block,8192,9,3936000,262144,15.014648438,0.066601626,,ok
Darwin-arm64,Apple M2 Pro,clang-17.0.0 (clang-1700.0.13.5),SM4-128,ref,block,8192,10,3946000,262144,15.052795410,0.066432843,,ok
Darwin-arm64,Apple M2 Pro,clang-17.0.0 (clang-1700.0.13.5),SM4-128,ref,block,8192,11,3988000,262144,15.213012695,0.065733200,,ok
Darwin-arm64,Apple M2 Pro,clang-17.0.0 (clang-1700.0.13.5),SM4-128,ref,block,8192,12,3966000,262144,15.129089355,0.066097832,,ok
Darwin-arm64,Apple M2 Pro,clang-17.0.0 (clang-1700.0.13.5),SM4-128,ref,block,8192,13,3922000,262144,14.961242676,0.066839368,,ok
Darwin-arm64,Apple M2 Pro,clang-17.0.0 (clang-1700.0.13.5),SM4-128,ref,block,8192,14,3911000,262144,14.919281006,0.067027359,,ok
Darwin-arm64,Apple M2 Pro,clang-17.0.0 (clang-1700.0.13.5),SM4-128,ref,block,8192,15,3968000,262144,15.136718750,0.066064516,,ok
Darwin-arm64,Apple M2 Pro,clang-17.0.0 (clang-1700.0.13.5),SM4-128,ref,block,65536,1,4053000,262144,15.460968018,0.064679003,,ok
Darwin-arm64,Apple M2 Pro,clang-17.0.0 (clang-1700.0.13.5),SM4-128,ref,block,65536,2,3924000,262144,14.968872070,0.066805301,,ok
Darwin-arm64,Apple M2 Pro,clang-17.0.0 (clang-1700.0.13.5),SM4-128,ref,block,65536,3,3960000,262144,15.106201172,0.066197980,,ok
Darwin-arm64,Apple M2 Pro,clang-17.0.0 (clang-1700.0.13.5),SM4-128,ref,block,65536,4,3919000,262144,14.949798584,0.066890533,,ok
Darwin-arm64,Apple M2 Pro,clang-17.0.0 (clang-1700.0.13.5),SM4-128,ref,block,65536,5,4020000,262144,15.335083008,0.065209950,,ok
Darwin-arm64,Apple M2 Pro,clang-17.0.0 (clang-1700.0.13.5),SM4-128,ref,block,65536,6,3940000,262144,15.029907227,0.066534010,,ok
Darwin-arm64,Apple M2 Pro,clang-17.0.0 (clang-1700.0.13.5),SM4-128,ref,block,65536,7,3937000,262144,15.018463135,0.066584709,,ok
Darwin-arm64,Apple M2 Pro,clang-17.0.0 (clang-1700.0.13.5),SM4-128,ref,block,65536,8,3928000,262144,14.984130859,0.066737271,,ok
Darwin-arm64,Apple M2 Pro,clang-17.0.0 (clang-1700.0.13.5),SM4-128,ref,block,65536,9,3958000,262144,15.098571777,0.066231430,,ok
Darwin-arm64,Apple M2 Pro,clang-17.0.0 (clang-1700.0.13.5),SM4-128,ref,block,65536,10,3928000,262144,14.984130859,0.066737271,,ok
Darwin-arm64,Apple M2 Pro,clang-17.0.0 (clang-1700.0.13.5),SM4-128,ref,block,65536,11,3949000,262144,15.064239502,0.066382375,,ok
Darwin-arm64,Apple M2 Pro,clang-17.0.0 (clang-1700.0.13.5),SM4-128,ref,block,65536,12,3914000,262144,14.930725098,0.066975984,,ok
Darwin-arm64,Apple M2 Pro,clang-17.0.0 (clang-1700.0.13.5),SM4-128,ref,block,65536,13,3976000,262144,15.167236328,0.065931590,,ok
Darwin-arm64,Apple M2 Pro,clang-17.0.0 (clang-1700.0.13.5),SM4-128,ref,block,65536,14,3973000,262144,15.155792236,0.065981374,,ok
Darwin-arm64,Apple M2 Pro,clang-17.0.0 (clang-1700.0.13.5),SM4-128,ref,block,65536,15,3932000,262144,14.999389648,0.066669379,,ok
Darwin-arm64,Apple M2 Pro,clang-17.0.0 (clang-1700.0.13.5),SM4-128,ref,block,1048576,1,15818000,1048576,15.085220337,0.066290049,,ok
Darwin-arm64,Apple M2 Pro,clang-17.0.0 (clang-1700.0.13.5),SM4-128,ref,block,1048576,2,15726000,1048576,14.997482300,0.066677858,,ok
Darwin-arm64,Apple M2 Pro,clang-17.0.0 (clang-1700.0.13.5),SM4-128,ref,block,1048576,3,15730000,1048576,15.001296997,0.066660903,,ok
Darwin-arm64,Apple M2 Pro,clang-17.0.0 (clang-1700.0.13.5),SM4-128,ref,block,1048576,4,15813000,1048576,15.080451965,0.066311010,,ok
Darwin-arm64,Apple M2 Pro,clang-17.0.0 (clang-1700.0.13.5),SM4-128,ref,block,1048576,5,15915000,1048576,15.177726746,0.065886019,,ok
Darwin-arm64,Apple M2 Pro,clang-17.0.0 (clang-1700.0.13.5),SM4-128,ref,block,1048576,6,15899000,1048576,15.162467957,0.065952324,,ok
Darwin-arm64,Apple M2 Pro,clang-17.0.0 (clang-1700.0.13.5),SM4-128,ref,block,1048576,7,15803000,1048576,15.070915222,0.066352971,,ok
Darwin-arm64,Apple M2 Pro,clang-17.0.0 (clang-1700.0.13.5),SM4-128,ref,block,1048576,8,15786000,1048576,15.054702759,0.066424427,,ok
Darwin-arm64,Apple M2 Pro,clang-17.0.0 (clang-1700.0.13.5),SM4-128,ref,block,1048576,9,15855000,1048576,15.120506287,0.066135352,,ok
Darwin-arm64,Apple M2 Pro,clang-17.0.0 (clang-1700.0.13.5),SM4-128,ref,block,1048576,10,15815000,1048576,15.082359314,0.066302624,,ok
Darwin-arm64,Apple M2 Pro,clang-17.0.0 (clang-1700.0.13.5),SM4-128,ref,block,1048576,11,15758000,1048576,15.027999878,0.066542455,,ok
Darwin-arm64,Apple M2 Pro,clang-17.0.0 (clang-1700.0.13.5),SM4-128,ref,block,1048576,12,15888000,1048576,15.151977539,0.065997986,,ok
Darwin-arm64,Apple M2 Pro,clang-17.0.0 (clang-1700.0.13.5),SM4-128,ref,block,1048576,13,15846000,1048576,15.111923218,0.066172914,,ok
Darwin-arm64,Apple M2 Pro,clang-17.0.0 (clang-1700.0.13.5),SM4-128,ref,block,1048576,14,15853000,1048576,15.118598938,0.066143695,,ok
Darwin-arm64,Apple M2 Pro,clang-17.0.0 (clang-1700.0.13.5),SM4-128,ref,block,1048576,15,15759000,1048576,15.028953552,0.066538232,,ok
Darwin-arm64,Apple M2 Pro,clang-17.0.0 (clang-1700.0.13.5),SM4-128,ttable-4k,block,64,1,2695000,262144,10.280609131,0.097270501,,ok
Darwin-arm64,Apple M2 Pro,clang-17.0.0 (clang-1700.0.13.5),SM4-128,ttable-4k,block,64,2,2687000,262144,10.250091553,0.097560104,,ok
Darwin-arm64,Apple M2 Pro,clang-17.0.0 (clang-1700.0.13.5),SM4-128,ttable-4k,block,64,3,2772000,262144,10.574340820,0.094568543,,ok
Darwin-arm64,Apple M2 Pro,clang-17.0.0 (clang-1700.0.13.5),SM4-128,ttable-4k,block,64,4,2675000,262144,10.204315186,0.097997757,,ok
Darwin-arm64,Apple M2 Pro,clang-17.0.0 (clang-1700.0.13.5),SM4-128,ttable-4k,block,64,5,2709000,262144,10.334014893,0.096767811,,ok
Darwin-arm64,Apple M2 Pro,clang-17.0.0 (clang-1700.0.13.5),SM4-128,ttable-4k,block,64,6,2701000,262144,10.303497314,0.097054424,,ok
Darwin-arm64,Apple M2 Pro,clang-17.0.0 (clang-1700.0.13.5),SM4-128,ttable-4k,block,64,7,2690000,262144,10.261535645,0.097451301,,ok
Darwin-arm64,Apple M2 Pro,clang-17.0.0 (clang-1700.0.13.5),SM4-128,ttable-4k,block,64,8,2705000,262144,10.318756104,0.096910906,,ok
Darwin-arm64,Apple M2 Pro,clang-17.0.0 (clang-1700.0.13.5),SM4-128,ttable-4k,block,64,9,2769000,262144,10.562896729,0.094671000,,ok
Darwin-arm64,Apple M2 Pro,clang-17.0.0 (clang-1700.0.13.5),SM4-128,ttable-4k,block,64,10,2694000,262144,10.276794434,0.097306607,,ok
Darwin-arm64,Apple M2 Pro,clang-17.0.0 (clang-1700.0.13.5),SM4-128,ttable-4k,block,64,11,2739000,262144,10.448455811,0.095707923,,ok
Darwin-arm64,Apple M2 Pro,clang-17.0.0 (clang-1700.0.13.5),SM4-128,ttable-4k,block,64,12,2750000,262144,10.490417480,0.095325091,,ok
Darwin-arm64,Apple M2 Pro,clang-17.0.0 (clang-1700.0.13.5),SM4-128,ttable-4k,block,64,13,2700000,262144,10.299682617,0.097090370,,ok
Darwin-arm64,Apple M2 Pro,clang-17.0.0 (clang-1700.0.13.5),SM4-128,ttable-4k,block,64,14,2757000,262144,10.517120361,0.095083061,,ok
Darwin-arm64,Apple M2 Pro,clang-17.0.0 (clang-1700.0.13.5),SM4-128,ttable-4k,block,64,15,2720000,262144,10.375976562,0.096376471,,ok
Darwin-arm64,Apple M2 Pro,clang-17.0.0 (clang-1700.0.13.5),SM4-128,ttable-4k,block,512,1,2689000,262144,10.257720947,0.097487542,,ok
Darwin-arm64,Apple M2 Pro,clang-17.0.0 (clang-1700.0.13.5),SM4-128,ttable-4k,block,512,2,2687000,262144,10.250091553,0.097560104,,ok
Darwin-arm64,Apple M2 Pro,clang-17.0.0 (clang-1700.0.13.5),SM4-128,ttable-4k,block,512,3,2648000,262144,10.101318359,0.098996979,,ok
Darwin-arm64,Apple M2 Pro,clang-17.0.0 (clang-1700.0.13.5),SM4-128,ttable-4k,block,512,4,2656000,262144,10.131835938,0.098698795,,ok
Darwin-arm64,Apple M2 Pro,clang-17.0.0 (clang-1700.0.13.5),SM4-128,ttable-4k,block,512,5,2638000,262144,10.063171387,0.099372252,,ok
Darwin-arm64,Apple M2 Pro,clang-17.0.0 (clang-1700.0.13.5),SM4-128,ttable-4k,block,512,6,2681000,262144,10.227203369,0.097778441,,ok
Darwin-arm64,Apple M2 Pro,clang-17.0.0 (clang-1700.0.13.5),SM4-128,ttable-4k,block,512,7,2670000,262144,10.185241699,0.098181273,,ok
Darwin-arm64,Apple M2 Pro,clang-17.0.0 (clang-1700.0.13.5),SM4-128,ttable-4k,block,512,8,2667000,262144,10.173797607,0.098291714,,ok
Darwin-arm64,Apple M2 Pro,clang-17.0.0 (clang-1700.0.13.5),SM4-128,ttable-4k,block,512,9,2644000,262144,10.086059570,0.099146747,,ok
Darwin-arm64,Apple M2 Pro,clang-17.0.0 (clang-1700.0.13.5),SM4-128,ttable-4k,block,512,10,2732000,262144,10.421752930,0.095953148,,ok
Darwin-arm64,Apple M2 Pro,clang-17.0.0 (clang-1700.0.13.5),SM4-128,ttable-4k,block,512,11,2637000,262144,10.059356689,0.099409936,,ok
Darwin-arm64,Apple M2 Pro,clang-17.0.0 (clang-1700.0.13.5),SM4-128,ttable-4k,block,512,12,2654000,262144,10.124206543,0.098773173,,ok
Darwin-arm64,Apple M2 Pro,clang-17.0.0 (clang-1700.0.13.5),SM4-128,ttable-4k,block,512,13,2658000,262144,10.139465332,0.098624530,,ok
Darwin-arm64,Apple M2 Pro,clang-17.0.0 (clang-1700.0.13.5),SM4-128,ttable-4k,block,512,14,2682000,262144,10.231018066,0.097741984,,ok
Darwin-arm64,Apple M2 Pro,clang-17.0.0 (clang-1700.0.13.5),SM4-128,ttable-4k,block,512,15,2669000,262144,10.181427002,0.098218059,,ok
Darwin-arm64,Apple M2 Pro,clang-17.0.0 (clang-1700.0.13.5),SM4-128,ttable-4k,block,4096,1,2676000,262144,10.208129883,0.097961136,,ok
Darwin-arm64,Apple M2 Pro,clang-17.0.0 (clang-1700.0.13.5),SM4-128,ttable-4k,block,4096,2,2642000,262144,10.078430176,0.099221802,,ok
Darwin-arm64,Apple M2 Pro,clang-17.0.0 (clang-1700.0.13.5),SM4-128,ttable-4k,block,4096,3,2640000,262144,10.070800781,0.099296970,,ok
Darwin-arm64,Apple M2 Pro,clang-17.0.0 (clang-1700.0.13.5),SM4-128,ttable-4k,block,4096,4,2640000,262144,10.070800781,0.099296970,,ok
Darwin-arm64,Apple M2 Pro,clang-17.0.0 (clang-1700.0.13.5),SM4-128,ttable-4k,block,4096,5,2663000,262144,10.158538818,0.098439354,,ok
Darwin-arm64,Apple M2 Pro,clang-17.0.0 (clang-1700.0.13.5),SM4-128,ttable-4k,block,4096,6,2642000,262144,10.078430176,0.099221802,,ok
Darwin-arm64,Apple M2 Pro,clang-17.0.0 (clang-1700.0.13.5),SM4-128,ttable-4k,block,4096,7,2631000,262144,10.036468506,0.099636640,,ok
Darwin-arm64,Apple M2 Pro,clang-17.0.0 (clang-1700.0.13.5),SM4-128,ttable-4k,block,4096,8,2661000,262144,10.150909424,0.098513341,,ok
Darwin-arm64,Apple M2 Pro,clang-17.0.0 (clang-1700.0.13.5),SM4-128,ttable-4k,block,4096,9,2632000,262144,10.040283203,0.099598784,,ok
Darwin-arm64,Apple M2 Pro,clang-17.0.0 (clang-1700.0.13.5),SM4-128,ttable-4k,block,4096,10,2631000,262144,10.036468506,0.099636640,,ok
Darwin-arm64,Apple M2 Pro,clang-17.0.0 (clang-1700.0.13.5),SM4-128,ttable-4k,block,4096,11,2663000,262144,10.158538818,0.098439354,,ok
Darwin-arm64,Apple M2 Pro,clang-17.0.0 (clang-1700.0.13.5),SM4-128,ttable-4k,block,4096,12,2633000,262144,10.044097900,0.099560957,,ok
Darwin-arm64,Apple M2 Pro,clang-17.0.0 (clang-1700.0.13.5),SM4-128,ttable-4k,block,4096,13,2636000,262144,10.055541992,0.099447648,,ok
Darwin-arm64,Apple M2 Pro,clang-17.0.0 (clang-1700.0.13.5),SM4-128,ttable-4k,block,4096,14,2736000,262144,10.437011719,0.095812865,,ok
Darwin-arm64,Apple M2 Pro,clang-17.0.0 (clang-1700.0.13.5),SM4-128,ttable-4k,block,4096,15,2640000,262144,10.070800781,0.099296970,,ok
Darwin-arm64,Apple M2 Pro,clang-17.0.0 (clang-1700.0.13.5),SM4-128,ttable-4k,block,8192,1,2633000,262144,10.044097900,0.099560957,,ok
Darwin-arm64,Apple M2 Pro,clang-17.0.0 (clang-1700.0.13.5),SM4-128,ttable-4k,block,8192,2,2635000,262144,10.051727295,0.099485389,,ok
Darwin-arm64,Apple M2 Pro,clang-17.0.0 (clang-1700.0.13.5),SM4-128,ttable-4k,block,8192,3,2646000,262144,10.093688965,0.099071807,,ok
Darwin-arm64,Apple M2 Pro,clang-17.0.0 (clang-1700.0.13.5),SM4-128,ttable-4k,block,8192,4,2640000,262144,10.070800781,0.099296970,,ok
Darwin-arm64,Apple M2 Pro,clang-17.0.0 (clang-1700.0.13.5),SM4-128,ttable-4k,block,8192,5,2720000,262144,10.375976562,0.096376471,,ok
Darwin-arm64,Apple M2 Pro,clang-17.0.0 (clang-1700.0.13.5),SM4-128,ttable-4k,block,8192,6,2632000,262144,10.040283203,0.099598784,,ok
Darwin-arm64,Apple M2 Pro,clang-17.0.0 (clang-1700.0.13.5),SM4-128,ttable-4k,block,8192,7,2652000,262144,10.116577148,0.098847662,,ok
Darwin-arm64,Apple M2 Pro,clang-17.0.0 (clang-1700.0.13.5),SM4-128,ttable-4k,block,8192,8,2656000,262144,10.131835938,0.098698795,,ok
Darwin-arm64,Apple M2 Pro,clang-17.0.0 (clang-1700.0.13.5),SM4-128,ttable-4k,block,8192,9,2635000,262144,10.051727295,0.099485389,,ok
Darwin-arm64,Apple M2 Pro,clang-17.0.0 (clang-1700.0.13.5),SM4-128,ttable-4k,block,8192,10,2634000,262144,10.047912598,0.099523159,,ok
Darwin-arm64,Apple M2 Pro,clang-17.0.0 (clang-1700.0.13.5),SM4-128,ttable-4k,block,8192,11,2632000,262144,10.040283203,0.099598784,,ok
Darwin-arm64,Apple M2 Pro,clang-17.0.0 (clang-1700.0.13.5),SM4-128,ttable-4k,block,8192,12,2659000,262144,10.143280029,0.098587439,,ok
Darwin-arm64,Apple M2 Pro,clang-17.0.0 (clang-1700.0.13.5),SM4-128,ttable-4k,block,8192,13,2632000,262144,10.040283203,0.099598784,,ok
Darwin-arm64,Apple M2 Pro,clang-17.0.0 (clang-1700.0.13.5),SM4-128,ttable-4k,block,8192,14,2640000,262144,10.070800781,0.099296970,,ok
Darwin-arm64,Apple M2 Pro,clang-17.0.0 (clang-1700.0.13.5),SM4-128,ttable-4k,block,8192,15,2687000,262144,10.250091553,0.097560104,,ok
Darwin-arm64,Apple M2 Pro,clang-17.0.0 (clang-1700.0.13.5),SM4-128,ttable-4k,block,65536,1,2647000,262144,10.097503662,0.099034379,,ok
Darwin-arm64,Apple M2 Pro,clang-17.0.0 (clang-1700.0.13.5),SM4-128,ttable-4k,block,65536,2,2644000,262144,10.086059570,0.099146747,,ok
Darwin-arm64,Apple M2 Pro,clang-17.0.0 (clang-1700.0.13.5),SM4-128,ttable-4k,block,65536,3,2680000,262144,10.223388672,0.097814925,,ok
Darwin-arm64,Apple M2 Pro,clang-17.0.0 (clang-1700.0.13.5),SM4-128,ttable-4k,block,65536,4,2637000,262144,10.059356689,0.099409936,,ok
Darwin-arm64,Apple M2 Pro,clang-17.0.0 (clang-1700.0.13.5),SM4-128,ttable-4k,block,65536,5,2636000,262144,10.055541992,0.099447648,,ok
Darwin-arm64,Apple M2 Pro,clang-17.0.0 (clang-1700.0.13.5),SM4-128,ttable-4k,block,65536,6,2657000,262144,10.135650635,0.098661648,,ok
Darwin-arm64,Apple M2 Pro,clang-17.0.0 (clang-1700.0.13.5),SM4-128,ttable-4k,block,65536,7,2640000,262144,10.070800781,0.099296970,,ok
Darwin-arm64,Apple M2 Pro,clang-17.0.0 (clang-1700.0.13.5),SM4-128,ttable-4k,block,65536,8,2640000,262144,10.070800781,0.099296970,,ok
Darwin-arm64,Apple M2 Pro,clang-17.0.0 (clang-1700.0.13.5),SM4-128,ttable-4k,block,65536,9,2716000,262144,10.360717773,0.096518409,,ok
Darwin-arm64,Apple M2 Pro,clang-17.0.0 (clang-1700.0.13.5),SM4-128,ttable-4k,block,65536,10,2671000,262144,10.189056396,0.098144515,,ok
Darwin-arm64,Apple M2 Pro,clang-17.0.0 (clang-1700.0.13.5),SM4-128,ttable-4k,block,65536,11,2639000,262144,10.066986084,0.099334596,,ok
Darwin-arm64,Apple M2 Pro,clang-17.0.0 (clang-1700.0.13.5),SM4-128,ttable-4k,block,65536,12,2638000,262144,10.063171387,0.099372252,,ok
Darwin-arm64,Apple M2 Pro,clang-17.0.0 (clang-1700.0.13.5),SM4-128,ttable-4k,block,65536,13,2668000,262144,10.177612305,0.098254873,,ok
Darwin-arm64,Apple M2 Pro,clang-17.0.0 (clang-1700.0.13.5),SM4-128,ttable-4k,block,65536,14,2637000,262144,10.059356689,0.099409936,,ok
Darwin-arm64,Apple M2 Pro,clang-17.0.0 (clang-1700.0.13.5),SM4-128,ttable-4k,block,65536,15,2638000,262144,10.063171387,0.099372252,,ok
Darwin-arm64,Apple M2 Pro,clang-17.0.0 (clang-1700.0.13.5),SM4-128,ttable-4k,block,1048576,1,10748000,1048576,10.250091553,0.097560104,,ok
Darwin-arm64,Apple M2 Pro,clang-17.0.0 (clang-1700.0.13.5),SM4-128,ttable-4k,block,1048576,2,10782000,1048576,10.282516479,0.097252458,,ok
Darwin-arm64,Apple M2 Pro,clang-17.0.0 (clang-1700.0.13.5),SM4-128,ttable-4k,block,1048576,3,10773000,1048576,10.273933411,0.097333705,,ok
Darwin-arm64,Apple M2 Pro,clang-17.0.0 (clang-1700.0.13.5),SM4-128,ttable-4k,block,1048576,4,10704000,1048576,10.208129883,0.097961136,,ok
Darwin-arm64,Apple M2 Pro,clang-17.0.0 (clang-1700.0.13.5),SM4-128,ttable-4k,block,1048576,5,10947000,1048576,10.439872742,0.095786608,,ok
Darwin-arm64,Apple M2 Pro,clang-17.0.0 (clang-1700.0.13.5),SM4-128,ttable-4k,block,1048576,6,10806000,1048576,10.305404663,0.097036461,,ok
Darwin-arm64,Apple M2 Pro,clang-17.0.0 (clang-1700.0.13.5),SM4-128,ttable-4k,block,1048576,7,10641000,1048576,10.148048401,0.098541115,,ok
Darwin-arm64,Apple M2 Pro,clang-17.0.0 (clang-1700.0.13.5),SM4-128,ttable-4k,block,1048576,8,10930000,1048576,10.423660278,0.095935590,,ok
Darwin-arm64,Apple M2 Pro,clang-17.0.0 (clang-1700.0.13.5),SM4-128,ttable-4k,block,1048576,9,10957000,1048576,10.449409485,0.095699188,,ok
Darwin-arm64,Apple M2 Pro,clang-17.0.0 (clang-1700.0.13.5),SM4-128,ttable-4k,block,1048576,10,10719000,1048576,10.222434998,0.097824051,,ok
Darwin-arm64,Apple M2 Pro,clang-17.0.0 (clang-1700.0.13.5),SM4-128,ttable-4k,block,1048576,11,11096000,1048576,10.581970215,0.094500360,,ok
Darwin-arm64,Apple M2 Pro,clang-17.0.0 (clang-1700.0.13.5),SM4-128,ttable-4k,block,1048576,12,10847000,1048576,10.344505310,0.096669678,,ok
Darwin-arm64,Apple M2 Pro,clang-17.0.0 (clang-1700.0.13.5),SM4-128,ttable-4k,block,1048576,13,10913000,1048576,10.407447815,0.096085036,,ok
Darwin-arm64,Apple M2 Pro,clang-17.0.0 (clang-1700.0.13.5),SM4-128,ttable-4k,block,1048576,14,10766000,1048576,10.267257690,0.097396991,,ok
Darwin-arm64,Apple M2 Pro,clang-17.0.0 (clang-1700.0.13.5),SM4-128,ttable-4k,block,1048576,15,10871000,1048576,10.367393494,0.096456260,,ok
Darwin-arm64,Apple M2 Pro,clang-17.0.0 (clang-1700.0.13.5),SM4-128,ttable-1k,block,64,1,2832000,262144,10.803222656,0.092564972,,ok
Darwin-arm64,Apple M2 Pro,clang-17.0.0 (clang-1700.0.13.5),SM4-128,ttable-1k,block,64,2,2844000,262144,10.848999023,0.092174402,,ok
Darwin-arm64,Apple M2 Pro,clang-17.0.0 (clang-1700.0.13.5),SM4-128,ttable-1k,block,64,3,2950000,262144,11.253356934,0.088862373,,ok
Darwin-arm64,Apple M2 Pro,clang-17.0.0 (clang-1700.0.13.5),SM4-128,ttable-1k,block,64,4,2949000,262144,11.249542236,0.088892506,,ok
Darwin-arm64,Apple M2 Pro,clang-17.0.0 (clang-1700.0.13.5),SM4-128,ttable-1k,block,64,5,2866000,262144,10.932922363,0.091466853,,ok
Darwin-arm64,Apple M2 Pro,clang-17.0.0 (clang-1700.0.13.5),SM4-128,ttable-1k,block,64,6,2938000,262144,11.207580566,0.089225323,,ok
Darwin-arm64,Apple M2 Pro,clang-17.0.0 (clang-1700.0.13.5),SM4-128,ttable-1k,block,64,7,2860000,262144,10.910034180,0.091658741,,ok
Darwin-arm64,Apple M2 Pro,clang-17.0.0 (clang-1700.0.13.5),SM4-128,ttable-1k,block,64,8,2960000,262144,11.291503906,0.088562162,,ok
Darwin-arm64,Apple M2 Pro,clang-17.0.0 (clang-1700.0.13.5),SM4-128,ttable-1k,block,64,9,2970000,262144,11.329650879,0.088263973,,ok
Darwin-arm64,Apple M2 Pro,clang-17.0.0 (clang-1700.0.13.5),SM4-128,ttable-1k,block,64,10,2856000,262144,10.894775391,0.091787115,,ok
Darwin-arm64,Apple M2 Pro,clang-17.0.0 (clang-1700.0.13.5),SM4-128,ttable-1k,block,64,11,2897000,262144,11.051177979,0.090488091,,ok
Darwin-arm64,Apple M2 Pro,clang-17.0.0 (clang-1700.0.13.5),SM4-128,ttable-1k,block,64,12,2931000,262144,11.180877686,0.089438417,,ok
Darwin-arm64,Apple M2 Pro,clang-17.0.0 (clang-1700.0.13.5),SM4-128,ttable-1k,block,64,13,2832000,262144,10.803222656,0.092564972,,ok
Darwin-arm64,Apple M2 Pro,clang-17.0.0 (clang-1700.0.13.5),SM4-128,ttable-1k,block,64,14,2915000,262144,11.119842529,0.089929331,,ok
Darwin-arm64,Apple M2 Pro,clang-17.0.0 (clang-1700.0.13.5),SM4-128,ttable-1k,block,64,15,3048000,262144,11.627197266,0.086005249,,ok
Darwin-arm64,Apple M2 Pro,clang-17.0.0 (clang-1700.0.13.5),SM4-128,ttable-1k,block,512,1,2821000,262144,10.761260986,0.092925913,,ok
Darwin-arm64,Apple M2 Pro,clang-17.0.0 (clang-1700.0.13.5),SM4-128,ttable-1k,block,512,2,2883000,262144,10.997772217,0.090927506,,ok
Darwin-arm64,Apple M2 Pro,clang-17.0.0 (clang-1700.0.13.5),SM4-128,ttable-1k,block,512,3,2880000,262144,10.986328125,0.091022222,,ok
Darwin-arm64,Apple M2 Pro,clang-17.0.0 (clang-1700.0.13.5),SM4-128,ttable-1k,block,512,4,2943000,262144,11.226654053,0.089073734,,ok
Darwin-arm64,Apple M2 Pro,clang-17.0.0 (clang-1700.0.13.5),SM4-128,ttable-1k,block,512,5,2809000,262144,10.715484619,0.093322891,,ok
Darwin-arm64,Apple M2 Pro,clang-17.0.0 (clang-1700.0.13.5),SM4-128,ttable-1k,block,512,6,2800000,262144,10.681152344,0.093622857,,ok
Darwin-arm64,Apple M2 Pro,clang-17.0.0 (clang-1700.0.13.5),SM4-128,ttable-1k,block,512,7,2852000,262144,10.879516602,0.091915849,,ok
Darwin-arm64,Apple M2 Pro,clang-17.0.0 (clang-1700.0.13.5),SM4-128,ttable-1k,block,512,8,2782000,262144,10.612487793,0.094228613,,ok
Darwin-arm64,Apple M2 Pro,clang-17.0.0 (clang-1700.0.13.5),SM4-128,ttable-1k,block,512,9,2916000,262144,11.123657227,0.089898491,,ok
Darwin-arm64,Apple M2 Pro,clang-17.0.0 (clang-1700.0.13.5),SM4-128,ttable-1k,block,512,10,2813000,262144,10.730743408,0.093190188,,ok
Darwin-arm64,Apple M2 Pro,clang-17.0.0 (clang-1700.0.13.5),SM4-128,ttable-1k,block,512,11,2810000,262144,10.719299316,0.093289680,,ok
Darwin-arm64,Apple M2 Pro,clang-17.0.0 (clang-1700.0.13.5),SM4-128,ttable-1k,block,512,12,2789000,262144,10.639190674,0.093992112,,ok
Darwin-arm64,Apple M2 Pro,clang-17.0.0 (clang-1700.0.13.5),SM4-128,ttable-1k,block,512,13,2815000,262144,10.738372803,0.093123979,,ok
Darwin-arm64,Apple M2 Pro,clang-17.0.0 (clang-1700.0.13.5),SM4-128,ttable-1k,block,512,14,2892000,262144,11.032104492,0.090644537,,ok
Darwin-arm64,Apple M2 Pro,clang-17.0.0 (clang-1700.0.13.5),SM4-128,ttable-1k,block,512,15,2852000,262144,10.879516602,0.091915849,,ok
Darwin-arm64,Apple M2 Pro,clang-17.0.0 (clang-1700.0.13.5),SM4-128,ttable-1k,block,4096,1,2880000,262144,10.986328125,0.091022222,,ok
Darwin-arm64,Apple M2 Pro,clang-17.0.0 (clang-1700.0.13.5),SM4-128,ttable-1k,block,4096,2,2828000,262144,10.787963867,0.092695898,,ok
Darwin-arm64,Apple M2 Pro,clang-17.0.0 (clang-1700.0.13.5),SM4-128,ttable-1k,block,4096,3,2840000,262144,10.833740234,0.092304225,,ok
Darwin-arm64,Apple M2 Pro,clang-17.0.0 (clang-1700.0.13.5),SM4-128,ttable-1k,block,4096,4,2786000,262144,10.627746582,0.094093324,,ok
Darwin-arm64,Apple M2 Pro,clang-17.0.0 (clang-1700.0.13.5),SM4-128,ttable-1k,block,4096,5,2812000,262144,10.726928711,0.093223329,,ok
Darwin-arm64,Apple M2 Pro,clang-17.0.0 (clang-1700.0.13.5),SM4-128,ttable-1k,block,4096,6,2843000,262144,10.845184326,0.092206824,,ok
Darwin-arm64,Apple M2 Pro,clang-17.0.0 (clang-1700.0.13.5),SM4-128,ttable-1k,block,4096,7,2898000,262144,11.054992676,0.090456867,,ok
Darwin-arm64,Apple M2 Pro,clang-17.0.0 (clang-1700.0.13.5),SM4-128,ttable-1k,block,4096,8,2830000,262144,10.795593262,0.092630389,,ok
Darwin-arm64,Apple M2 Pro,clang-17.0.0 (clang-1700.0.13.5),SM4-128,ttable-1k,block,4096,9,2796000,262144,10.665893555,0.093756795,,ok
Darwin-arm64,Apple M2 Pro,clang-17.0.0 (clang-1700.0.13.5),SM4-128,ttable-1k,block,4096,10,2843000,262144,10.845184326,0.092206824,,ok
Darwin-arm64,Apple M2 Pro,clang-17.0.0 (clang-1700.0.13.5),SM4-128,ttable-1k,block,4096,11,2781000,262144,10.608673096,0.094262496,,ok
Darwin-arm64,Apple M2 Pro,clang-17.0.0 (clang-1700.0.13.5),SM4-128,ttable-1k,block,4096,12,2861000,262144,10.913848877,0.091626704,,ok
Darwin-arm64,Apple M2 Pro,clang-17.0.0 (clang-1700.0.13.5),SM4-128,ttable-1k,block,4096,13,2908000,262144,11.093139648,0.090145805,,ok
Darwin-arm64,Apple M2 Pro,clang-17.0.0 (clang-1700.0.13.5),SM4-128,ttable-1k,block,4096,14,2786000,262144,10.627746582,0.094093324,,ok
Darwin-arm64,Apple M2 Pro,clang-17.0.0 (clang-1700.0.13.5),SM4-128,ttable-1k,block,4096,15,2887000,262144,11.013031006,0.090801524,,ok
Darwin-arm64,Apple M2 Pro,clang-17.0.0 (clang-1700.0.13.5),SM4-128,ttable-1k,block,8192,1,2860000,262144,10.910034180,0.091658741,,ok
Darwin-arm64,Apple M2 Pro,clang-17.0.0 (clang-1700.0.13.5),SM4-128,ttable-1k,block,8192,2,2940000,262144,11.215209961,0.089164626,,ok
Darwin-arm64,Apple M2 Pro,clang-17.0.0 (clang-1700.0.13.5),SM4-128,ttable-1k,block,8192,3,2783000,262144,10.616302490,0.094194754,,ok
Darwin-arm64,Apple M2 Pro,clang-17.0.0 (clang-1700.0.13.5),SM4-128,ttable-1k,block,8192,4,2799000,262144,10.677337646,0.093656306,,ok
Darwin-arm64,Apple M2 Pro,clang-17.0.0 (clang-1700.0.13.5),SM4-128,ttable-1k,block,8192,5,2805000,262144,10.700225830,0.093455971,,ok
Darwin-arm64,Apple M2 Pro,clang-17.0.0 (clang-1700.0.13.5),SM4-128,ttable-1k,block,8192,6,2783000,262144,10.616302490,0.094194754,,ok
Darwin-arm64,Apple M2 Pro,clang-17.0.0 (clang-1700.0.13.5),SM4-128,ttable-1k,block,8192,7,2883000,262144,10.997772217,0.090927506,,ok
Darwin-arm64,Apple M2 Pro,clang-17.0.0 (clang-1700.0.13.5),SM4-128,ttable-1k,block,8192,8,2966000,262144,11.314392090,0.088383007,,ok
Darwin-arm64,Apple M2 Pro,clang-17.0.0 (clang-1700.0.13.5),SM4-128,ttable-1k,block,8192,9,2838000,262144,10.826110840,0.092369274,,ok
Darwin-arm64,Apple M2 Pro,clang-17.0.0 (clang-1700.0.13.5),SM4-128,ttable-1k,block,8192,10,2778000,262144,10.597229004,0.094364291,,ok
Darwin-arm64,Apple M2 Pro,clang-17.0.0 (clang-1700.0.13.5),SM4-128,ttable-1k,block,8192,11,2783000,262144,10.616302490,0.094194754,,ok
Darwin-arm64,Apple M2 Pro,clang-17.0.0 (clang-1700.0.13.5),SM4-128,ttable-1k,block,8192,12,2798000,262144,10.673522949,0.093689778,,ok
Darwin-arm64,Apple M2 Pro,clang-17.0.0 (clang-1700.0.13.5),SM4-128,ttable-1k,block,8192,13,2835000,262144,10.814666748,0.092467019,,ok
Darwin-arm64,Apple M2 Pro,clang-17.0.0 (clang-1700.0.13.5),SM4-128,ttable-1k,block,8192,14,2818000,262144,10.749816895,0.093024840,,ok
Darwin-arm64,Apple M2 Pro,clang-17.0.0 (clang-1700.0.13.5),SM4-128,ttable-1k,block,8192,15,2946000,262144,11.238098145,0.088983028,,ok
Darwin-arm64,Apple M2 Pro,clang-17.0.0 (clang-1700.0.13.5),SM4-128,ttable-1k,block,65536,1,2795000,262144,10.662078857,0.093790340,,ok
Darwin-arm64,Apple M2 Pro,clang-17.0.0 (clang-1700.0.13.5),SM4-128,ttable-1k,block,65536,2,2827000,262144,10.784149170,0.092728688,,ok
Darwin-arm64,Apple M2 Pro,clang-17.0.0 (clang-1700.0.13.5),SM4-128,ttable-1k,block,65536,3,2901000,262144,11.066436768,0.090363323,,ok
Darwin-arm64,Apple M2 Pro,clang-17.0.0 (clang-1700.0.13.5),SM4-128,ttable-1k,block,65536,4,2784000,262144,10.620117188,0.094160920,,ok
Darwin-arm64,Apple M2 Pro,clang-17.0.0 (clang-1700.0.13.5),SM4-128,ttable-1k,block,65536,5,2778000,262144,10.597229004,0.094364291,,ok
Darwin-arm64,Apple M2 Pro,clang-17.0.0 (clang-1700.0.13.5),SM4-128,ttable-1k,block,65536,6,2859000,262144,10.906219482,0.091690801,,ok
Darwin-arm64,Apple M2 Pro,clang-17.0.0 (clang-1700.0.13.5),SM4-128,ttable-1k,block,65536,7,2782000,262144,10.612487793,0.094228613,,ok
Darwin-arm64,Apple M2 Pro,clang-17.0.0 (clang-1700.0.13.5),SM4-128,ttable-1k,block,65536,8,2816000,262144,10.742187500,0.093090909,,ok
Darwin-arm64,Apple M2 Pro,clang-17.0.0 (clang-1700.0.13.5),SM4-128,ttable-1k,block,65536,9,2839000,262144,10.829925537,0.092336738,,ok
Darwin-arm64,Apple M2 Pro,clang-17.0.0 (clang-1700.0.13.5),SM4-128,ttable-1k,block,65536,10,2785000,262144,10.623931885,0.094127110,,ok
Darwin-arm64,Apple M2 Pro,clang-17.0.0 (clang-1700.0.13.5),SM4-128,ttable-1k,block,65536,11,2783000,262144,10.616302490,0.094194754,,ok
Darwin-arm64,Apple M2 Pro,clang-17.0.0 (clang-1700.0.13.5),SM4-128,ttable-1k,block,65536,12,2869000,262144,10.944366455,0.091371209,,ok
Darwin-arm64,Apple M2 Pro,clang-17.0.0 (clang-1700.0.13.5),SM4-128,ttable-1k,block,65536,13,2813000,262144,10.730743408,0.093190188,,ok
Darwin-arm64,Apple M2 Pro,clang-17.0.0 (clang-1700.0.13.5),SM4-128,ttable-1k,block,65536,14,2876000,262144,10.971069336,0.091148818,,ok
Darwin-arm64,Apple M2 Pro,clang-17.0.0 (clang-1700.0.13.5),SM4-128,ttable-1k,block,65536,15,2841000,262144,10.837554932,0.092271735,,ok
Darwin-arm64,Apple M2 Pro,clang-17.0.0 (clang-1700.0.13.5),SM4-128,ttable-1k,block,1048576,1,11461000,1048576,10.930061340,0.091490795,,ok
Darwin-arm64,Apple M2 Pro,clang-17.0.0 (clang-1700.0.13.5),SM4-128,ttable-1k,block,1048576,2,11341000,1048576,10.815620422,0.092458866,,ok
Darwin-arm64,Apple M2 Pro,clang-17.0.0 (clang-1700.0.13.5),SM4-128,ttable-1k,block,1048576,3,11444000,1048576,10.913848877,0.091626704,,ok
Darwin-arm64,Apple M2 Pro,clang-17.0.0 (clang-1700.0.13.5),SM4-128,ttable-1k,block,1048576,4,11531000,1048576,10.996818542,0.090935392,,ok
Darwin-arm64,Apple M2 Pro,clang-17.0.0 (clang-1700.0.13.5),SM4-128,ttable-1k,block,1048576,5,11305000,1048576,10.781288147,0.092753295,,ok
Darwin-arm64,Apple M2 Pro,clang-17.0.0 (clang-1700.0.13.5),SM4-128,ttable-1k,block,1048576,6,11488000,1048576,10.955810547,0.091275766,,ok
Darwin-arm64,Apple M2 Pro,clang-17.0.0 (clang-1700.0.13.5),SM4-128,ttable-1k,block,1048576,7,11411000,1048576,10.882377625,0.091891683,,ok
Darwin-arm64,Apple M2 Pro,clang-17.0.0 (clang-1700.0.13.5),SM4-128,ttable-1k,block,1048576,8,11448000,1048576,10.917663574,0.091594689,,ok
Darwin-arm64,Apple M2 Pro,clang-17.0.0 (clang-1700.0.13.5),SM4-128,ttable-1k,block,1048576,9,11417000,1048576,10.888099670,0.091843391,,ok
Darwin-arm64,Apple M2 Pro,clang-17.0.0 (clang-1700.0.13.5),SM4-128,ttable-1k,block,1048576,10,11409000,1048576,10.880470276,0.091907792,,ok
Darwin-arm64,Apple M2 Pro,clang-17.0.0 (clang-1700.0.13.5),SM4-128,ttable-1k,block,1048576,11,11345000,1048576,10.819435120,0.092426267,,ok
Darwin-arm64,Apple M2 Pro,clang-17.0.0 (clang-1700.0.13.5),SM4-128,ttable-1k,block,1048576,12,11372000,1048576,10.845184326,0.092206824,,ok
Darwin-arm64,Apple M2 Pro,clang-17.0.0 (clang-1700.0.13.5),SM4-128,ttable-1k,block,1048576,13,11473000,1048576,10.941505432,0.091395102,,ok
Darwin-arm64,Apple M2 Pro,clang-17.0.0 (clang-1700.0.13.5),SM4-128,ttable-1k,block,1048576,14,11396000,1048576,10.868072510,0.092012636,,ok
Darwin-arm64,Apple M2 Pro,clang-17.0.0 (clang-1700.0.13.5),SM4-128,ttable-1k,block,1048576,15,11444000,1048576,10.913848877,0.091626704,,ok
Darwin-arm64,Apple M2 Pro,clang-17.0.0 (clang-1700.0.13.5),SM4-128,ttable-2k,block,64,1,3536000,262144,13.488769531,0.074135747,,ok
Darwin-arm64,Apple M2 Pro,clang-17.0.0 (clang-1700.0.13.5),SM4-128,ttable-2k,block,64,2,3500000,262144,13.351440430,0.074898286,,ok
Darwin-arm64,Apple M2 Pro,clang-17.0.0 (clang-1700.0.13.5),SM4-128,ttable-2k,block,64,3,3686000,262144,14.060974121,0.071118828,,ok
Darwin-arm64,Apple M2 Pro,clang-17.0.0 (clang-1700.0.13.5),SM4-128,ttable-2k,block,64,4,3552000,262144,13.549804688,0.073801802,,ok
Darwin-arm64,Apple M2 Pro,clang-17.0.0 (clang-1700.0.13.5),SM4-128,ttable-2k,block,64,5,3530000,262144,13.465881348,0.074261756,,ok
Darwin-arm64,Apple M2 Pro,clang-17.0.0 (clang-1700.0.13.5),SM4-128,ttable-2k,block,64,6,3647000,262144,13.912200928,0.071879353,,ok
Darwin-arm64,Apple M2 Pro,clang-17.0.0 (clang-1700.0.13.5),SM4-128,ttable-2k,block,64,7,3670000,262144,13.999938965,0.071428883,,ok
Darwin-arm64,Apple M2 Pro,clang-17.0.0 (clang-1700.0.13.5),SM4-128,ttable-2k,block,64,8,3521000,262144,13.431549072,0.074451576,,ok
Darwin-arm64,Apple M2 Pro,clang-17.0.0 (clang-1700.0.13.5),SM4-128,ttable-2k,block,64,9,3506000,262144,13.374328613,0.074770108,,ok
Darwin-arm64,Apple M2 Pro,clang-17.0.0 (clang-1700.0.13.5),SM4-128,ttable-2k,block,64,10,3692000,262144,14.083862305,0.071003250,,ok
Darwin-arm64,Apple M2 Pro,clang-17.0.0 (clang-1700.0.13.5),SM4-128,ttable-2k,block,64,11,3537000,262144,13.492584229,0.074114787,,ok
Darwin-arm64,Apple M2 Pro,clang-17.0.0 (clang-1700.0.13.5),SM4-128,ttable-2k,block,64,12,3618000,262144,13.801574707,0.072455500,,ok
Darwin-arm64,Apple M2 Pro,clang-17.0.0 (clang-1700.0.13.5),SM4-128,ttable-2k,block,64,13,3621000,262144,13.813018799,0.072395471,,ok
Darwin-arm64,Apple M2 Pro,clang-17.0.0 (clang-1700.0.13.5),SM4-128,ttable-2k,block,64,14,3527000,262144,13.454437256,0.074324922,,ok
Darwin-arm64,Apple M2 Pro,clang-17.0.0 (clang-1700.0.13.5),SM4-128,ttable-2k,block,64,15,3615000,262144,13.790130615,0.072515629,,ok
Darwin-arm64,Apple M2 Pro,clang-17.0.0 (clang-1700.0.13.5),SM4-128,ttable-2k,block,512,1,3555000,262144,13.561248779,0.073739522,,ok
Darwin-arm64,Apple M2 Pro,clang-17.0.0 (clang-1700.0.13.5),SM4-128,ttable-2k,block,512,2,3612000,262144,13.778686523,0.072575858,,ok
Darwin-arm64,Apple M2 Pro,clang-17.0.0 (clang-1700.0.13.5),SM4-128,ttable-2k,block,512,3,3543000,262144,13.515472412,0.073989275,,ok
Darwin-arm64,Apple M2 Pro,clang-17.0.0 (clang-1700.0.13.5),SM4-128,ttable-2k,block,512,4,3658000,262144,13.954162598,0.071663204,,ok
Darwin-arm64,Apple M2 Pro,clang-17.0.0 (clang-1700.0.13.5),SM4-128,ttable-2k,block,512,5,3469000,262144,13.233184814,0.075567599,,ok
Darwin-arm64,Apple M2 Pro,clang-17.0.0 (clang-1700.0.13.5),SM4-128,ttable-2k,block,512,6,3585000,262144,13.675689697,0.073122455,,ok
Darwin-arm64,Apple M2 Pro,clang-17.0.0 (clang-1700.0.13.5),SM4-128,ttable-2k,block,512,7,3490000,262144,13.313293457,0.075112894,,ok
Darwin-arm64,Apple M2 Pro,clang-17.0.0 (clang-1700.0.13.5),SM4-128,ttable-2k,block,512,8,3598000,262144,13.725280762,0.072858255,,ok
Darwin-arm64,Apple M2 Pro,clang-17.0.0 (clang-1700.0.13.5),SM4-128,ttable-2k,block,512,9,3612000,262144,13.778686523,0.072575858,,ok
Darwin-arm64,Apple M2 Pro,clang-17.0.0 (clang-1700.0.13.5),SM4-128,ttable-2k,block,512,10,3482000,262144,13.282775879,0.075285468,,ok
Darwin-arm64,Apple M2 Pro,clang-17.0.0 (clang-1700.0.13.5),SM4-128,ttable-2k,block,512,11,3531000,262144,13.469696045,0.074240725,,ok
Darwin-arm64,Apple M2 Pro,clang-17.0.0 (clang-1700.0.13.5),SM4-128,ttable-2k,block,512,12,3539000,262144,13.500213623,0.074072902,,ok
Darwin-arm64,Apple M2 Pro,clang-17.0.0 (clang-1700.0.13.5),SM4-128,ttable-2k,block,512,13,3635000,262144,13.866424561,0.072116644,,ok
Darwin-arm64,Apple M2 Pro,clang-17.0.0 (clang-1700.0.13.5),SM4-128,ttable-2k,block,512,14,3594000,262144,13.710021973,0.072939343,,ok
Darwin-arm64,Apple M2 Pro,clang-17.0.0 (clang-1700.0.13.5),SM4-128,ttable-2k,block,512,15,3477000,262144,13.263702393,0.075393730,,ok
Darwin-arm64,Apple M2 Pro,clang-17.0.0 (clang-1700.0.13.5),SM4-128,ttable-2k,block,4096,1,3454000,262144,13.175964355,0.075895773,,ok
Darwin-arm64,Apple M2 Pro,clang-17.0.0 (clang-1700.0.13.5),SM4-128,ttable-2k,block,4096,2,3477000,262144,13.263702393,0.075393730,,ok
Darwin-arm64,Apple M2 Pro,clang-17.0.0 (clang-1700.0.13.5),SM4-128,ttable-2k,block,4096,3,3534000,262144,13.481140137,0.074177702,,ok
Darwin-arm64,Apple M2 Pro,clang-17.0.0 (clang-1700.0.13.5),SM4-128,ttable-2k,block,4096,4,3572000,262144,13.626098633,0.073388578,,ok
Darwin-arm64,Apple M2 Pro,clang-17.0.0 (clang-1700.0.13.5),SM4-128,ttable-2k,block,4096,5,3648000,262144,13.916015625,0.071859649,,ok
Darwin-arm64,Apple M2 Pro,clang-17.0.0 (clang-1700.0.13.5),SM4-128,ttable-2k,block,4096,6,3493000,262144,13.324737549,0.075048382,,ok
Darwin-arm64,Apple M2 Pro,clang-17.0.0 (clang-1700.0.13.5),SM4-128,ttable-2k,block,4096,7,3616000,262144,13.793945312,0.072495575,,ok
Darwin-arm64,Apple M2 Pro,clang-17.0.0 (clang-1700.0.13.5),SM4-128,ttable-2k,block,4096,8,3459000,262144,13.195037842,0.075786065,,ok
Darwin-arm64,Apple M2 Pro,clang-17.0.0 (clang-1700.0.13.5),SM4-128,ttable-2k,block,4096,9,3528000,262144,13.458251953,0.074303855,,ok
Darwin-arm64,Apple M2 Pro,clang-17.0.0 (clang-1700.0.13.5),SM4-128,ttable-2k,block,4096,10,3692000,262144,14.083862305,0.071003250,,ok
Darwin-arm64,Apple M2 Pro,clang-17.0.0 (clang-1700.0.13.5),SM4-128,ttable-2k,block,4096,11,3499000,262144,13.347625732,0.074919691,,ok
Darwin-arm64,Apple M2 Pro,clang-17.0.0 (clang-1700.0.13.5),SM4-128,ttable-2k,block,4096,12,3454000,262144,13.175964355,0.075895773,,ok
Darwin-arm64,Apple M2 Pro,clang-17.0.0 (clang-1700.0.13.5),SM4-128,ttable-2k,block,4096,13,3494000,262144,13.328552246,0.075026903,,ok
Darwin-arm64,Apple M2 Pro,clang-17.0.0 (clang-1700.0.13.5),SM4-128,ttable-2k,block,4096,14,3480000,262144,13.275146484,0.075328736,,ok
Darwin-arm64,Apple M2 Pro,clang-17.0.0 (clang-1700.0.13.5),SM4-128,ttable-2k,block,4096,15,3457000,262144,13.187408447,0.075829910,,ok
Darwin-arm64,Apple M2 Pro,clang-17.0.0 (clang-1700.0.13.5),SM4-128,ttable-2k,block,8192,1,3613000,262144,13.782501221,0.072555771,,ok
Darwin-arm64,Apple M2 Pro,clang-17.0.0 (clang-1700.0.13.5),SM4-128,ttable-2k,block,8192,2,3460000,262144,13.198852539,0.075764162,,ok
Darwin-arm64,Apple M2 Pro,clang-17.0.0 (clang-1700.0.13.5),SM4-128,ttable-2k,block,8192,3,3533000,262144,13.477325439,0.074198698,,ok
Darwin-arm64,Apple M2 Pro,clang-17.0.0 (clang-1700.0.13.5),SM4-128,ttable-2k,block,8192,4,3484000,262144,13.290405273,0.075242250,,ok
Darwin-arm64,Apple M2 Pro,clang-17.0.0 (clang-1700.0.13.5),SM4-128,ttable-2k,block,8192,5,3525000,262144,13.446807861,0.074367092,,ok
Darwin-arm64,Apple M2 Pro,clang-17.0.0 (clang-1700.0.13.5),SM4-128,ttable-2k,block,8192,6,3661000,262144,13.965606689,0.071604480,,ok
Darwin-arm64,Apple M2 Pro,clang-17.0.0 (clang-1700.0.13.5),SM4-128,ttable-2k,block,8192,7,3551000,262144,13.545989990,0.073822585,,ok
Darwin-arm64,Apple M2 Pro,clang-17.0.0 (clang-1700.0.13.5),SM4-128,ttable-2k,block,8192,8,3501000,262144,13.355255127,0.074876892,,ok
Darwin-arm64,Apple M2 Pro,clang-17.0.0 (clang-1700.0.13.5),SM4-128,ttable-2k,block,8192,9,3506000,262144,13.374328613,0.074770108,,ok
Darwin-arm64,Apple M2 Pro,clang-17.0.0 (clang-1700.0.13.5),SM4-128,ttable-2k,block,8192,10,3574000,262144,13.633728027,0.073347510,,ok
Darwin-arm64,Apple M2 Pro,clang-17.0.0 (clang-1700.0.13.5),SM4-128,ttable-2k,block,8192,11,3583000,262144,13.668060303,0.073163271,,ok
Darwin-arm64,Apple M2 Pro,clang-17.0.0 (clang-1700.0.13.5),SM4-128,ttable-2k,block,8192,12,3596000,262144,13.717651367,0.072898776,,ok
Darwin-arm64,Apple M2 Pro,clang-17.0.0 (clang-1700.0.13.5),SM4-128,ttable-2k,block,8192,13,3497000,262144,13.339996338,0.074962539,,ok
Darwin-arm64,Apple M2 Pro,clang-17.0.0 (clang-1700.0.13.5),SM4-128,ttable-2k,block,8192,14,3491000,262144,13.317108154,0.075091378,,ok
Darwin-arm64,Apple M2 Pro,clang-17.0.0 (clang-1700.0.13.5),SM4-128,ttable-2k,block,8192,15,3632000,262144,13.854980469,0.072176211,,ok
Darwin-arm64,Apple M2 Pro,clang-17.0.0 (clang-1700.0.13.5),SM4-128,ttable-2k,block,65536,1,3574000,262144,13.633728027,0.073347510,,ok
Darwin-arm64,Apple M2 Pro,clang-17.0.0 (clang-1700.0.13.5),SM4-128,ttable-2k,block,65536,2,3619000,262144,13.805389404,0.072435479,,ok
Darwin-arm64,Apple M2 Pro,clang-17.0.0 (clang-1700.0.13.5),SM4-128,ttable-2k,block,65536,3,3520000,262144,13.427734375,0.074472727,,ok
Darwin-arm64,Apple M2 Pro,clang-17.0.0 (clang-1700.0.13.5),SM4-128,ttable-2k,block,65536,4,3472000,262144,13.244628906,0.075502304,,ok
Darwin-arm64,Apple M2 Pro,clang-17.0.0 (clang-1700.0.13.5),SM4-128,ttable-2k,block,65536,5,3487000,262144,13.301849365,0.075177516,,ok
Darwin-arm64,Apple M2 Pro,clang-17.0.0 (clang-1700.0.13.5),SM4-128,ttable-2k,block,65536,6,3655000,262144,13.942718506,0.071722025,,ok
Darwin-arm64,Apple M2 Pro,clang-17.0.0 (clang-1700.0.13.5),SM4-128,ttable-2k,block,65536,7,3566000,262144,13.603210449,0.073512058,,ok
Darwin-arm64,Apple M2 Pro,clang-17.0.0 (clang-1700.0.13.5),SM4-128,ttable-2k,block,65536,8,3510000,262144,13.389587402,0.074684900,,ok
Darwin-arm64,Apple M2 Pro,clang-17.0.0 (clang-1700.0.13.5),SM4-128,ttable-2k,block,65536,9,3499000,262144,13.347625732,0.074919691,,ok
Darwin-arm64,Apple M2 Pro,clang-17.0.0 (clang-1700.0.13.5),SM4-128,ttable-2k,block,65536,10,3480000,262144,13.275146484,0.075328736,,ok
Darwin-arm64,Apple M2 Pro,clang-17.0.0 (clang-1700.0.13.5),SM4-128,ttable-2k,block,65536,11,3510000,262144,13.389587402,0.074684900,,ok
Darwin-arm64,Apple M2 Pro,clang-17.0.0 (clang-1700.0.13.5),SM4-128,ttable-2k,block,65536,12,3524000,262144,13.442993164,0.074388195,,ok
Darwin-arm64,Apple M2 Pro,clang-17.0.0 (clang-1700.0.13.5),SM4-128,ttable-2k,block,65536,13,3581000,262144,13.660430908,0.073204133,,ok
Darwin-arm64,Apple M2 Pro,clang-17.0.0 (clang-1700.0.13.5),SM4-128,ttable-2k,block,65536,14,3485000,262144,13.294219971,0.075220660,,ok
Darwin-arm64,Apple M2 Pro,clang-17.0.0 (clang-1700.0.13.5),SM4-128,ttable-2k,block,65536,15,3663000,262144,13.973236084,0.071565384,,ok
Darwin-arm64,Apple M2 Pro,clang-17.0.0 (clang-1700.0.13.5),SM4-128,ttable-2k,block,1048576,1,14182000,1048576,13.525009155,0.073937103,,ok
Darwin-arm64,Apple M2 Pro,clang-17.0.0 (clang-1700.0.13.5),SM4-128,ttable-2k,block,1048576,2,14270000,1048576,13.608932495,0.073481149,,ok
Darwin-arm64,Apple M2 Pro,clang-17.0.0 (clang-1700.0.13.5),SM4-128,ttable-2k,block,1048576,3,14159000,1048576,13.503074646,0.074057207,,ok
Darwin-arm64,Apple M2 Pro,clang-17.0.0 (clang-1700.0.13.5),SM4-128,ttable-2k,block,1048576,4,14121000,1048576,13.466835022,0.074256497,,ok
Darwin-arm64,Apple M2 Pro,clang-17.0.0 (clang-1700.0.13.5),SM4-128,ttable-2k,block,1048576,5,14106000,1048576,13.452529907,0.074335460,,ok
Darwin-arm64,Apple M2 Pro,clang-17.0.0 (clang-1700.0.13.5),SM4-128,ttable-2k,block,1048576,6,14232000,1048576,13.572692871,0.073677347,,ok
Darwin-arm64,Apple M2 Pro,clang-17.0.0 (clang-1700.0.13.5),SM4-128,ttable-2k,block,1048576,7,14422000,1048576,13.753890991,0.072706698,,ok
Darwin-arm64,Apple M2 Pro,clang-17.0.0 (clang-1700.0.13.5),SM4-128,ttable-2k,block,1048576,8,14036000,1048576,13.385772705,0.074706184,,ok
Darwin-arm64,Apple M2 Pro,clang-17.0.0 (clang-1700.0.13.5),SM4-128,ttable-2k,block,1048576,9,13997000,1048576,13.348579407,0.074914339,,ok
Darwin-arm64,Apple M2 Pro,clang-17.0.0 (clang-1700.0.13.5),SM4-128,ttable-2k,block,1048576,10,14299000,1048576,13.636589050,0.073332121,,ok
Darwin-arm64,Apple M2 Pro,clang-17.0.0 (clang-1700.0.13.5),SM4-128,ttable-2k,block,1048576,11,14096000,1048576,13.442993164,0.074388195,,ok
Darwin-arm64,Apple M2 Pro,clang-17.0.0 (clang-1700.0.13.5),SM4-128,ttable-2k,block,1048576,12,14121000,1048576,13.466835022,0.074256497,,ok
Darwin-arm64,Apple M2 Pro,clang-17.0.0 (clang-1700.0.13.5),SM4-128,ttable-2k,block,1048576,13,14222000,1048576,13.563156128,0.073729152,,ok
Darwin-arm64,Apple M2 Pro,clang-17.0.0 (clang-1700.0.13.5),SM4-128,ttable-2k,block,1048576,14,14350000,1048576,13.685226440,0.073071498,,ok
Darwin-arm64,Apple M2 Pro,clang-17.0.0 (clang-1700.0.13.5),SM4-128,ttable-2k,block,1048576,15,14179000,1048576,13.522148132,0.073952747,,ok
Darwin-arm64,Apple M2 Pro,clang-17.0.0 (clang-1700.0.13.5),SM4-128,shuffle,block,64,1,2374000,262144,9.056091309,0.110422915,,ok
Darwin-arm64,Apple M2 Pro,clang-17.0.0 (clang-1700.0.13.5),SM4-128,shuffle,block,64,2,2411000,262144,9.197235107,0.108728328,,ok
Darwin-arm64,Apple M2 Pro,clang-17.0.0 (clang-1700.0.13.5),SM4-128,shuffle,block,64,3,2431000,262144,9.273529053,0.107833813,,ok
Darwin-arm64,Apple M2 Pro,clang-17.0.0 (clang-1700.0.13.5),SM4-128,shuffle,block,64,4,2383000,262144,9.090423584,0.110005875,,ok
Darwin-arm64,Apple M2 Pro,clang-17.0.0 (clang-1700.0.13.5),SM4-128,shuffle,block,64,5,2364000,262144,9.017944336,0.110890017,,ok
Darwin-arm64,Apple M2 Pro,clang-17.0.0 (clang-1700.0.13.5),SM4-128,shuffle,block,64,6,2370000,262144,9.040832520,0.110609283,,ok
Darwin-arm64,Apple M2 Pro,clang-17.0.0 (clang-1700.0.13.5),SM4-128,shuffle,block,64,7,2375000,262144,9.059906006,0.110376421,,ok
Darwin-arm64,Apple M2 Pro,clang-17.0.0 (clang-1700.0.13.5),SM4-128,shuffle,block,64,8,2368000,262144,9.033203125,0.110702703,,ok
Darwin-arm64,Apple M2 Pro,clang-17.0.0 (clang-1700.0.13.5),SM4-128,shuffle,block,64,9,2414000,262144,9.208679199,0.108593206,,ok
Darwin-arm64,Apple M2 Pro,clang-17.0.0 (clang-1700.0.13.5),SM4-128,shuffle,block,64,10,2429000,262144,9.265899658,0.107922602,,ok
Darwin-arm64,Apple M2 Pro,clang-17.0.0 (clang-1700.0.13.5),SM4-128,shuffle,block,64,11,2507000,262144,9.563446045,0.104564819,,ok
Darwin-arm64,Apple M2 Pro,clang-17.0.0 (clang-1700.0.13.5),SM4-128,shuffle,block,64,12,2372000,262144,9.048461914,0.110516020,,ok
Darwin-arm64,Apple M2 Pro,clang-17.0.0 (clang-1700.0.13.5),SM4-128,shuffle,block,64,13,2365000,262144,9.021759033,0.110843129,,ok
Darwin-arm64,Apple M2 Pro,clang-17.0.0 (clang-1700.0.13.5),SM4-128,shuffle,block,64,14,2354000,262144,8.979797363,0.111361088,,ok
Darwin-arm64,Apple M2 Pro,clang-17.0.0 (clang-1700.0.13.5),SM4-128,shuffle,block,64,15,2455000,262144,9.365081787,0.106779633,,ok
Darwin-arm64,Apple M2 Pro,clang-17.0.0 (clang-1700.0.13.5),SM4-128,shuffle,block,512,1,2330000,262144,8.888244629,0.112508155,,ok
Darwin-arm64,Apple M2 Pro,clang-17.0.0 (clang-1700.0.13.5),SM4-128,shuffle,block,512,2,2309000,262144,8.808135986,0.113531399,,ok
Darwin-arm64,Apple M2 Pro,clang-17.0.0 (clang-1700.0.13.5),SM4-128,shuffle,block,512,3,2299000,262144,8.769989014,0.114025228,,ok
Darwin-arm64,Apple M2 Pro,clang-17.0.0 (clang-1700.0.13.5),SM4-128,shuffle,block,512,4,2293000,262144,8.747100830,0.114323594,,ok
Darwin-arm64,Apple M2 Pro,clang-17.0.0 (clang-1700.0.13.5),SM4-128,shuffle,block,512,5,2340000,262144,8.926391602,0.112027350,,ok
Darwin-arm64,Apple M2 Pro,clang-17.0.0 (clang-1700.0.13.5),SM4-128,shuffle,block,512,6,2396000,262144,9.140014648,0.109409015,,ok
Darwin-arm64,Apple M2 Pro,clang-17.0.0 (clang-1700.0.13.5),SM4-128,shuffle,block,512,7,2436000,262144,9.292602539,0.107612479,,ok
Darwin-arm64,Apple M2 Pro,clang-17.0.0 (clang-1700.0.13.5),SM4-128,shuffle,block,512,8,2297000,262144,8.762359619,0.114124510,,ok
Darwin-arm64,Apple M2 Pro,clang-17.0.0 (clang-1700.0.13.5),SM4-128,shuffle,block,512,9,2314000,262144,8.827209473,0.113286085,,ok
Darwin-arm64,Apple M2 Pro,clang-17.0.0 (clang-1700.0.13.5),SM4-128,shuffle,block,512,10,2308000,262144,8.804321289,0.113580589,,ok
Darwin-arm64,Apple M2 Pro,clang-17.0.0 (clang-1700.0.13.5),SM4-128,shuffle,block,512,11,2316000,262144,8.834838867,0.113188256,,ok
Darwin-arm64,Apple M2 Pro,clang-17.0.0 (clang-1700.0.13.5),SM4-128,shuffle,block,512,12,2327000,262144,8.876800537,0.112653202,,ok
Darwin-arm64,Apple M2 Pro,clang-17.0.0 (clang-1700.0.13.5),SM4-128,shuffle,block,512,13,2300000,262144,8.773803711,0.113975652,,ok
Darwin-arm64,Apple M2 Pro,clang-17.0.0 (clang-1700.0.13.5),SM4-128,shuffle,block,512,14,2372000,262144,9.048461914,0.110516020,,ok
Darwin-arm64,Apple M2 Pro,clang-17.0.0 (clang-1700.0.13.5),SM4-128,shuffle,block,512,15,2304000,262144,8.789062500,0.113777778,,ok
Darwin-arm64,Apple M2 Pro,clang-17.0.0 (clang-1700.0.13.5),SM4-128,shuffle,block,4096,1,2386000,262144,9.101867676,0.109867561,,ok
Darwin-arm64,Apple M2 Pro,clang-17.0.0 (clang-1700.0.13.5),SM4-128,shuffle,block,4096,2,2373000,262144,9.052276611,0.110469448,,ok
Darwin-arm64,Apple M2 Pro,clang-17.0.0 (clang-1700.0.13.5),SM4-128,shuffle,block,4096,3,2319000,262144,8.846282959,0.113041828,,ok
Darwin-arm64,Apple M2 Pro,clang-17.0.0 (clang-1700.0.13.5),SM4-128,shuffle,block,4096,4,2347000,262144,8.953094482,0.111693225,,ok
Darwin-arm64,Apple M2 Pro,clang-17.0.0 (clang-1700.0.13.5),SM4-128,shuffle,block,4096,5,2305000,262144,8.792877197,0.113728416,,ok
Darwin-arm64,Apple M2 Pro,clang-17.0.0 (clang-1700.0.13.5),SM4-128,shuffle,block,4096,6,2300000,262144,8.773803711,0.113975652,,ok
Darwin-arm64,Apple M2 Pro,clang-17.0.0 (clang-1700.0.13.5),SM4-128,shuffle,block,4096,7,2291000,262144,8.739471436,0.114423396,,ok
Darwin-arm64,Apple M2 Pro,clang-17.0.0 (clang-1700.0.13.5),SM4-128,shuffle,block,4096,8,2361000,262144,9.006500244,0.111030919,,ok
Darwin-arm64,Apple M2 Pro,clang-17.0.0 (clang-1700.0.13.5),SM4-128,shuffle,block,4096,9,2347000,262144,8.953094482,0.111693225,,ok
Darwin-arm64,Apple M2 Pro,clang-17.0.0 (clang-1700.0.13.5),SM4-128,shuffle,block,4096,10,2370000,262144,9.040832520,0.110609283,,ok
Darwin-arm64,Apple M2 Pro,clang-17.0.0 (clang-1700.0.13.5),SM4-128,shuffle,block,4096,11,2359000,262144,8.998870850,0.111125053,,ok
Darwin-arm64,Apple M2 Pro,clang-17.0.0 (clang-1700.0.13.5),SM4-128,shuffle,block,4096,12,2367000,262144,9.029388428,0.110749472,,ok
Darwin-arm64,Apple M2 Pro,clang-17.0.0 (clang-1700.0.13.5),SM4-128,shuffle,block,4096,13,2314000,262144,8.827209473,0.113286085,,ok
Darwin-arm64,Apple M2 Pro,clang-17.0.0 (clang-1700.0.13.5),SM4-128,shuffle,block,4096,14,2309000,262144,8.808135986,0.113531399,,ok
Darwin-arm64,Apple M2 Pro,clang-17.0.0 (clang-1700.0.13.5),SM4-128,shuffle,block,4096,15,2470000,262144,9.422302246,0.106131174,,ok
Darwin-arm64,Apple M2 Pro,clang-17.0.0 (clang-1700.0.13.5),SM4-128,shuffle,block,8192,1,2386000,262144,9.101867676,0.109867561,,ok
Darwin-arm64,Apple M2 Pro,clang-17.0.0 (clang-1700.0.13.5),SM4-128,shuffle,block,8192,2,2303000,262144,8.785247803,0.113827182,,ok
Darwin-arm64,Apple M2 Pro,clang-17.0.0 (clang-1700.0.13.5),SM4-128,shuffle,block,8192,3,2287000,262144,8.724212646,0.114623524,,ok
Darwin-arm64,Apple M2 Pro,clang-17.0.0 (clang-1700.0.13.5),SM4-128,shuffle,block,8192,4,2363000,262144,9.014129639,0.110936945,,ok
Darwin-arm64,Apple M2 Pro,clang-17.0.0 (clang-1700.0.13.5),SM4-128,shuffle,block,8192,5,2343000,262144,8.937835693,0.111883910,,ok
Darwin-arm64,Apple M2 Pro,clang-17.0.0 (clang-1700.0.13.5),SM4-128,shuffle,block,8192,6,2387000,262144,9.105682373,0.109821533,,ok
Darwin-arm64,Apple M2 Pro,clang-17.0.0 (clang-1700.0.13.5),SM4-128,shuffle,block,8192,7,2284000,262144,8.712768555,0.114774081,,ok
Darwin-arm64,Apple M2 Pro,clang-17.0.0 (clang-1700.0.13.5),SM4-128,shuffle,block,8192,8,2408000,262144,9.185791016,0.108863787,,ok
Darwin-arm64,Apple M2 Pro,clang-17.0.0 (clang-1700.0.13.5),SM4-128,shuffle,block,8192,9,2291000,262144,8.739471436,0.114423396,,ok
Darwin-arm64,Apple M2 Pro,clang-17.0.0 (clang-1700.0.13.5),SM4-128,shuffle,block,8192,10,2285000,262144,8.716583252,0.114723851,,ok
Darwin-arm64,Apple M2 Pro,clang-17.0.0 (clang-1700.0.13.5),SM4-128,shuffle,block,8192,11,2287000,262144,8.724212646,0.114623524,,ok
Darwin-arm64,Apple M2 Pro,clang-17.0.0 (clang-1700.0.13.5),SM4-128,shuffle,block,8192,12,2327000,262144,8.876800537,0.112653202,,ok
Darwin-arm64,Apple M2 Pro,clang-17.0.0 (clang-1700.0.13.5),SM4-128,shuffle,block,8192,13,2307000,262144,8.800506592,0.113629822,,ok
Darwin-arm64,Apple M2 Pro,clang-17.0.0 (clang-1700.0.13.5),SM4-128,shuffle,block,8192,14,2290000,262144,8.735656738,0.114473362,,ok
Darwin-arm64,Apple M2 Pro,clang-17.0.0 (clang-1700.0.13.5),SM4-128,shuffle,block,8192,15,2490000,262144,9.498596191,0.105278715,,ok
Darwin-arm64,Apple M2 Pro,clang-17.0.0 (clang-1700.0.13.5),SM4-128,shuffle,block,65536,1,2290000,262144,8.735656738,0.114473362,,ok
Darwin-arm64,Apple M2 Pro,clang-17.0.0 (clang-1700.0.13.5),SM4-128,shuffle,block,65536,2,2314000,262144,8.827209473,0.113286085,,ok
Darwin-arm64,Apple M2 Pro,clang-17.0.0 (clang-1700.0.13.5),SM4-128,shuffle,block,65536,3,2289000,262144,8.731842041,0.114523373,,ok
Darwin-arm64,Apple M2 Pro,clang-17.0.0 (clang-1700.0.13.5),SM4-128,shuffle,block,65536,4,2295000,262144,8.754730225,0.114223965,,ok
Darwin-arm64,Apple M2 Pro,clang-17.0.0 (clang-1700.0.13.5),SM4-128,shuffle,block,65536,5,2350000,262144,8.964538574,0.111550638,,ok
Darwin-arm64,Apple M2 Pro,clang-17.0.0 (clang-1700.0.13.5),SM4-128,shuffle,block,65536,6,2309000,262144,8.808135986,0.113531399,,ok
Darwin-arm64,Apple M2 Pro,clang-17.0.0 (clang-1700.0.13.5),SM4-128,shuffle,block,65536,7,2294000,262144,8.750915527,0.114273758,,ok
Darwin-arm64,Apple M2 Pro,clang-17.0.0 (clang-1700.0.13.5),SM4-128,shuffle,block,65536,8,2300000,262144,8.773803711,0.113975652,,ok
Darwin-arm64,Apple M2 Pro,clang-17.0.0 (clang-1700.0.13.5),SM4-128,shuffle,block,65536,9,2361000,262144,9.006500244,0.111030919,,ok
Darwin-arm64,Apple M2 Pro,clang-17.0.0 (clang-1700.0.13.5),SM4-128,shuffle,block,65536,10,2297000,262144,8.762359619,0.114124510,,ok
Darwin-arm64,Apple M2 Pro,clang-17.0.0 (clang-1700.0.13.5),SM4-128,shuffle,block,65536,11,2320000,262144,8.850097656,0.112993103,,ok
Darwin-arm64,Apple M2 Pro,clang-17.0.0 (clang-1700.0.13.5),SM4-128,shuffle,block,65536,12,2301000,262144,8.777618408,0.113926119,,ok
Darwin-arm64,Apple M2 Pro,clang-17.0.0 (clang-1700.0.13.5),SM4-128,shuffle,block,65536,13,2318000,262144,8.842468262,0.113090595,,ok
Darwin-arm64,Apple M2 Pro,clang-17.0.0 (clang-1700.0.13.5),SM4-128,shuffle,block,65536,14,2336000,262144,8.911132812,0.112219178,,ok
Darwin-arm64,Apple M2 Pro,clang-17.0.0 (clang-1700.0.13.5),SM4-128,shuffle,block,65536,15,2293000,262144,8.747100830,0.114323594,,ok
Darwin-arm64,Apple M2 Pro,clang-17.0.0 (clang-1700.0.13.5),SM4-128,shuffle,block,1048576,1,9349000,1048576,8.915901184,0.112159161,,ok
Darwin-arm64,Apple M2 Pro,clang-17.0.0 (clang-1700.0.13.5),SM4-128,shuffle,block,1048576,2,9445000,1048576,9.007453918,0.111019164,,ok
Darwin-arm64,Apple M2 Pro,clang-17.0.0 (clang-1700.0.13.5),SM4-128,shuffle,block,1048576,3,9277000,1048576,8.847236633,0.113029643,,ok
Darwin-arm64,Apple M2 Pro,clang-17.0.0 (clang-1700.0.13.5),SM4-128,shuffle,block,1048576,4,9238000,1048576,8.810043335,0.113506820,,ok
Darwin-arm64,Apple M2 Pro,clang-17.0.0 (clang-1700.0.13.5),SM4-128,shuffle,block,1048576,5,9257000,1048576,8.828163147,0.113273847,,ok
Darwin-arm64,Apple M2 Pro,clang-17.0.0 (clang-1700.0.13.5),SM4-128,shuffle,block,1048576,6,9323000,1048576,8.891105652,0.112471951,,ok
Darwin-arm64,Apple M2 Pro,clang-17.0.0 (clang-1700.0.13.5),SM4-128,shuffle,block,1048576,7,9314000,1048576,8.882522583,0.112580631,,ok
Darwin-arm64,Apple M2 Pro,clang-17.0.0 (clang-1700.0.13.5),SM4-128,shuffle,block,1048576,8,9449000,1048576,9.011268616,0.110972166,,ok
Darwin-arm64,Apple M2 Pro,clang-17.0.0 (clang-1700.0.13.5),SM4-128,shuffle,block,1048576,9,9280000,1048576,8.850097656,0.112993103,,ok
Darwin-arm64,Apple M2 Pro,clang-17.0.0 (clang-1700.0.13.5),SM4-128,shuffle,block,1048576,10,9417000,1048576,8.980751038,0.111349262,,ok
Darwin-arm64,Apple M2 Pro,clang-17.0.0 (clang-1700.0.13.5),SM4-128,shuffle,block,1048576,11,9340000,1048576,8.907318115,0.112267238,,ok
Darwin-arm64,Apple M2 Pro,clang-17.0.0 (clang-1700.0.13.5),SM4-128,shuffle,block,1048576,12,9353000,1048576,8.919715881,0.112111194,,ok
Darwin-arm64,Apple M2 Pro,clang-17.0.0 (clang-1700.0.13.5),SM4-128,shuffle,block,1048576,13,9329000,1048576,8.896827698,0.112399614,,ok
Darwin-arm64,Apple M2 Pro,clang-17.0.0 (clang-1700.0.13.5),SM4-128,shuffle,block,1048576,14,9348000,1048576,8.914947510,0.112171160,,ok
Darwin-arm64,Apple M2 Pro,clang-17.0.0 (clang-1700.0.13.5),SM4-128,shuffle,block,1048576,15,9369000,1048576,8.934974670,0.111919735,,ok
Darwin-arm64,Apple M2 Pro,clang-17.0.0 (clang-1700.0.13.5),SM4-128,aes-hw,block,64,1,2726000,262144,10.398864746,0.096164343,,ok
Darwin-arm64,Apple M2 Pro,clang-17.0.0 (clang-1700.0.13.5),SM4-128,aes-hw,block,64,2,2709000,262144,10.334014893,0.096767811,,ok
Darwin-arm64,Apple M2 Pro,clang-17.0.0 (clang-1700.0.13.5),SM4-128,aes-hw,block,64,3,2764000,262144,10.543823242,0.094842258,,ok
Darwin-arm64,Apple M2 Pro,clang-17.0.0 (clang-1700.0.13.5),SM4-128,aes-hw,block,64,4,2717000,262144,10.364532471,0.096482886,,ok
Darwin-arm64,Apple M2 Pro,clang-17.0.0 (clang-1700.0.13.5),SM4-128,aes-hw,block,64,5,2708000,262144,10.330200195,0.096803545,,ok
Darwin-arm64,Apple M2 Pro,clang-17.0.0 (clang-1700.0.13.5),SM4-128,aes-hw,block,64,6,2747000,262144,10.478973389,0.095429195,,ok
Darwin-arm64,Apple M2 Pro,clang-17.0.0 (clang-1700.0.13.5),SM4-128,aes-hw,block,64,7,2732000,262144,10.421752930,0.095953148,,ok
Darwin-arm64,Apple M2 Pro,clang-17.0.0 (clang-1700.0.13.5),SM4-128,aes-hw,block,64,8,2707000,262144,10.326385498,0.096839306,,ok
Darwin-arm64,Apple M2 Pro,clang-17.0.0 (clang-1700.0.13.5),SM4-128,aes-hw,block,64,9,2748000,262144,10.482788086,0.095394469,,ok
Darwin-arm64,Apple M2 Pro,clang-17.0.0 (clang-1700.0.13.5),SM4-128,aes-hw,block,64,10,2839000,262144,10.829925537,0.092336738,,ok
Darwin-arm64,Apple M2 Pro,clang-17.0.0 (clang-1700.0.13.5),SM4-128,aes-hw,block,64,11,2707000,262144,10.326385498,0.096839306,,ok
Darwin-arm64,Apple M2 Pro,clang-17.0.0 (clang-1700.0.13.5),SM4-128,aes-hw,block,64,12,2766000,262144,10.551452637,0.094773680,,ok
Darwin-arm64,Apple M2 Pro,clang-17.0.0 (clang-1700.0.13.5),SM4-128,aes-hw,block,64,13,2707000,262144,10.326385498,0.096839306,,ok
Darwin-arm64,Apple M2 Pro,clang-17.0.0 (clang-1700.0.13.5),SM4-128,aes-hw,block,64,14,2732000,262144,10.421752930,0.095953148,,ok
Darwin-arm64,Apple M2 Pro,clang-17.0.0 (clang-1700.0.13.5),SM4-128,aes-hw,block,64,15,2760000,262144,10.528564453,0.094979710,,ok
Darwin-arm64,Apple M2 Pro,clang-17.0.0 (clang-1700.0.13.5),SM4-128,aes-hw,block,512,1,2710000,262144,10.337829590,0.096732103,,ok
Darwin-arm64,Apple M2 Pro,clang-17.0.0 (clang-1700.0.13.5),SM4-128,aes-hw,block,512,2,2707000,262144,10.326385498,0.096839306,,ok
Darwin-arm64,Apple M2 Pro,clang-17.0.0 (clang-1700.0.13.5),SM4-128,aes-hw,block,512,3,2761000,262144,10.532379150,0.094945310,,ok
Darwin-arm64,Apple M2 Pro,clang-17.0.0 (clang-1700.0.13.5),SM4-128,aes-hw,block,512,4,2743000,262144,10.463714600,0.095568356,,ok
Darwin-arm64,Apple M2 Pro,clang-17.0.0 (clang-1700.0.13.5),SM4-128,aes-hw,block,512,5,2692000,262144,10.269165039,0.097378900,,ok
Darwin-arm64,Apple M2 Pro,clang-17.0.0 (clang-1700.0.13.5),SM4-128,aes-hw,block,512,6,2735000,262144,10.433197021,0.095847898,,ok
Darwin-arm64,Apple M2 Pro,clang-17.0.0 (clang-1700.0.13.5),SM4-128,aes-hw,block,512,7,2740000,262144,10.452270508,0.095672993,,ok
Darwin-arm64,Apple M2 Pro,clang-17.0.0 (clang-1700.0.13.5),SM4-128,aes-hw,block,512,8,2717000,262144,10.364532471,0.096482886,,ok
Darwin-arm64,Apple M2 Pro,clang-17.0.0 (clang-1700.0.13.5),SM4-128,aes-hw,block,512,9,2743000,262144,10.463714600,0.095568356,,ok
Darwin-arm64,Apple M2 Pro,clang-17.0.0 (clang-1700.0.13.5),SM4-128,aes-hw,block,512,10,2720000,262144,10.375976562,0.096376471,,ok
Darwin-arm64,Apple M2 Pro,clang-17.0.0 (clang-1700.0.13.5),SM4-128,aes-hw,block,512,11,2726000,262144,10.398864746,0.096164343,,ok
Darwin-arm64,Apple M2 Pro,clang-17.0.0 (clang-1700.0.13.5),SM4-128,aes-hw,block,512,12,2752000,262144,10.498046875,0.095255814,,ok
Darwin-arm64,Apple M2 Pro,clang-17.0.0 (clang-1700.0.13.5),SM4-128,aes-hw,block,512,13,2741000,262144,10.456085205,0.095638088,,ok
Darwin-arm64,Apple M2 Pro,clang-17.0.0 (clang-1700.0.13.5),SM4-128,aes-hw,block,512,14,2727000,262144,10.402679443,0.096129080,,ok
Darwin-arm64,Apple M2 Pro,clang-17.0.0 (clang-1700.0.13.5),SM4-128,aes-hw,block,512,15,2793000,262144,10.654449463,0.093857501,,ok
Darwin-arm64,Apple M2 Pro,clang-17.0.0 (clang-1700.0.13.5),SM4-128,aes-hw,block,4096,1,2705000,262144,10.318756104,0.096910906,,ok
Darwin-arm64,Apple M2 Pro,clang-17.0.0 (clang-1700.0.13.5),SM4-128,aes-hw,block,4096,2,2694000,262144,10.276794434,0.097306607,,ok
Darwin-arm64,Apple M2 Pro,clang-17.0.0 (clang-1700.0.13.5),SM4-128,aes-hw,block,4096,3,2780000,262144,10.604858398,0.094296403,,ok
Darwin-arm64,Apple M2 Pro,clang-17.0.0 (clang-1700.0.13.5),SM4-128,aes-hw,block,4096,4,2742000,262144,10.459899902,0.095603209,,ok
Darwin-arm64,Apple M2 Pro,clang-17.0.0 (clang-1700.0.13.5),SM4-128,aes-hw,block,4096,5,2726000,262144,10.398864746,0.096164343,,ok
Darwin-arm64,Apple M2 Pro,clang-17.0.0 (clang-1700.0.13.5),SM4-128,aes-hw,block,4096,6,2687000,262144,10.250091553,0.097560104,,ok
Darwin-arm64,Apple M2 Pro,clang-17.0.0 (clang-1700.0.13.5),SM4-128,aes-hw,block,4096,7,2745000,262144,10.471343994,0.095498725,,ok
Darwin-arm64,Apple M2 Pro,clang-17.0.0 (clang-1700.0.13.5),SM4-128,aes-hw,block,4096,8,2685000,262144,10.242462158,0.097632775,,ok
Darwin-arm64,Apple M2 Pro,clang-17.0.0 (clang-1700.0.13.5),SM4-128,aes-hw,block,4096,9,2728000,262144,10.406494141,0.096093842,,ok
Darwin-arm64,Apple M2 Pro,clang-17.0.0 (clang-1700.0.13.5),SM4-128,aes-hw,block,4096,10,2773000,262144,10.578155518,0.094534439,,ok
Darwin-arm64,Apple M2 Pro,clang-17.0.0 (clang-1700.0.13.5),SM4-128,aes-hw,block,4096,11,2737000,262144,10.440826416,0.095777859,,ok
Darwin-arm64,Apple M2 Pro,clang-17.0.0 (clang-1700.0.13.5),SM4-128,aes-hw,block,4096,12,2769000,262144,10.562896729,0.094671000,,ok
Darwin-arm64,Apple M2 Pro,clang-17.0.0 (clang-1700.0.13.5),SM4-128,aes-hw,block,4096,13,2699000,262144,10.295867920,0.097126343,,ok
Darwin-arm64,Apple M2 Pro,clang-17.0.0 (clang-1700.0.13.5),SM4-128,aes-hw,block,4096,14,2698000,262144,10.292053223,0.097162342,,ok
Darwin-arm64,Apple M2 Pro,clang-17.0.0 (clang-1700.0.13.5),SM4-128,aes-hw,block,4096,15,2730000,262144,10.414123535,0.096023443,,ok
Darwin-arm64,Apple M2 Pro,clang-17.0.0 (clang-1700.0.13.5),SM4-128,aes-hw,block,8192,1,2708000,262144,10.330200195,0.096803545,,ok
Darwin-arm64,Apple M2 Pro,clang-17.0.0 (clang-1700.0.13.5),SM4-128,aes-hw,block,8192,2,2718000,262144,10.368347168,0.096447388,,ok
Darwin-arm64,Apple M2 Pro,clang-17.0.0 (clang-1700.0.13.5),SM4-128,aes-hw,block,8192,3,2685000,262144,10.242462158,0.097632775,,ok
Darwin-arm64,Apple M2 Pro,clang-17.0.0 (clang-1700.0.13.5),SM4-128,aes-hw,block,8192,4,2696000,262144,10.284423828,0.097234421,,ok
Darwin-arm64,Apple M2 Pro,clang-17.0.0 (clang-1700.0.13.5),SM4-128,aes-hw,block,8192,5,2721000,262144,10.379791260,0.096341051,,ok
Darwin-arm64,Apple M2 Pro,clang-17.0.0 (clang-1700.0.13.5),SM4-128,aes-hw,block,8192,6,2703000,262144,10.311126709,0.096982612,,ok
Darwin-arm64,Apple M2 Pro,clang-17.0.0 (clang-1700.0.13.5),SM4-128,aes-hw,block,8192,7,2774000,262144,10.581970215,0.094500360,,ok
Darwin-arm64,Apple M2 Pro,clang-17.0.0 (clang-1700.0.13.5),SM4-128,aes-hw,block,8192,8,2700000,262144,10.299682617,0.097090370,,ok
Darwin-arm64,Apple M2 Pro,clang-17.0.0 (clang-1700.0.13.5),SM4-128,aes-hw,block,8192,9,2703000,262144,10.311126709,0.096982612,,ok
Darwin-arm64,Apple M2 Pro,clang-17.0.0 (clang-1700.0.13.5),SM4-128,aes-hw,block,8192,10,2742000,262144,10.459899902,0.095603209,,ok
Darwin-arm64,Apple M2 Pro,clang-17.0.0 (clang-1700.0.13.5),SM4-128,aes-hw,block,8192,11,2761000,262144,10.532379150,0.094945310,,ok
Darwin-arm64,Apple M2 Pro,clang-17.0.0 (clang-1700.0.13.5),SM4-128,aes-hw,block,8192,12,2686000,262144,10.246276855,0.097596426,,ok
Darwin-arm64,Apple M2 Pro,clang-17.0.0 (clang-1700.0.13.5),SM4-128,aes-hw,block,8192,13,2719000,262144,10.372161865,0.096411916,,ok
Darwin-arm64,Apple M2 Pro,clang-17.0.0 (clang-1700.0.13.5),SM4-128,aes-hw,block,8192,14,2711000,262144,10.341644287,0.096696422,,ok
Darwin-arm64,Apple M2 Pro,clang-17.0.0 (clang-1700.0.13.5),SM4-128,aes-hw,block,8192,15,2728000,262144,10.406494141,0.096093842,,ok
Darwin-arm64,Apple M2 Pro,clang-17.0.0 (clang-1700.0.13.5),SM4-128,aes-hw,block,65536,1,2757000,262144,10.517120361,0.095083061,,ok
Darwin-arm64,Apple M2 Pro,clang-17.0.0 (clang-1700.0.13.5),SM4-128,aes-hw,block,65536,2,2740000,262144,10.452270508,0.095672993,,ok
Darwin-arm64,Apple M2 Pro,clang-17.0.0 (clang-1700.0.13.5),SM4-128,aes-hw,block,65536,3,2695000,262144,10.280609131,0.097270501,,ok
Darwin-arm64,Apple M2 Pro,clang-17.0.0 (clang-1700.0.13.5),SM4-128,aes-hw,block,65536,4,2720000,262144,10.375976562,0.096376471,,ok
Darwin-arm64,Apple M2 Pro,clang-17.0.0 (clang-1700.0.13.5),SM4-128,aes-hw,block,65536,5,2753000,262144,10.501861572,0.095221213,,ok
Darwin-arm64,Apple M2 Pro,clang-17.0.0 (clang-1700.0.13.5),SM4-128,aes-hw,block,65536,6,2686000,262144,10.246276855,0.097596426,,ok
Darwin-arm64,Apple M2 Pro,clang-17.0.0 (clang-1700.0.13.5),SM4-128,aes-hw,block,65536,7,2728000,262144,10.406494141,0.096093842,,ok
Darwin-arm64,Apple M2 Pro,clang-17.0.0 (clang-1700.0.13.5),SM4-128,aes-hw,block,65536,8,2696000,262144,10.284423828,0.097234421,,ok
Darwin-arm64,Apple M2 Pro,clang-17.0.0 (clang-1700.0.13.5),SM4-128,aes-hw,block,65536,9,2689000,262144,10.257720947,0.097487542,,ok
Darwin-arm64,Apple M2 Pro,clang-17.0.0 (clang-1700.0.13.5),SM4-128,aes-hw,block,65536,10,2746000,262144,10.475158691,0.095463948,,ok
Darwin-arm64,Apple M2 Pro,clang-17.0.0 (clang-1700.0.13.5),SM4-128,aes-hw,block,65536,11,2733000,262144,10.425567627,0.095918039,,ok
Darwin-arm64,Apple M2 Pro,clang-17.0.0 (clang-1700.0.13.5),SM4-128,aes-hw,block,65536,12,2687000,262144,10.250091553,0.097560104,,ok
Darwin-arm64,Apple M2 Pro,clang-17.0.0 (clang-1700.0.13.5),SM4-128,aes-hw,block,65536,13,2753000,262144,10.501861572,0.095221213,,ok
Darwin-arm64,Apple M2 Pro,clang-17.0.0 (clang-1700.0.13.5),SM4-128,aes-hw,block,65536,14,2718000,262144,10.368347168,0.096447388,,ok
Darwin-arm64,Apple M2 Pro,clang-17.0.0 (clang-1700.0.13.5),SM4-128,aes-hw,block,65536,15,2690000,262144,10.261535645,0.097451301,,ok
Darwin-arm64,Apple M2 Pro,clang-17.0.0 (clang-1700.0.13.5),SM4-128,aes-hw,block,1048576,1,11150000,1048576,10.633468628,0.094042691,,ok
Darwin-arm64,Apple M2 Pro,clang-17.0.0 (clang-1700.0.13.5),SM4-128,aes-hw,block,1048576,2,10873000,1048576,10.369300842,0.096438517,,ok
Darwin-arm64,Apple M2 Pro,clang-17.0.0 (clang-1700.0.13.5),SM4-128,aes-hw,block,1048576,3,10859000,1048576,10.355949402,0.096562851,,ok
Darwin-arm64,Apple M2 Pro,clang-17.0.0 (clang-1700.0.13.5),SM4-128,aes-hw,block,1048576,4,11069000,1048576,10.556221008,0.094730870,,ok
Darwin-arm64,Apple M2 Pro,clang-17.0.0 (clang-1700.0.13.5),SM4-128,aes-hw,block,1048576,5,10851000,1048576,10.348320007,0.096634043,,ok
Darwin-arm64,Apple M2 Pro,clang-17.0.0 (clang-1700.0.13.5),SM4-128,aes-hw,block,1048576,6,10968000,1048576,10.459899902,0.095603209,,ok
Darwin-arm64,Apple M2 Pro,clang-17.0.0 (clang-1700.0.13.5),SM4-128,aes-hw,block,1048576,7,10863000,1048576,10.359764099,0.096527294,,ok
Darwin-arm64,Apple M2 Pro,clang-17.0.0 (clang-1700.0.13.5),SM4-128,aes-hw,block,1048576,8,11077000,1048576,10.563850403,0.094662454,,ok
Darwin-arm64,Apple M2 Pro,clang-17.0.0 (clang-1700.0.13.5),SM4-128,aes-hw,block,1048576,9,10990000,1048576,10.480880737,0.095411829,,ok
Darwin-arm64,Apple M2 Pro,clang-17.0.0 (clang-1700.0.13.5),SM4-128,aes-hw,block,1048576,10,10837000,1048576,10.334968567,0.096758882,,ok
Darwin-arm64,Apple M2 Pro,clang-17.0.0 (clang-1700.0.13.5),SM4-128,aes-hw,block,1048576,11,10961000,1048576,10.453224182,0.095664264,,ok
Darwin-arm64,Apple M2 Pro,clang-17.0.0 (clang-1700.0.13.5),SM4-128,aes-hw,block,1048576,12,10942000,1048576,10.435104370,0.095830378,,ok
Darwin-arm64,Apple M2 Pro,clang-17.0.0 (clang-1700.0.13.5),SM4-128,aes-hw,block,1048576,13,10942000,1048576,10.435104370,0.095830378,,ok
Darwin-arm64,Apple M2 Pro,clang-17.0.0 (clang-1700.0.13.5),SM4-128,aes-hw,block,1048576,14,10897000,1048576,10.392189026,0.096226117,,ok
Darwin-arm64,Apple M2 Pro,clang-17.0.0 (clang-1700.0.13.5),SM4-128,aes-hw,block,1048576,15,10869000,1048576,10.365486145,0.096474009,,ok
Darwin-arm64,Apple M2 Pro,clang-17.0.0 (clang-1700.0.13.5),SM4-128,ttable-2k,block-dec,64,1,3791000,262144,14.461517334,0.069149037,,ok
Darwin-arm64,Apple M2 Pro,clang-17.0.0 (clang-1700.0.13.5),SM4-128,ttable-2k,block-dec,64,2,3640000,262144,13.885498047,0.072017582,,ok
Darwin-arm64,Apple M2 Pro,clang-17.0.0 (clang-1700.0.13.5),SM4-128,ttable-2k,block-dec,64,3,3528000,262144,13.458251953,0.074303855,,ok
Darwin-arm64,Apple M2 Pro,clang-17.0.0 (clang-1700.0.13.5),SM4-128,ttable-2k,block-dec,64,4,3666000,262144,13.984680176,0.071506819,,ok
Darwin-arm64,Apple M2 Pro,clang-17.0.0 (clang-1700.0.13.5),SM4-128,ttable-2k,block-dec,64,5,3537000,262144,13.492584229,0.074114787,,ok
Darwin-arm64,Apple M2 Pro,clang-17.0.0 (clang-1700.0.13.5),SM4-128,ttable-2k,block-dec,64,6,3653000,262144,13.935089111,0.071761292,,ok
Darwin-arm64,Apple M2 Pro,clang-17.0.0 (clang-1700.0.13.5),SM4-128,ttable-2k,block-dec,64,7,3615000,262144,13.790130615,0.072515629,,ok
Darwin-arm64,Apple M2 Pro,clang-17.0.0 (clang-1700.0.13.5),SM4-128,ttable-2k,block-dec,64,8,3658000,262144,13.954162598,0.071663204,,ok
Darwin-arm64,Apple M2 Pro,clang-17.0.0 (clang-1700.0.13.5),SM4-128,ttable-2k,block-dec,64,9,3625000,262144,13.828277588,0.072315586,,ok
Darwin-arm64,Apple M2 Pro,clang-17.0.0 (clang-1700.0.13.5),SM4-128,ttable-2k,block-dec,64,10,3563000,262144,13.591766357,0.073573955,,ok
Darwin-arm64,Apple M2 Pro,clang-17.0.0 (clang-1700.0.13.5),SM4-128,ttable-2k,block-dec,64,11,3549000,262144,13.538360596,0.073864187,,ok
Darwin-arm64,Apple M2 Pro,clang-17.0.0 (clang-1700.0.13.5),SM4-128,ttable-2k,block-dec,64,12,3628000,262144,13.839721680,0.072255788,,ok
Darwin-arm64,Apple M2 Pro,clang-17.0.0 (clang-1700.0.13.5),SM4-128,ttable-2k,block-dec,64,13,3768000,262144,14.373779297,0.069571125,,ok
Darwin-arm64,Apple M2 Pro,clang-17.0.0 (clang-1700.0.13.5),SM4-128,ttable-2k,block-dec,64,14,3624000,262144,13.824462891,0.072335541,,ok
Darwin-arm64,Apple M2 Pro,clang-17.0.0 (clang-1700.0.13.5),SM4-128,ttable-2k,block-dec,64,15,3570000,262144,13.618469238,0.073429692,,ok
Darwin-arm64,Apple M2 Pro,clang-17.0.0 (clang-1700.0.13.5),SM4-128,ttable-2k,block-dec,512,1,3510000,262144,13.389587402,0.074684900,,ok
Darwin-arm64,Apple M2 Pro,clang-17.0.0 (clang-1700.0.13.5),SM4-128,ttable-2k,block-dec,512,2,3600000,262144,13.732910156,0.072817778,,ok
Darwin-arm64,Apple M2 Pro,clang-17.0.0 (clang-1700.0.13.5),SM4-128,ttable-2k,block-dec,512,3,3512000,262144,13.397216797,0.074642369,,ok
Darwin-arm64,Apple M2 Pro,clang-17.0.0 (clang-1700.0.13.5),SM4-128,ttable-2k,block-dec,512,4,3584000,262144,13.671875000,0.073142857,,ok
Darwin-arm64,Apple M2 Pro,clang-17.0.0 (clang-1700.0.13.5),SM4-128,ttable-2k,block-dec,512,5,3666000,262144,13.984680176,0.071506819,,ok
Darwin-arm64,Apple M2 Pro,clang-17.0.0 (clang-1700.0.13.5),SM4-128,ttable-2k,block-dec,512,6,3583000,262144,13.668060303,0.073163271,,ok
Darwin-arm64,Apple M2 Pro,clang-17.0.0 (clang-1700.0.13.5),SM4-128,ttable-2k,block-dec,512,7,3535000,262144,13.484954834,0.074156719,,ok
Darwin-arm64,Apple M2 Pro,clang-17.0.0 (clang-1700.0.13.5),SM4-128,ttable-2k,block-dec,512,8,3538000,262144,13.496398926,0.074093838,,ok
Darwin-arm64,Apple M2 Pro,clang-17.0.0 (clang-1700.0.13.5),SM4-128,ttable-2k,block-dec,512,9,3594000,262144,13.710021973,0.072939343,,ok
Darwin-arm64,Apple M2 Pro,clang-17.0.0 (clang-1700.0.13.5),SM4-128,ttable-2k,block-dec,512,10,3500000,262144,13.351440430,0.074898286,,ok
Darwin-arm64,Apple M2 Pro,clang-17.0.0 (clang-1700.0.13.5),SM4-128,ttable-2k,block-dec,512,11,3532000,262144,13.473510742,0.074219706,,ok
Darwin-arm64,Apple M2 Pro,clang-17.0.0 (clang-1700.0.13.5),SM4-128,ttable-2k,block-dec,512,12,3545000,262144,13.523101807,0.073947532,,ok
Darwin-arm64,Apple M2 Pro,clang-17.0.0 (clang-1700.0.13.5),SM4-128,ttable-2k,block-dec,512,13,3643000,262144,13.896942139,0.071958276,,ok
Darwin-arm64,Apple M2 Pro,clang-17.0.0 (clang-1700.0.13.5),SM4-128,ttable-2k,block-dec,512,14,3606000,262144,13.755798340,0.072696617,,ok
Darwin-arm64,Apple M2 Pro,clang-17.0.0 (clang-1700.0.13.5),SM4-128,ttable-2k,block-dec,512,15,3594000,262144,13.710021973,0.072939343,,ok
Darwin-arm64,Apple M2 Pro,clang-17.0.0 (clang-1700.0.13.5),SM4-128,ttable-2k,block-dec,4096,1,3666000,262144,13.984680176,0.071506819,,ok
Darwin-arm64,Apple M2 Pro,clang-17.0.0 (clang-1700.0.13.5),SM4-128,ttable-2k,block-dec,4096,2,3510000,262144,13.389587402,0.074684900,,ok
Darwin-arm64,Apple M2 Pro,clang-17.0.0 (clang-1700.0.13.5),SM4-128,ttable-2k,block-dec,4096,3,3482000,262144,13.282775879,0.075285468,,ok
Darwin-arm64,Apple M2 Pro,clang-17.0.0 (clang-1700.0.13.5),SM4-128,ttable-2k,block-dec,4096,4,3553000,262144,13.553619385,0.073781030,,ok
Darwin-arm64,Apple M2 Pro,clang-17.0.0 (clang-1700.0.13.5),SM4-128,ttable-2k,block-dec,4096,5,3636000,262144,13.870239258,0.072096810,,ok
Darwin-arm64,Apple M2 Pro,clang-17.0.0 (clang-1700.0.13.5),SM4-128,ttable-2k,block-dec,4096,6,3480000,262144,13.275146484,0.075328736,,ok
Darwin-arm64,Apple M2 Pro,clang-17.0.0 (clang-1700.0.13.5),SM4-128,ttable-2k,block-dec,4096,7,3494000,262144,13.328552246,0.075026903,,ok
Darwin-arm64,Apple M2 Pro,clang-17.0.0 (clang-1700.0.13.5),SM4-128,ttable-2k,block-dec,4096,8,3512000,262144,13.397216797,0.074642369,,ok
Darwin-arm64,Apple M2 Pro,clang-17.0.0 (clang-1700.0.13.5),SM4-128,ttable-2k,block-dec,4096,9,3614000,262144,13.786315918,0.072535695,,ok
Darwin-arm64,Apple M2 Pro,clang-17.0.0 (clang-1700.0.13.5),SM4-128,ttable-2k,block-dec,4096,10,3622000,262144,13.816833496,0.072375483,,ok
Darwin-arm64,Apple M2 Pro,clang-17.0.0 (clang-1700.0.13.5),SM4-128,ttable-2k,block-dec,4096,11,3476000,262144,13.259887695,0.075415420,,ok
Darwin-arm64,Apple M2 Pro,clang-17.0.0 (clang-1700.0.13.5),SM4-128,ttable-2k,block-dec,4096,12,3788000,262144,14.450073242,0.069203801,,ok
Darwin-arm64,Apple M2 Pro,clang-17.0.0 (clang-1700.0.13.5),SM4-128,ttable-2k,block-dec,4096,13,3485000,262144,13.294219971,0.075220660,,ok
Darwin-arm64,Apple M2 Pro,clang-17.0.0 (clang-1700.0.13.5),SM4-128,ttable-2k,block-dec,4096,14,3562000,262144,13.587951660,0.073594610,,ok
Darwin-arm64,Apple M2 Pro,clang-17.0.0 (clang-1700.0.13.5),SM4-128,ttable-2k,block-dec,4096,15,3595000,262144,13.713836670,0.072919054,,ok
Darwin-arm64,Apple M2 Pro,clang-17.0.0 (clang-1700.0.13.5),SM4-128,ttable-2k,block-dec,8192,1,3525000,262144,13.446807861,0.074367092,,ok
Darwin-arm64,Apple M2 Pro,clang-17.0.0 (clang-1700.0.13.5),SM4-128,ttable-2k,block-dec,8192,2,3532000,262144,13.473510742,0.074219706,,ok
Darwin-arm64,Apple M2 Pro,clang-17.0.0 (clang-1700.0.13.5),SM4-128,ttable-2k,block-dec,8192,3,3504000,262144,13.366699219,0.074812785,,ok
Darwin-arm64,Apple M2 Pro,clang-17.0.0 (clang-1700.0.13.5),SM4-128,ttable-2k,block-dec,8192,4,3535000,262144,13.484954834,0.074156719,,ok
Darwin-arm64,Apple M2 Pro,clang-17.0.0 (clang-1700.0.13.5),SM4-128,ttable-2k,block-dec,8192,5,3692000,262144,14.083862305,0.071003250,,ok
Darwin-arm64,Apple M2 Pro,clang-17.0.0 (clang-1700.0.13.5),SM4-128,ttable-2k,block-dec,8192,6,3679000,262144,14.034271240,0.071254145,,ok
Darwin-arm64,Apple M2 Pro,clang-17.0.0 (clang-1700.0.13.5),SM4-128,ttable-2k,block-dec,8192,7,3476000,262144,13.259887695,0.075415420,,ok
Darwin-arm64,Apple M2 Pro,clang-17.0.0 (clang-1700.0.13.5),SM4-128,ttable-2k,block-dec,8192,8,3501000,262144,13.355255127,0.074876892,,ok
Darwin-arm64,Apple M2 Pro,clang-17.0.0 (clang-1700.0.13.5),SM4-128,ttable-2k,block-dec,8192,9,3480000,262144,13.275146484,0.075328736,,ok
Darwin-arm64,Apple M2 Pro,clang-17.0.0 (clang-1700.0.13.5),SM4-128,ttable-2k,block-dec,8192,10,3549000,262144,13.538360596,0.073864187,,ok
Darwin-arm64,Apple M2 Pro,clang-17.0.0 (clang-1700.0.13.5),SM4-128,ttable-2k,block-dec,8192,11,3584000,262144,13.671875000,0.073142857,,ok
Darwin-arm64,Apple M2 Pro,clang-17.0.0 (clang-1700.0.13.5),SM4-128,ttable-2k,block-dec,8192,12,3516000,262144,13.412475586,0.074557452,,ok
Darwin-arm64,Apple M2 Pro,clang-17.0.0 (clang-1700.0.13.5),SM4-128,ttable-2k,block-dec,8192,13,3570000,262144,13.618469238,0.073429692,,ok
Darwin-arm64,Apple M2 Pro,clang-17.0.0 (clang-1700.0.13.5),SM4-128,ttable-2k,block-dec,8192,14,3501000,262144,13.355255127,0.074876892,,ok
Darwin-arm64,Apple M2 Pro,clang-17.0.0 (clang-1700.0.13.5),SM4-128,ttable-2k,block-dec,8192,15,3539000,262144,13.500213623,0.074072902,,ok
Darwin-arm64,Apple M2 Pro,clang-17.0.0 (clang-1700.0.13.5),SM4-128,ttable-2k,block-dec,65536,1,3592000,262144,13.702392578,0.072979955,,ok
Darwin-arm64,Apple M2 Pro,clang-17.0.0 (clang-1700.0.13.5),SM4-128,ttable-2k,block-dec,65536,2,3712000,262144,14.160156250,0.070620690,,ok
Darwin-arm64,Apple M2 Pro,clang-17.0.0 (clang-1700.0.13.5),SM4-128,ttable-2k,block-dec,65536,3,3574000,262144,13.633728027,0.073347510,,ok
Darwin-arm64,Apple M2 Pro,clang-17.0.0 (clang-1700.0.13.5),SM4-128,ttable-2k,block-dec,65536,4,3484000,262144,13.290405273,0.075242250,,ok
Darwin-arm64,Apple M2 Pro,clang-17.0.0 (clang-1700.0.13.5),SM4-128,ttable-2k,block-dec,65536,5,3534000,262144,13.481140137,0.074177702,,ok
Darwin-arm64,Apple M2 Pro,clang-17.0.0 (clang-1700.0.13.5),SM4-128,ttable-2k,block-dec,65536,6,3525000,262144,13.446807861,0.074367092,,ok
Darwin-arm64,Apple M2 Pro,clang-17.0.0 (clang-1700.0.13.5),SM4-128,ttable-2k,block-dec,65536,7,3501000,262144,13.355255127,0.074876892,,ok
Darwin-arm64,Apple M2 Pro,clang-17.0.0 (clang-1700.0.13.5),SM4-128,ttable-2k,block-dec,65536,8,3544000,262144,13.519287109,0.073968397,,ok
Darwin-arm64,Apple M2 Pro,clang-17.0.0 (clang-1700.0.13.5),SM4-128,ttable-2k,block-dec,65536,9,3484000,262144,13.290405273,0.075242250,,ok
Darwin-arm64,Apple M2 Pro,clang-17.0.0 (clang-1700.0.13.5),SM4-128,ttable-2k,block-dec,65536,10,3575000,262144,13.637542725,0.073326993,,ok
Darwin-arm64,Apple M2 Pro,clang-17.0.0 (clang-1700.0.13.5),SM4-128,ttable-2k,block-dec,65536,11,3502000,262144,13.359069824,0.074855511,,ok
Darwin-arm64,Apple M2 Pro,clang-17.0.0 (clang-1700.0.13.5),SM4-128,ttable-2k,block-dec,65536,12,3615000,262144,13.790130615,0.072515629,,ok
Darwin-arm64,Apple M2 Pro,clang-17.0.0 (clang-1700.0.13.5),SM4-128,ttable-2k,block-dec,65536,13,3507000,262144,13.378143311,0.074748788,,ok
Darwin-arm64,Apple M2 Pro,clang-17.0.0 (clang-1700.0.13.5),SM4-128,ttable-2k,block-dec,65536,14,3575000,262144,13.637542725,0.073326993,,ok
Darwin-arm64,Apple M2 Pro,clang-17.0.0 (clang-1700.0.13.5),SM4-128,ttable-2k,block-dec,65536,15,3529000,262144,13.462066650,0.074282800,,ok
Darwin-arm64,Apple M2 Pro,clang-17.0.0 (clang-1700.0.13.5),SM4-128,ttable-2k,block-dec,1048576,1,14297000,1048576,13.634681702,0.073342380,,ok
Darwin-arm64,Apple M2 Pro,clang-17.0.0 (clang-1700.0.13.5),SM4-128,ttable-2k,block-dec,1048576,2,14211000,1048576,13.552665710,0.073786222,,ok
Darwin-arm64,Apple M2 Pro,clang-17.0.0 (clang-1700.0.13.5),SM4-128,ttable-2k,block-dec,1048576,3,14314000,1048576,13.650894165,0.073255275,,ok
Darwin-arm64,Apple M2 Pro,clang-17.0.0 (clang-1700.0.13.5),SM4-128,ttable-2k,block-dec,1048576,4,14103000,1048576,13.449668884,0.074351273,,ok
Darwin-arm64,Apple M2 Pro,clang-17.0.0 (clang-1700.0.13.5),SM4-128,ttable-2k,block-dec,1048576,5,14233000,1048576,13.573646545,0.073672170,,ok
Darwin-arm64,Apple M2 Pro,clang-17.0.0 (clang-1700.0.13.5),SM4-128,ttable-2k,block-dec,1048576,6,14325000,1048576,13.661384583,0.073199023,,ok
Darwin-arm64,Apple M2 Pro,clang-17.0.0 (clang-1700.0.13.5),SM4-128,ttable-2k,block-dec,1048576,7,14391000,1048576,13.724327087,0.072863317,,ok
Darwin-arm64,Apple M2 Pro,clang-17.0.0 (clang-1700.0.13.5),SM4-128,ttable-2k,block-dec,1048576,8,14249000,1048576,13.588905334,0.073589445,,ok
Darwin-arm64,Apple M2 Pro,clang-17.0.0 (clang-1700.0.13.5),SM4-128,ttable-2k,block-dec,1048576,9,14260000,1048576,13.599395752,0.073532679,,ok
Darwin-arm64,Apple M2 Pro,clang-17.0.0 (clang-1700.0.13.5),SM4-128,ttable-2k,block-dec,1048576,10,14297000,1048576,13.634681702,0.073342380,,ok
Darwin-arm64,Apple M2 Pro,clang-17.0.0 (clang-1700.0.13.5),SM4-128,ttable-2k,block-dec,1048576,11,14199000,1048576,13.541221619,0.073848581,,ok
Darwin-arm64,Apple M2 Pro,clang-17.0.0 (clang-1700.0.13.5),SM4-128,ttable-2k,block-dec,1048576,12,14280000,1048576,13.618469238,0.073429692,,ok
Darwin-arm64,Apple M2 Pro,clang-17.0.0 (clang-1700.0.13.5),SM4-128,ttable-2k,block-dec,1048576,13,14307000,1048576,13.644218445,0.073291116,,ok
Darwin-arm64,Apple M2 Pro,clang-17.0.0 (clang-1700.0.13.5),SM4-128,ttable-2k,block-dec,1048576,14,14261000,1048576,13.600349426,0.073527523,,ok
Darwin-arm64,Apple M2 Pro,clang-17.0.0 (clang-1700.0.13.5),SM4-128,ttable-2k,block-dec,1048576,15,14285000,1048576,13.623237610,0.073403990,,ok
Darwin-arm64,Apple M2 Pro,clang-17.0.0 (clang-1700.0.13.5),GIFT-64/128,ref,block,64,1,15137000,262144,57.743072510,0.017318095,,ok
Darwin-arm64,Apple M2 Pro,clang-17.0.0 (clang-1700.0.13.5),GIFT-64/128,ref,block,64,2,15057000,262144,57.437896729,0.017410108,,ok
Darwin-arm64,Apple M2 Pro,clang-17.0.0 (clang-1700.0.13.5),GIFT-64/128,ref,block,64,3,15142000,262144,57.762145996,0.017312376,,ok
Darwin-arm64,Apple M2 Pro,clang-17.0.0 (clang-1700.0.13.5),GIFT-64/128,ref,block,64,4,15105000,262144,57.621002197,0.017354783,,ok
Darwin-arm64,Apple M2 Pro,clang-17.0.0 (clang-1700.0.13.5),GIFT-64/128,ref,block,64,5,15325000,262144,58.460235596,0.017105644,,ok
Darwin-arm64,Apple M2 Pro,clang-17.0.0 (clang-1700.0.13.5),GIFT-64/128,ref,block,64,6,15193000,262144,57.956695557,0.017254262,,ok
Darwin-arm64,Apple M2 Pro,clang-17.0.0 (clang-1700.0.13.5),GIFT-64/128,ref,block,64,7,15019000,262144,57.292938232,0.017454158,,ok
Darwin-arm64,Apple M2 Pro,clang-17.0.0 (clang-1700.0.13.5),GIFT-64/128,ref,block,64,8,14928000,262144,56.945800781,0.017560557,,ok
Darwin-arm64,Apple M2 Pro,clang-17.0.0 (clang-1700.0.13.5),GIFT-64/128,ref,block,64,9,15091000,262144,57.567596436,0.017370883,,ok
Darwin-arm64,Apple M2 Pro,clang-17.0.0 (clang-1700.0.13.5),GIFT-64/128,ref,block,64,10,14914000,262144,56.892395020,0.017577042,,ok
Darwin-arm64,Apple M2 Pro,clang-17.0.0 (clang-1700.0.13.5),GIFT-64/128,ref,block,64,11,15106000,262144,57.624816895,0.017353634,,ok
Darwin-arm64,Apple M2 Pro,clang-17.0.0 (clang-1700.0.13.5),GIFT-64/128,ref,block,64,12,15119000,262144,57.674407959,0.017338713,,ok
Darwin-arm64,Apple M2 Pro,clang-17.0.0 (clang-1700.0.13.5),GIFT-64/128,ref,block,64,13,15076000,262144,57.510375977,0.017388167,,ok
Darwin-arm64,Apple M2 Pro,clang-17.0.0 (clang-1700.0.13.5),GIFT-64/128,ref,block,64,14,15193000,262144,57.956695557,0.017254262,,ok
Darwin-arm64,Apple M2 Pro,clang-17.0.0 (clang-1700.0.13.5),GIFT-64/128,ref,block,64,15,15168000,262144,57.861328125,0.017282700,,ok
Darwin-arm64,Apple M2 Pro,clang-17.0.0 (clang-1700.0.13.5),GIFT-64/128,ref,block,512,1,15112000,262144,57.647705078,0.017346744,,ok
Darwin-arm64,Apple M2 Pro,clang-17.0.0 (clang-1700.0.13.5),GIFT-64/128,ref,block,512,2,15127000,262144,57.704925537,0.017329543,,ok
Darwin-arm64,Apple M2 Pro,clang-17.0.0 (clang-1700.0.13.5),GIFT-64/128,ref,block,512,3,15101000,262144,57.605743408,0.017359380,,ok
Darwin-arm64,Apple M2 Pro,clang-17.0.0 (clang-1700.0.13.5),GIFT-64/128,ref,block,512,4,15242000,262144,58.143615723,0.017198793,,ok
Darwin-arm64,Apple M2 Pro,clang-17.0.0 (clang-1700.0.13.5),GIFT-64/128,ref,block,512,5,14980000,262144,57.144165039,0.017499599,,ok
Darwin-arm64,Apple M2 Pro,clang-17.0.0 (clang-1700.0.13.5),GIFT-64/128,ref,block,512,6,15137000,262144,57.743072510,0.017318095,,ok
Darwin-arm64,Apple M2 Pro,clang-17.0.0 (clang-1700.0.13.5),GIFT-64/128,ref,block,512,7,15318000,262144,58.433532715,0.017113461,,ok
Darwin-arm64,Apple M2 Pro,clang-17.0.0 (clang-1700.0.13.5),GIFT-64/128,ref,block,512,8,15143000,262144,57.765960693,0.017311233,,ok
Darwin-arm64,Apple M2 Pro,clang-17.0.0 (clang-1700.0.13.5),GIFT-64/128,ref,block,512,9,14991000,262144,57.186126709,0.017486759,,ok
Darwin-arm64,Apple M2 Pro,clang-17.0.0 (clang-1700.0.13.5),GIFT-64/128,ref,block,512,10,15330000,262144,58.479309082,0.017100065,,ok
Darwin-arm64,Apple M2 Pro,clang-17.0.0 (clang-1700.0.13.5),GIFT-64/128,ref,block,512,11,15036000,262144,57.357788086,0.017434424,,ok
Darwin-arm64,Apple M2 Pro,clang-17.0.0 (clang-1700.0.13.5),GIFT-64/128,ref,block,512,12,15054000,262144,57.426452637,0.017413578,,ok
Darwin-arm64,Apple M2 Pro,clang-17.0.0 (clang-1700.0.13.5),GIFT-64/128,ref,block,512,13,14975000,262144,57.125091553,0.017505442,,ok
Darwin-arm64,Apple M2 Pro,clang-17.0.0 (clang-1700.0.13.5),GIFT-64/128,ref,block,512,14,15001000,262144,57.224273682,0.017475102,,ok
Darwin-arm64,Apple M2 Pro,clang-17.0.0 (clang-1700.0.13.5),GIFT-64/128,ref,block,512,15,14989000,262144,57.178497314,0.017489092,,ok
Darwin-arm64,Apple M2 Pro,clang-17.0.0 (clang-1700.0.13.5),GIFT-64/128,ref,block,4096,1,14972000,262144,57.113647461,0.017508950,,ok
Darwin-arm64,Apple M2 Pro,clang-17.0.0 (clang-1700.0.13.5),GIFT-64/128,ref,block,4096,2,15069000,262144,57.483673096,0.017396244,,ok
Darwin-arm64,Apple M2 Pro,clang-17.0.0 (clang-1700.0.13.5),GIFT-64/128,ref,block,4096,3,15120000,262144,57.678222656,0.017337566,,ok
Darwin-arm64,Apple M2 Pro,clang-17.0.0 (clang-1700.0.13.5),GIFT-64/128,ref,block,4096,4,15021000,262144,57.300567627,0.017451834,,ok
Darwin-arm64,Apple M2 Pro,clang-17.0.0 (clang-1700.0.13.5),GIFT-64/128,ref,block,4096,5,14952000,262144,57.037353516,0.017532370,,ok
Darwin-arm64,Apple M2 Pro,clang-17.0.0 (clang-1700.0.13.5),GIFT-64/128,ref,block,4096,6,15217000,262144,58.048248291,0.017227049,,ok
Darwin-arm64,Apple M2 Pro,clang-17.0.0 (clang-1700.0.13.5),GIFT-64/128,ref,block,4096,7,15041000,262144,57.376861572,0.017428628,,ok
Darwin-arm64,Apple M2 Pro,clang-17.0.0 (clang-1700.0.13.5),GIFT-64/128,ref,block,4096,8,15061000,262144,57.453155518,0.017405484,,ok
Darwin-arm64,Apple M2 Pro,clang-17.0.0 (clang-1700.0.13.5),GIFT-64/128,ref,block,4096,9,15051000,262144,57.415008545,0.017417049,,ok
Darwin-arm64,Apple M2 Pro,clang-17.0.0 (clang-1700.0.13.5),GIFT-64/128,ref,block,4096,10,15061000,262144,57.453155518,0.017405484,,ok
Darwin-arm64,Apple M2 Pro,clang-17.0.0 (clang-1700.0.13.5),GIFT-64/128,ref,block,4096,11,15183000,262144,57.918548584,0.017265626,,ok
Darwin-arm64,Apple M2 Pro,clang-17.0.0 (clang-1700.0.13.5),GIFT-64/128,ref,block,4096,12,15096000,262144,57.586669922,0.017365130,,ok
Darwin-arm64,Apple M2 Pro,clang-17.0.0 (clang-1700.0.13.5),GIFT-64/128,ref,block,4096,13,15081000,262144,57.529449463,0.017382402,,ok
Darwin-arm64,Apple M2 Pro,clang-17.0.0 (clang-1700.0.13.5),GIFT-64/128,ref,block,4096,14,14982000,262144,57.151794434,0.017497263,,ok
Darwin-arm64,Apple M2 Pro,clang-17.0.0 (clang-1700.0.13.5),GIFT-64/128,ref,block,4096,15,15255000,262144,58.193206787,0.017184136,,ok
Darwin-arm64,Apple M2 Pro,clang-17.0.0 (clang-1700.0.13.5),GIFT-64/128,ref,block,8192,1,15124000,262144,57.693481445,0.017332981,,ok
Darwin-arm64,Apple M2 Pro,clang-17.0.0 (clang-1700.0.13.5),GIFT-64/128,ref,block,8192,2,15414000,262144,58.799743652,0.017006877,,ok
Darwin-arm64,Apple M2 Pro,clang-17.0.0 (clang-1700.0.13.5),GIFT-64/128,ref,block,8192,3,15289000,262144,58.322906494,0.017145922,,ok
Darwin-arm64,Apple M2 Pro,clang-17.0.0 (clang-1700.0.13.5),GIFT-64/128,ref,block,8192,4,14947000,262144,57.018280029,0.017538235,,ok
Darwin-arm64,Apple M2 Pro,clang-17.0.0 (clang-1700.0.13.5),GIFT-64/128,ref,block,8192,5,15246000,262144,58.158874512,0.017194280,,ok
Darwin-arm64,Apple M2 Pro,clang-17.0.0 (clang-1700.0.13.5),GIFT-64/128,ref,block,8192,6,15003000,262144,57.231903076,0.017472772,,ok
Darwin-arm64,Apple M2 Pro,clang-17.0.0 (clang-1700.0.13.5),GIFT-64/128,ref,block,8192,7,15075000,262144,57.506561279,0.017389320,,ok
Darwin-arm64,Apple M2 Pro,clang-17.0.0 (clang-1700.0.13.5),GIFT-64/128,ref,block,8192,8,15002000,262144,57.228088379,0.017473937,,ok
Darwin-arm64,Apple M2 Pro,clang-17.0.0 (clang-1700.0.13.5),GIFT-64/128,ref,block,8192,9,14979000,262144,57.140350342,0.017500768,,ok
Darwin-arm64,Apple M2 Pro,clang-17.0.0 (clang-1700.0.13.5),GIFT-64/128,ref,block,8192,10,15278000,262144,58.280944824,0.017158267,,ok
Darwin-arm64,Apple M2 Pro,clang-17.0.0 (clang-1700.0.13.5),GIFT-64/128,ref,block,8192,11,15041000,262144,57.376861572,0.017428628,,ok
Darwin-arm64,Apple M2 Pro,clang-17.0.0 (clang-1700.0.13.5),GIFT-64/128,ref,block,8192,12,14900000,262144,56.838989258,0.017593557,,ok
Darwin-arm64,Apple M2 Pro,clang-17.0.0 (clang-1700.0.13.5),GIFT-64/128,ref,block,8192,13,15234000,262144,58.113098145,0.017207825,,ok
Darwin-arm64,Apple M2 Pro,clang-17.0.0 (clang-1700.0.13.5),GIFT-64/128,ref,block,8192,14,15054000,262144,57.426452637,0.017413578,,ok
Darwin-arm64,Apple M2 Pro,clang-17.0.0 (clang-1700.0.13.5),GIFT-64/128,ref,block,8192,15,15262000,262144,58.219909668,0.017176255,,ok
Darwin-arm64,Apple M2 Pro,clang-17.0.0 (clang-1700.0.13.5),GIFT-64/128,ref,block,65536,1,15072000,262144,57.495117188,0.017392781,,ok
Darwin-arm64,Apple M2 Pro,clang-17.0.0 (clang-1700.0.13.5),GIFT-64/128,ref,block,65536,2,15034000,262144,57.350158691,0.017436743,,ok
Darwin-arm64,Apple M2 Pro,clang-17.0.0 (clang-1700.0.13.5),GIFT-64/128,ref,block,65536,3,15252000,262144,58.181762695,0.017187516,,ok
Darwin-arm64,Apple M2 Pro,clang-17.0.0 (clang-1700.0.13.5),GIFT-64/128,ref,block,65536,4,15046000,262144,57.395935059,0.017422837,,ok
Darwin-arm64,Apple M2 Pro,clang-17.0.0 (clang-1700.0.13.5),GIFT-64/128,ref,block,65536,5,15124000,262144,57.693481445,0.017332981,,ok
Darwin-arm64,Apple M2 Pro,clang-17.0.0 (clang-1700.0.13.5),GIFT-64/128,ref,block,65536,6,15027000,262144,57.323455811,0.017444866,,ok
Darwin-arm64,Apple M2 Pro,clang-17.0.0 (clang-1700.0.13.5),GIFT-64/128,ref,block,65536,7,15015000,262144,57.277679443,0.017458808,,ok
Darwin-arm64,Apple M2 Pro,clang-17.0.0 (clang-1700.0.13.5),GIFT-64/128,ref,block,65536,8,14932000,262144,56.961059570,0.017555853,,ok
Darwin-arm64,Apple M2 Pro,clang-17.0.0 (clang-1700.0.13.5),GIFT-64/128,ref,block,65536,9,15006000,262144,57.243347168,0.017469279,,ok
Darwin-arm64,Apple M2 Pro,clang-17.0.0 (clang-1700.0.13.5),GIFT-64/128,ref,block,65536,10,15163000,262144,57.842254639,0.017288399,,ok
Darwin-arm64,Apple M2 Pro,clang-17.0.0 (clang-1700.0.13.5),GIFT-64/128,ref,block,65536,11,15208000,262144,58.013916016,0.017237244,,ok
Darwin-arm64,Apple M2 Pro,clang-17.0.0 (clang-1700.0.13.5),GIFT-64/128,ref,block,65536,12,15190000,262144,57.945251465,0.017257670,,ok
Darwin-arm64,Apple M2 Pro,clang-17.0.0 (clang-1700.0.13.5),GIFT-64/128,ref,block,65536,13,14960000,262144,57.067871094,0.017522995,,ok
Darwin-arm64,Apple M2 Pro,clang-17.0.0 (clang-1700.0.13.5),GIFT-64/128,ref,block,65536,14,15001000,262144,57.224273682,0.017475102,,ok
Darwin-arm64,Apple M2 Pro,clang-17.0.0 (clang-1700.0.13.5),GIFT-64/128,ref,block,65536,15,15292000,262144,58.334350586,0.017142558,,ok
Darwin-arm64,Apple M2 Pro,clang-17.0.0 (clang-1700.0.13.5),GIFT-64/128,ref,block,1048576,1,60891000,1048576,58.070182800,0.017220542,,ok
Darwin-arm64,Apple M2 Pro,clang-17.0.0 (clang-1700.0.13.5),GIFT-64/128,ref,block,1048576,2,60457000,1048576,57.656288147,0.017344162,,ok
Darwin-arm64,Apple M2 Pro,clang-17.0.0 (clang-1700.0.13.5),GIFT-64/128,ref,block,1048576,3,60648000,1048576,57.838439941,0.017289540,,ok
Darwin-arm64,Apple M2 Pro,clang-17.0.0 (clang-1700.0.13.5),GIFT-64/128,ref,block,1048576,4,60436000,1048576,57.636260986,0.017350189,,ok
Darwin-arm64,Apple M2 Pro,clang-17.0.0 (clang-1700.0.13.5),GIFT-64/128,ref,block,1048576,5,60956000,1048576,58.132171631,0.017202179,,ok
Darwin-arm64,Apple M2 Pro,clang-17.0.0 (clang-1700.0.13.5),GIFT-64/128,ref,block,1048576,6,60389000,1048576,57.591438293,0.017363692,,ok
Darwin-arm64,Apple M2 Pro,clang-17.0.0 (clang-1700.0.13.5),GIFT-64/128,ref,block,1048576,7,60322000,1048576,57.527542114,0.017382978,,ok
Darwin-arm64,Apple M2 Pro,clang-17.0.0 (clang-1700.0.13.5),GIFT-64/128,ref,block,1048576,8,60597000,1048576,57.789802551,0.017304091,,ok
Darwin-arm64,Apple M2 Pro,clang-17.0.0 (clang-1700.0.13.5),GIFT-64/128,ref,block,1048576,9,60345000,1048576,57.549476624,0.017376353,,ok
Darwin-arm64,Apple M2 Pro,clang-17.0.0 (clang-1700.0.13.5),GIFT-64/128,ref,block,1048576,10,60312000,1048576,57.518005371,0.017385860,,ok
Darwin-arm64,Apple M2 Pro,clang-17.0.0 (clang-1700.0.13.5),GIFT-64/128,ref,block,1048576,11,60746000,1048576,57.931900024,0.017261647,,ok
Darwin-arm64,Apple M2 Pro,clang-17.0.0 (clang-1700.0.13.5),GIFT-64/128,ref,block,1048576,12,60046000,1048576,57.264328003,0.017462878,,ok
Darwin-arm64,Apple M2 Pro,clang-17.0.0 (clang-1700.0.13.5),GIFT-64/128,ref,block,1048576,13,60241000,1048576,57.450294495,0.017406351,,ok
Darwin-arm64,Apple M2 Pro,clang-17.0.0 (clang-1700.0.13.5),GIFT-64/128,ref,block,1048576,14,60313000,1048576,57.518959045,0.017385572,,ok
Darwin-arm64,Apple M2 Pro,clang-17.0.0 (clang-1700.0.13.5),GIFT-64/128,ref,block,1048576,15,60050000,1048576,57.268142700,0.017461715,,ok
Darwin-arm64,Apple M2 Pro,clang-17.0.0 (clang-1700.0.13.5),GIFT-64/128,shuffle,block,64,1,3955000,262144,15.087127686,0.066281669,,ok
Darwin-arm64,Apple M2 Pro,clang-17.0.0 (clang-1700.0.13.5),GIFT-64/128,shuffle,block,64,2,3811000,262144,14.537811279,0.068786145,,ok
Darwin-arm64,Apple M2 Pro,clang-17.0.0 (clang-1700.0.13.5),GIFT-64/128,shuffle,block,64,3,3747000,262144,14.293670654,0.069961035,,ok
Darwin-arm64,Apple M2 Pro,clang-17.0.0 (clang-1700.0.13.5),GIFT-64/128,shuffle,block,64,4,3735000,262144,14.247894287,0.070185810,,ok
Darwin-arm64,Apple M2 Pro,clang-17.0.0 (clang-1700.0.13.5),GIFT-64/128,shuffle,block,64,5,3754000,262144,14.320373535,0.069830581,,ok
Darwin-arm64,Apple M2 Pro,clang-17.0.0 (clang-1700.0.13.5),GIFT-64/128,shuffle,block,64,6,3852000,262144,14.694213867,0.068053998,,ok
Darwin-arm64,Apple M2 Pro,clang-17.0.0 (clang-1700.0.13.5),GIFT-64/128,shuffle,block,64,7,3727000,262144,14.217376709,0.070336464,,ok
Darwin-arm64,Apple M2 Pro,clang-17.0.0 (clang-1700.0.13.5),GIFT-64/128,shuffle,block,64,8,3702000,262144,14.122009277,0.070811453,,ok
Darwin-arm64,Apple M2 Pro,clang-17.0.0 (clang-1700.0.13.5),GIFT-64/128,shuffle,block,64,9,3762000,262144,14.350891113,0.069682084,,ok
Darwin-arm64,Apple M2 Pro,clang-17.0.0 (clang-1700.0.13.5),GIFT-64/128,shuffle,block,64,10,3809000,262144,14.530181885,0.068822263,,ok
Darwin-arm64,Apple M2 Pro,clang-17.0.0 (clang-1700.0.13.5),GIFT-64/128,shuffle,block,64,11,3758000,262144,14.335632324,0.069756253,,ok
Darwin-arm64,Apple M2 Pro,clang-17.0.0 (clang-1700.0.13.5),GIFT-64/128,shuffle,block,64,12,3872000,262144,14.770507812,0.067702479,,ok
Darwin-arm64,Apple M2 Pro,clang-17.0.0 (clang-1700.0.13.5),GIFT-64/128,shuffle,block,64,13,3716000,262144,14.175415039,0.070544672,,ok
Darwin-arm64,Apple M2 Pro,clang-17.0.0 (clang-1700.0.13.5),GIFT-64/128,shuffle,block,64,14,3777000,262144,14.408111572,0.069405348,,ok
Darwin-arm64,Apple M2 Pro,clang-17.0.0 (clang-1700.0.13.5),GIFT-64/128,shuffle,block,64,15,3733000,262144,14.240264893,0.070223413,,ok
Darwin-arm64,Apple M2 Pro,clang-17.0.0 (clang-1700.0.13.5),GIFT-64/128,shuffle,block,512,1,3788000,262144,14.450073242,0.069203801,,ok
Darwin-arm64,Apple M2 Pro,clang-17.0.0 (clang-1700.0.13.5),GIFT-64/128,shuffle,block,512,2,3790000,262144,14.457702637,0.069167282,,ok
Darwin-arm64,Apple M2 Pro,clang-17.0.0 (clang-1700.0.13.5),GIFT-64/128,shuffle,block,512,3,3802000,262144,14.503479004,0.068948974,,ok
Darwin-arm64,Apple M2 Pro,clang-17.0.0 (clang-1700.0.13.5),GIFT-64/128,shuffle,block,512,4,3752000,262144,14.312744141,0.069867804,,ok
Darwin-arm64,Apple M2 Pro,clang-17.0.0 (clang-1700.0.13.5),GIFT-64/128,shuffle,block,512,5,3820000,262144,14.572143555,0.068624084,,ok
Darwin-arm64,Apple M2 Pro,clang-17.0.0 (clang-1700.0.13.5),GIFT-64/128,shuffle,block,512,6,3862000,262144,14.732360840,0.067877784,,ok
Darwin-arm64,Apple M2 Pro,clang-17.0.0 (clang-1700.0.13.5),GIFT-64/128,shuffle,block,512,7,3738000,262144,14.259338379,0.070129481,,ok
Darwin-arm64,Apple M2 Pro,clang-17.0.0 (clang-1700.0.13.5),GIFT-64/128,shuffle,block,512,8,3720000,262144,14.190673828,0.070468817,,ok
Darwin-arm64,Apple M2 Pro,clang-17.0.0 (clang-1700.0.13.5),GIFT-64/128,shuffle,block,512,9,3780000,262144,14.419555664,0.069350265,,ok
Darwin-arm64,Apple M2 Pro,clang-17.0.0 (clang-1700.0.13.5),GIFT-64/128,shuffle,block,512,10,3810000,262144,14.533996582,0.068804199,,ok
Darwin-arm64,Apple M2 Pro,clang-17.0.0 (clang-1700.0.13.5),GIFT-64/128,shuffle,block,512,11,3743000,262144,14.278411865,0.070035800,,ok
Darwin-arm64,Apple M2 Pro,clang-17.0.0 (clang-1700.0.13.5),GIFT-64/128,shuffle,block,512,12,3790000,262144,14.457702637,0.069167282,,ok
Darwin-arm64,Apple M2 Pro,clang-17.0.0 (clang-1700.0.13.5),GIFT-64/128,shuffle,block,512,13,3752000,262144,14.312744141,0.069867804,,ok
Darwin-arm64,Apple M2 Pro,clang-17.0.0 (clang-1700.0.13.5),GIFT-64/128,shuffle,block,512,14,3742000,262144,14.274597168,0.070054516,,ok
Darwin-arm64,Apple M2 Pro,clang-17.0.0 (clang-1700.0.13.5),GIFT-64/128,shuffle,block,512,15,3900000,262144,14.877319336,0.067216410,,ok
Darwin-arm64,Apple M2 Pro,clang-17.0.0 (clang-1700.0.13.5),GIFT-64/128,shuffle,block,4096,1,3909000,262144,14.911651611,0.067061653,,ok
Darwin-arm64,Apple M2 Pro,clang-17.0.0 (clang-1700.0.13.5),GIFT-64/128,shuffle,block,4096,2,3744000,262144,14.282226562,0.070017094,,ok
Darwin-arm64,Apple M2 Pro,clang-17.0.0 (clang-1700.0.13.5),GIFT-64/128,shuffle,block,4096,3,3723000,262144,14.202117920,0.070412033,,ok
Darwin-arm64,Apple M2 Pro,clang-17.0.0 (clang-1700.0.13.5),GIFT-64/128,shuffle,block,4096,4,3811000,262144,14.537811279,0.068786145,,ok
Darwin-arm64,Apple M2 Pro,clang-17.0.0 (clang-1700.0.13.5),GIFT-64/128,shuffle,block,4096,5,3776000,262144,14.404296875,0.069423729,,ok
Darwin-arm64,Apple M2 Pro,clang-17.0.0 (clang-1700.0.13.5),GIFT-64/128,shuffle,block,4096,6,3776000,262144,14.404296875,0.069423729,,ok
Darwin-arm64,Apple M2 Pro,clang-17.0.0 (clang-1700.0.13.5),GIFT-64/128,shuffle,block,4096,7,3837000,262144,14.636993408,0.068320042,,ok
Darwin-arm64,Apple M2 Pro,clang-17.0.0 (clang-1700.0.13.5),GIFT-64/128,shuffle,block,4096,8,3819000,262144,14.568328857,0.068642053,,ok
Darwin-arm64,Apple M2 Pro,clang-17.0.0 (clang-1700.0.13.5),GIFT-64/128,shuffle,block,4096,9,3874000,262144,14.778137207,0.067667527,,ok
Darwin-arm64,Apple M2 Pro,clang-17.0.0 (clang-1700.0.13.5),GIFT-64/128,shuffle,block,4096,10,3731000,262144,14.232635498,0.070261056,,ok
Darwin-arm64,Apple M2 Pro,clang-17.0.0 (clang-1700.0.13.5),GIFT-64/128,shuffle,block,4096,11,3817000,262144,14.560699463,0.068678019,,ok
Darwin-arm64,Apple M2 Pro,clang-17.0.0 (clang-1700.0.13.5),GIFT-64/128,shuffle,block,4096,12,3712000,262144,14.160156250,0.070620690,,ok
Darwin-arm64,Apple M2 Pro,clang-17.0.0 (clang-1700.0.13.5),GIFT-64/128,shuffle,block,4096,13,3729000,262144,14.225006104,0.070298740,,ok
Darwin-arm64,Apple M2 Pro,clang-17.0.0 (clang-1700.0.13.5),GIFT-64/128,shuffle,block,4096,14,3866000,262144,14.747619629,0.067807553,,ok
Darwin-arm64,Apple M2 Pro,clang-17.0.0 (clang-1700.0.13.5),GIFT-64/128,shuffle,block,4096,15,3742000,262144,14.274597168,0.070054516,,ok
Darwin-arm64,Apple M2 Pro,clang-17.0.0 (clang-1700.0.13.5),GIFT-64/128,shuffle,block,8192,1,3776000,262144,14.404296875,0.069423729,,ok
Darwin-arm64,Apple M2 Pro,clang-17.0.0 (clang-1700.0.13.5),GIFT-64/128,shuffle,block,8192,2,3841000,262144,14.652252197,0.068248894,,ok
Darwin-arm64,Apple M2 Pro,clang-17.0.0 (clang-1700.0.13.5),GIFT-64/128,shuffle,block,8192,3,3736000,262144,14.251708984,0.070167024,,ok
Darwin-arm64,Apple M2 Pro,clang-17.0.0 (clang-1700.0.13.5),GIFT-64/128,shuffle,block,8192,4,3811000,262144,14.537811279,0.068786145,,ok
Darwin-arm64,Apple M2 Pro,clang-17.0.0 (clang-1700.0.13.5),GIFT-64/128,shuffle,block,8192,5,3891000,262144,14.842987061,0.067371884,,ok
Darwin-arm64,Apple M2 Pro,clang-17.0.0 (clang-1700.0.13.5),GIFT-64/128,shuffle,block,8192,6,3739000,262144,14.263153076,0.070110725,,ok
Darwin-arm64,Apple M2 Pro,clang-17.0.0 (clang-1700.0.13.5),GIFT-64/128,shuffle,block,8192,7,3725000,262144,14.209747314,0.070374228,,ok
Darwin-arm64,Apple M2 Pro,clang-17.0.0 (clang-1700.0.13.5),GIFT-64/128,shuffle,block,8192,8,3762000,262144,14.350891113,0.069682084,,ok
Darwin-arm64,Apple M2 Pro,clang-17.0.0 (clang-1700.0.13.5),GIFT-64/128,shuffle,block,8192,9,3799000,262144,14.492034912,0.069003422,,ok
Darwin-arm64,Apple M2 Pro,clang-17.0.0 (clang-1700.0.13.5),GIFT-64/128,shuffle,block,8192,10,3746000,262144,14.289855957,0.069979712,,ok
Darwin-arm64,Apple M2 Pro,clang-17.0.0 (clang-1700.0.13.5),GIFT-64/128,shuffle,block,8192,11,3744000,262144,14.282226562,0.070017094,,ok
Darwin-arm64,Apple M2 Pro,clang-17.0.0 (clang-1700.0.13.5),GIFT-64/128,shuffle,block,8192,12,3735000,262144,14.247894287,0.070185810,,ok
Darwin-arm64,Apple M2 Pro,clang-17.0.0 (clang-1700.0.13.5),GIFT-64/128,shuffle,block,8192,13,3962000,262144,15.113830566,0.066164563,,ok
Darwin-arm64,Apple M2 Pro,clang-17.0.0 (clang-1700.0.13.5),GIFT-64/128,shuffle,block,8192,14,3797000,262144,14.484405518,0.069039768,,ok
Darwin-arm64,Apple M2 Pro,clang-17.0.0 (clang-1700.0.13.5),GIFT-64/128,shuffle,block,8192,15,3730000,262144,14.228820801,0.070279893,,ok
Darwin-arm64,Apple M2 Pro,clang-17.0.0 (clang-1700.0.13.5),GIFT-64/128,shuffle,block,65536,1,3814000,262144,14.549255371,0.068732040,,ok
Darwin-arm64,Apple M2 Pro,clang-17.0.0 (clang-1700.0.13.5),GIFT-64/128,shuffle,block,65536,2,3769000,262144,14.377593994,0.069552666,,ok
Darwin-arm64,Apple M2 Pro,clang-17.0.0 (clang-1700.0.13.5),GIFT-64/128,shuffle,block,65536,3,3773000,262144,14.392852783,0.069478929,,ok
Darwin-arm64,Apple M2 Pro,clang-17.0.0 (clang-1700.0.13.5),GIFT-64/128,shuffle,block,65536,4,3770000,262144,14.381408691,0.069534218,,ok
Darwin-arm64,Apple M2 Pro,clang-17.0.0 (clang-1700.0.13.5),GIFT-64/128,shuffle,block,65536,5,3838000,262144,14.640808105,0.068302241,,ok
Darwin-arm64,Apple M2 Pro,clang-17.0.0 (clang-1700.0.13.5),GIFT-64/128,shuffle,block,65536,6,4069000,262144,15.522003174,0.064424674,,ok
Darwin-arm64,Apple M2 Pro,clang-17.0.0 (clang-1700.0.13.5),GIFT-64/128,shuffle,block,65536,7,3751000,262144,14.308929443,0.069886430,,ok
Darwin-arm64,Apple M2 Pro,clang-17.0.0 (clang-1700.0.13.5),GIFT-64/128,shuffle,block,65536,8,3774000,262144,14.396667480,0.069460519,,ok
Darwin-arm64,Apple M2 Pro,clang-17.0.0 (clang-1700.0.13.5),GIFT-64/128,shuffle,block,65536,9,3828000,262144,14.602661133,0.068480669,,ok
Darwin-arm64,Apple M2 Pro,clang-17.0.0 (clang-1700.0.13.5),GIFT-64/128,shuffle,block,65536,10,3727000,262144,14.217376709,0.070336464,,ok
Darwin-arm64,Apple M2 Pro,clang-17.0.0 (clang-1700.0.13.5),GIFT-64/128,shuffle,block,65536,11,3846000,262144,14.671325684,0.068160166,,ok
Darwin-arm64,Apple M2 Pro,clang-17.0.0 (clang-1700.0.13.5),GIFT-64/128,shuffle,block,65536,12,3836000,262144,14.633178711,0.068337852,,ok
Darwin-arm64,Apple M2 Pro,clang-17.0.0 (clang-1700.0.13.5),GIFT-64/128,shuffle,block,65536,13,3918000,262144,14.945983887,0.066907606,,ok
Darwin-arm64,Apple M2 Pro,clang-17.0.0 (clang-1700.0.13.5),GIFT-64/128,shuffle,block,65536,14,3773000,262144,14.392852783,0.069478929,,ok
Darwin-arm64,Apple M2 Pro,clang-17.0.0 (clang-1700.0.13.5),GIFT-64/128,shuffle,block,65536,15,3790000,262144,14.457702637,0.069167282,,ok
Darwin-arm64,Apple M2 Pro,clang-17.0.0 (clang-1700.0.13.5),GIFT-64/128,shuffle,block,1048576,1,15422000,1048576,14.707565308,0.067992219,,ok
Darwin-arm64,Apple M2 Pro,clang-17.0.0 (clang-1700.0.13.5),GIFT-64/128,shuffle,block,1048576,2,15199000,1048576,14.494895935,0.068989802,,ok
Darwin-arm64,Apple M2 Pro,clang-17.0.0 (clang-1700.0.13.5),GIFT-64/128,shuffle,block,1048576,3,15326000,1048576,14.616012573,0.068418113,,ok
Darwin-arm64,Apple M2 Pro,clang-17.0.0 (clang-1700.0.13.5),GIFT-64/128,shuffle,block,1048576,4,15154000,1048576,14.451980591,0.069194668,,ok
Darwin-arm64,Apple M2 Pro,clang-17.0.0 (clang-1700.0.13.5),GIFT-64/128,shuffle,block,1048576,5,15284000,1048576,14.575958252,0.068606124,,ok
Darwin-arm64,Apple M2 Pro,clang-17.0.0 (clang-1700.0.13.5),GIFT-64/128,shuffle,block,1048576,6,15128000,1048576,14.427185059,0.069313591,,ok
Darwin-arm64,Apple M2 Pro,clang-17.0.0 (clang-1700.0.13.5),GIFT-64/128,shuffle,block,1048576,7,15379000,1048576,14.666557312,0.068182327,,ok
Darwin-arm64,Apple M2 Pro,clang-17.0.0 (clang-1700.0.13.5),GIFT-64/128,shuffle,block,1048576,8,15228000,1048576,14.522552490,0.068858419,,ok
Darwin-arm64,Apple M2 Pro,clang-17.0.0 (clang-1700.0.13.5),GIFT-64/128,shuffle,block,1048576,9,15320000,1048576,14.610290527,0.068444909,,ok
Darwin-arm64,Apple M2 Pro,clang-17.0.0 (clang-1700.0.13.5),GIFT-64/128,shuffle,block,1048576,10,15193000,1048576,14.489173889,0.069017047,,ok
Darwin-arm64,Apple M2 Pro,clang-17.0.0 (clang-1700.0.13.5),GIFT-64/128,shuffle,block,1048576,11,15234000,1048576,14.528274536,0.068831298,,ok
Darwin-arm64,Apple M2 Pro,clang-17.0.0 (clang-1700.0.13.5),GIFT-64/128,shuffle,block,1048576,12,15064000,1048576,14.366149902,0.069608072,,ok
Darwin-arm64,Apple M2 Pro,clang-17.0.0 (clang-1700.0.13.5),GIFT-64/128,shuffle,block,1048576,13,15248000,1048576,14.541625977,0.068768101,,ok
Darwin-arm64,Apple M2 Pro,clang-17.0.0 (clang-1700.0.13.5),GIFT-64/128,shuffle,block,1048576,14,15286000,1048576,14.577865601,0.068597148,,ok
Darwin-arm64,Apple M2 Pro,clang-17.0.0 (clang-1700.0.13.5),GIFT-64/128,shuffle,block,1048576,15,15193000,1048576,14.489173889,0.069017047,,ok
Darwin-arm64,Apple M2 Pro,clang-17.0.0 (clang-1700.0.13.5),TWINE-80,ref,block,64,1,4175000,262144,15.926361084,0.062788982,,ok
Darwin-arm64,Apple M2 Pro,clang-17.0.0 (clang-1700.0.13.5),TWINE-80,ref,block,64,2,4066000,262144,15.510559082,0.064472209,,ok
Darwin-arm64,Apple M2 Pro,clang-17.0.0 (clang-1700.0.13.5),TWINE-80,ref,block,64,3,4269000,262144,16.284942627,0.061406418,,ok
Darwin-arm64,Apple M2 Pro,clang-17.0.0 (clang-1700.0.13.5),TWINE-80,ref,block,64,4,4053000,262144,15.460968018,0.064679003,,ok
Darwin-arm64,Apple M2 Pro,clang-17.0.0 (clang-1700.0.13.5),TWINE-80,ref,block,64,5,4151000,262144,15.834808350,0.063152012,,ok
Darwin-arm64,Apple M2 Pro,clang-17.0.0 (clang-1700.0.13.5),TWINE-80,ref,block,64,6,4118000,262144,15.708923340,0.063658086,,ok
Darwin-arm64,Apple M2 Pro,clang-17.0.0 (clang-1700.0.13.5),TWINE-80,ref,block,64,7,4071000,262144,15.529632568,0.064393024,,ok
Darwin-arm64,Apple M2 Pro,clang-17.0.0 (clang-1700.0.13.5),TWINE-80,ref,block,64,8,4021000,262144,15.338897705,0.065193733,,ok
Darwin-arm64,Apple M2 Pro,clang-17.0.0 (clang-1700.0.13.5),TWINE-80,ref,block,64,9,4110000,262144,15.678405762,0.063781995,,ok
Darwin-arm64,Apple M2 Pro,clang-17.0.0 (clang-1700.0.13.5),TWINE-80,ref,block,64,10,4179000,262144,15.941619873,0.062728883,,ok
Darwin-arm64,Apple M2 Pro,clang-17.0.0 (clang-1700.0.13.5),TWINE-80,ref,block,64,11,4036000,262144,15.396118164,0.064951437,,ok
Darwin-arm64,Apple M2 Pro,clang-17.0.0 (clang-1700.0.13.5),TWINE-80,ref,block,64,12,4081000,262144,15.567779541,0.064235236,,ok
Darwin-arm64,Apple M2 Pro,clang-17.0.0 (clang-1700.0.13.5),TWINE-80,ref,block,64,13,4227000,262144,16.124725342,0.062016560,,ok
Darwin-arm64,Apple M2 Pro,clang-17.0.0 (clang-1700.0.13.5),TWINE-80,ref,block,64,14,4150000,262144,15.830993652,0.063167229,,ok
Darwin-arm64,Apple M2 Pro,clang-17.0.0 (clang-1700.0.13.5),TWINE-80,ref,block,64,15,4049000,262144,15.445709229,0.064742899,,ok
Darwin-arm64,Apple M2 Pro,clang-17.0.0 (clang-1700.0.13.5),TWINE-80,ref,block,512,1,4018000,262144,15.327453613,0.065242409,,ok
Darwin-arm64,Apple M2 Pro,clang-17.0.0 (clang-1700.0.13.5),TWINE-80,ref,block,512,2,4033000,262144,15.384674072,0.064999752,,ok
Darwin-arm64,Apple M2 Pro,clang-17.0.0 (clang-1700.0.13.5),TWINE-80,ref,block,512,3,4071000,262144,15.529632568,0.064393024,,ok
Darwin-arm64,Apple M2 Pro,clang-17.0.0 (clang-1700.0.13.5),TWINE-80,ref,block,512,4,4087000,262144,15.590667725,0.064140935,,ok
Darwin-arm64,Apple M2 Pro,clang-17.0.0 (clang-1700.0.13.5),TWINE-80,ref,block,512,5,3996000,262144,15.243530273,0.065601602,,ok
Darwin-arm64,Apple M2 Pro,clang-17.0.0 (clang-1700.0.13.5),TWINE-80,ref,block,512,6,4004000,262144,15.274047852,0.065470529,,ok
Darwin-arm64,Apple M2 Pro,clang-17.0.0 (clang-1700.0.13.5),TWINE-80,ref,block,512,7,4199000,262144,16.017913818,0.062430102,,ok
Darwin-arm64,Apple M2 Pro,clang-17.0.0 (clang-1700.0.13.5),TWINE-80,ref,block,512,8,4197000,262144,16.010284424,0.062459852,,ok
Darwin-arm64,Apple M2 Pro,clang-17.0.0 (clang-1700.0.13.5),TWINE-80,ref,block,512,9,4043000,262144,15.422821045,0.064838981,,ok
Darwin-arm64,Apple M2 Pro,clang-17.0.0 (clang-1700.0.13.5),TWINE-80,ref,block,512,10,3974000,262144,15.159606934,0.065964771,,ok
Darwin-arm64,Apple M2 Pro,clang-17.0.0 (clang-1700.0.13.5),TWINE-80,ref,block,512,11,4038000,262144,15.403747559,0.064919267,,ok
Darwin-arm64,Apple M2 Pro,clang-17.0.0 (clang-1700.0.13.5),TWINE-80,ref,block,512,12,4127000,262144,15.743255615,0.063519263,,ok
Darwin-arm64,Apple M2 Pro,clang-17.0.0 (clang-1700.0.13.5),TWINE-80,ref,block,512,13,3992000,262144,15.228271484,0.065667335,,ok
Darwin-arm64,Apple M2 Pro,clang-17.0.0 (clang-1700.0.13.5),TWINE-80,ref,block,512,14,4072000,262144,15.533447266,0.064377210,,ok
Darwin-arm64,Apple M2 Pro,clang-17.0.0 (clang-1700.0.13.5),TWINE-80,ref,block,512,15,4067000,262144,15.514373779,0.064456356,,ok
Darwin-arm64,Apple M2 Pro,clang-17.0.0 (clang-1700.0.13.5),TWINE-80,ref,block,4096,1,3982000,262144,15.190124512,0.065832245,,ok
Darwin-arm64,Apple M2 Pro,clang-17.0.0 (clang-1700.0.13.5),TWINE-80,ref,block,4096,2,4161000,262144,15.872955322,0.063000240,,ok
Darwin-arm64,Apple M2 Pro,clang-17.0.0 (clang-1700.0.13.5),TWINE-80,ref,block,4096,3,4069000,262144,15.522003174,0.064424674,,ok
Darwin-arm64,Apple M2 Pro,clang-17.0.0 (clang-1700.0.13.5),TWINE-80,ref,block,4096,4,4135000,262144,15.773773193,0.063396372,,ok
Darwin-arm64,Apple M2 Pro,clang-17.0.0 (clang-1700.0.13.5),TWINE-80,ref,block,4096,5,4197000,262144,16.010284424,0.062459852,,ok
Darwin-arm64,Apple M2 Pro,clang-17.0.0 (clang-1700.0.13.5),TWINE-80,ref,block,4096,6,3999000,262144,15.254974365,0.065552388,,ok
Darwin-arm64,Apple M2 Pro,clang-17.0.0 (clang-1700.0.13.5),TWINE-80,ref,block,4096,7,4029000,262144,15.369415283,0.065064284,,ok
Darwin-arm64,Apple M2 Pro,clang-17.0.0 (clang-1700.0.13.5),TWINE-80,ref,block,4096,8,4017000,262144,15.323638916,0.065258651,,ok
Darwin-arm64,Apple M2 Pro,clang-17.0.0 (clang-1700.0.13.5),TWINE-80,ref,block,4096,9,4082000,262144,15.571594238,0.064219500,,ok
Darwin-arm64,Apple M2 Pro,clang-17.0.0 (clang-1700.0.13.5),TWINE-80,ref,block,4096,10,4180000,262144,15.945434570,0.062713876,,ok
Darwin-arm64,Apple M2 Pro,clang-17.0.0 (clang-1700.0.13.5),TWINE-80,ref,block,4096,11,3969000,262144,15.140533447,0.066047871,,ok
Darwin-arm64,Apple M2 Pro,clang-17.0.0 (clang-1700.0.13.5),TWINE-80,ref,block,4096,12,4020000,262144,15.335083008,0.065209950,,ok
Darwin-arm64,Apple M2 Pro,clang-17.0.0 (clang-1700.0.13.5),TWINE-80,ref,block,4096,13,3985000,262144,15.201568604,0.065782685,,ok
Darwin-arm64,Apple M2 Pro,clang-17.0.0 (clang-1700.0.13.5),TWINE-80,ref,block,4096,14,4003000,262144,15.270233154,0.065486885,,ok
Darwin-arm64,Apple M2 Pro,clang-17.0.0 (clang-1700.0.13.5),TWINE-80,ref,block,4096,15,3971000,262144,15.148162842,0.066014606,,ok
Darwin-arm64,Apple M2 Pro,clang-17.0.0 (clang-1700.0.13.5),TWINE-80,ref,block,8192,1,4044000,262144,15.426635742,0.064822948,,ok
Darwin-arm64,Apple M2 Pro,clang-17.0.0 (clang-1700.0.13.5),TWINE-80,ref,block,8192,2,4061000,262144,15.491485596,0.064551588,,ok
Darwin-arm64,Apple M2 Pro,clang-17.0.0 (clang-1700.0.13.5),TWINE-80,ref,block,8192,3,4072000,262144,15.533447266,0.064377210,,ok
Darwin-arm64,Apple M2 Pro,clang-17.0.0 (clang-1700.0.13.5),TWINE-80,ref,block,8192,4,4044000,262144,15.426635742,0.064822948,,ok
Darwin-arm64,Apple M2 Pro,clang-17.0.0 (clang-1700.0.13.5),TWINE-80,ref,block,8192,5,4063000,262144,15.499114990,0.064519813,,ok
Darwin-arm64,Apple M2 Pro,clang-17.0.0 (clang-1700.0.13.5),TWINE-80,ref,block,8192,6,3992000,262144,15.228271484,0.065667335,,ok
Darwin-arm64,Apple M2 Pro,clang-17.0.0 (clang-1700.0.13.5),TWINE-80,ref,block,8192,7,3982000,262144,15.190124512,0.065832245,,ok
Darwin-arm64,Apple M2 Pro,clang-17.0.0 (clang-1700.0.13.5),TWINE-80,ref,block,8192,8,4085000,262144,15.583038330,0.064172338,,ok
Darwin-arm64,Apple M2 Pro,clang-17.0.0 (clang-1700.0.13.5),TWINE-80,ref,block,8192,9,4060000,262144,15.487670898,0.064567488,,ok
Darwin-arm64,Apple M2 Pro,clang-17.0.0 (clang-1700.0.13.5),TWINE-80,ref,block,8192,10,4071000,262144,15.529632568,0.064393024,,ok
Darwin-arm64,Apple M2 Pro,clang-17.0.0 (clang-1700.0.13.5),TWINE-80,ref,block,8192,11,4079000,262144,15.560150146,0.064266732,,ok
Darwin-arm64,Apple M2 Pro,clang-17.0.0 (clang-1700.0.13.5),TWINE-80,ref,block,8192,12,4027000,262144,15.361785889,0.065096598,,ok
Darwin-arm64,Apple M2 Pro,clang-17.0.0 (clang-1700.0.13.5),TWINE-80,ref,block,8192,13,4118000,262144,15.708923340,0.063658086,,ok
Darwin-arm64,Apple M2 Pro,clang-17.0.0 (clang-1700.0.13.5),TWINE-80,ref,block,8192,14,3998000,262144,15.251159668,0.065568784,,ok
Darwin-arm64,Apple M2 Pro,clang-17.0.0 (clang-1700.0.13.5),TWINE-80,ref,block,8192,15,4002000,262144,15.266418457,0.065503248,,ok
Darwin-arm64,Apple M2 Pro,clang-17.0.0 (clang-1700.0.13.5),TWINE-80,ref,block,65536,1,3988000,262144,15.213012695,0.065733200,,ok
Darwin-arm64,Apple M2 Pro,clang-17.0.0 (clang-1700.0.13.5),TWINE-80,ref,block,65536,2,4074000,262144,15.541076660,0.064345606,,ok
Darwin-arm64,Apple M2 Pro,clang-17.0.0 (clang-1700.0.13.5),TWINE-80,ref,block,65536,3,4221000,262144,16.101837158,0.062104715,,ok
Darwin-arm64,Apple M2 Pro,clang-17.0.0 (clang-1700.0.13.5),TWINE-80,ref,block,65536,4,4033000,262144,15.384674072,0.064999752,,ok
Darwin-arm64,Apple M2 Pro,clang-17.0.0 (clang-1700.0.13.5),TWINE-80,ref,block,65536,5,4008000,262144,15.289306641,0.065405190,,ok
Darwin-arm64,Apple M2 Pro,clang-17.0.0 (clang-1700.0.13.5),TWINE-80,ref,block,65536,6,3988000,262144,15.213012695,0.065733200,,ok
Darwin-arm64,Apple M2 Pro,clang-17.0.0 (clang-1700.0.13.5),TWINE-80,ref,block,65536,7,4096000,262144,15.625000000,0.064000000,,ok
Darwin-arm64,Apple M2 Pro,clang-17.0.0 (clang-1700.0.13.5),TWINE-80,ref,block,65536,8,4011000,262144,15.300750732,0.065356270,,ok
Darwin-arm64,Apple M2 Pro,clang-17.0.0 (clang-1700.0.13.5),TWINE-80,ref,block,65536,9,4014000,262144,15.312194824,0.065307424,,ok
Darwin-arm64,Apple M2 Pro,clang-17.0.0 (clang-1700.0.13.5),TWINE-80,ref,block,65536,10,4002000,262144,15.266418457,0.065503248,,ok
Darwin-arm64,Apple M2 Pro,clang-17.0.0 (clang-1700.0.13.5),TWINE-80,ref,block,65536,11,4012000,262144,15.304565430,0.065339980,,ok
Darwin-arm64,Apple M2 Pro,clang-17.0.0 (clang-1700.0.13.5),TWINE-80,ref,block,65536,12,3970000,262144,15.144348145,0.066031234,,ok
Darwin-arm64,Apple M2 Pro,clang-17.0.0 (clang-1700.0.13.5),TWINE-80,ref,block,65536,13,4018000,262144,15.327453613,0.065242409,,ok
Darwin-arm64,Apple M2 Pro,clang-17.0.0 (clang-1700.0.13.5),TWINE-80,ref,block,65536,14,4022000,262144,15.342712402,0.065177524,,ok
Darwin-arm64,Apple M2 Pro,clang-17.0.0 (clang-1700.0.13.5),TWINE-80,ref,block,65536,15,4185000,262144,15.964508057,0.062638949,,ok
Darwin-arm64,Apple M2 Pro,clang-17.0.0 (clang-1700.0.13.5),TWINE-80,ref,block,1048576,1,16195000,1048576,15.444755554,0.064746897,,ok
Darwin-arm64,Apple M2 Pro,clang-17.0.0 (clang-1700.0.13.5),TWINE-80,ref,block,1048576,2,16286000,1048576,15.531539917,0.064385116,,ok
Darwin-arm64,Apple M2 Pro,clang-17.0.0 (clang-1700.0.13.5),TWINE-80,ref,block,1048576,3,16229000,1048576,15.477180481,0.064611251,,ok
Darwin-arm64,Apple M2 Pro,clang-17.0.0 (clang-1700.0.13.5),TWINE-80,ref,block,1048576,4,16163000,1048576,15.414237976,0.064875085,,ok
Darwin-arm64,Apple M2 Pro,clang-17.0.0 (clang-1700.0.13.5),TWINE-80,ref,block,1048576,5,16187000,1048576,15.437126160,0.064778897,,ok
Darwin-arm64,Apple M2 Pro,clang-17.0.0 (clang-1700.0.13.5),TWINE-80,ref,block,1048576,6,16225000,1048576,15.473365784,0.064627180,,ok
Darwin-arm64,Apple M2 Pro,clang-17.0.0 (clang-1700.0.13.5),TWINE-80,ref,block,1048576,7,16240000,1048576,15.487670898,0.064567488,,ok
Darwin-arm64,Apple M2 Pro,clang-17.0.0 (clang-1700.0.13.5),TWINE-80,ref,block,1048576,8,16119000,1048576,15.372276306,0.065052174,,ok
Darwin-arm64,Apple M2 Pro,clang-17.0.0 (clang-1700.0.13.5),TWINE-80,ref,block,1048576,9,16131000,1048576,15.383720398,0.065003782,,ok
Darwin-arm64,Apple M2 Pro,clang-17.0.0 (clang-1700.0.13.5),TWINE-80,ref,block,1048576,10,16402000,1048576,15.642166138,0.063929765,,ok
Darwin-arm64,Apple M2 Pro,clang-17.0.0 (clang-1700.0.13.5),TWINE-80,ref,block,1048576,11,16149000,1048576,15.400886536,0.064931327,,ok
Darwin-arm64,Apple M2 Pro,clang-17.0.0 (clang-1700.0.13.5),TWINE-80,ref,block,1048576,12,16137000,1048576,15.389442444,0.064979612,,ok
Darwin-arm64,Apple M2 Pro,clang-17.0.0 (clang-1700.0.13.5),TWINE-80,ref,block,1048576,13,16187000,1048576,15.437126160,0.064778897,,ok
Darwin-arm64,Apple M2 Pro,clang-17.0.0 (clang-1700.0.13.5),TWINE-80,ref,block,1048576,14,16262000,1048576,15.508651733,0.064480138,,ok
Darwin-arm64,Apple M2 Pro,clang-17.0.0 (clang-1700.0.13.5),TWINE-80,ref,block,1048576,15,16264000,1048576,15.510559082,0.064472209,,ok
Darwin-arm64,Apple M2 Pro,clang-17.0.0 (clang-1700.0.13.5),TWINE-80,shuffle,block,64,1,1633000,262144,6.229400635,0.160529088,,ok
Darwin-arm64,Apple M2 Pro,clang-17.0.0 (clang-1700.0.13.5),TWINE-80,shuffle,block,64,2,1658000,262144,6.324768066,0.158108565,,ok
Darwin-arm64,Apple M2 Pro,clang-17.0.0 (clang-1700.0.13.5),TWINE-80,shuffle,block,64,3,1678000,262144,6.401062012,0.156224076,,ok
Darwin-arm64,Apple M2 Pro,clang-17.0.0 (clang-1700.0.13.5),TWINE-80,shuffle,block,64,4,1663000,262144,6.343841553,0.157633193,,ok
Darwin-arm64,Apple M2 Pro,clang-17.0.0 (clang-1700.0.13.5),TWINE-80,shuffle,block,64,5,1638000,262144,6.248474121,0.160039072,,ok
Darwin-arm64,Apple M2 Pro,clang-17.0.0 (clang-1700.0.13.5),TWINE-80,shuffle,block,64,6,1607000,262144,6.130218506,0.163126322,,ok
Darwin-arm64,Apple M2 Pro,clang-17.0.0 (clang-1700.0.13.5),TWINE-80,shuffle,block,64,7,1607000,262144,6.130218506,0.163126322,,ok
Darwin-arm64,Apple M2 Pro,clang-17.0.0 (clang-1700.0.13.5),TWINE-80,shuffle,block,64,8,1602000,262144,6.111145020,0.163635456,,ok
Darwin-arm64,Apple M2 Pro,clang-17.0.0 (clang-1700.0.13.5),TWINE-80,shuffle,block,64,9,1635000,262144,6.237030029,0.160332722,,ok
Darwin-arm64,Apple M2 Pro,clang-17.0.0 (clang-1700.0.13.5),TWINE-80,shuffle,block,64,10,1621000,262144,6.183624268,0.161717458,,ok
Darwin-arm64,Apple M2 Pro,clang-17.0.0 (clang-1700.0.13.5),TWINE-80,shuffle,block,64,11,1657000,262144,6.320953369,0.158203983,,ok
Darwin-arm64,Apple M2 Pro,clang-17.0.0 (clang-1700.0.13.5),TWINE-80,shuffle,block,64,12,1633000,262144,6.229400635,0.160529088,,ok
Darwin-arm64,Apple M2 Pro,clang-17.0.0 (clang-1700.0.13.5),TWINE-80,shuffle,block,64,13,1611000,262144,6.145477295,0.162721291,,ok
Darwin-arm64,Apple M2 Pro,clang-17.0.0 (clang-1700.0.13.5),TWINE-80,shuffle,block,64,14,1657000,262144,6.320953369,0.158203983,,ok
Darwin-arm64,Apple M2 Pro,clang-17.0.0 (clang-1700.0.13.5),TWINE-80,shuffle,block,64,15,1685000,262144,6.427764893,0.155575074,,ok
Darwin-arm64,Apple M2 Pro,clang-17.0.0 (clang-1700.0.13.5),TWINE-80,shuffle,block,512,1,1590000,262144,6.065368652,0.164870440,,ok
Darwin-arm64,Apple M2 Pro,clang-17.0.0 (clang-1700.0.13.5),TWINE-80,shuffle,block,512,2,1590000,262144,6.065368652,0.164870440,,ok
Darwin-arm64,Apple M2 Pro,clang-17.0.0 (clang-1700.0.13.5),TWINE-80,shuffle,block,512,3,1595000,262144,6.084442139,0.164353605,,ok
Darwin-arm64,Apple M2 Pro,clang-17.0.0 (clang-1700.0.13.5),TWINE-80,shuffle,block,512,4,1656000,262144,6.317138672,0.158299517,,ok
Darwin-arm64,Apple M2 Pro,clang-17.0.0 (clang-1700.0.13.5),TWINE-80,shuffle,block,512,5,1638000,262144,6.248474121,0.160039072,,ok
Darwin-arm64,Apple M2 Pro,clang-17.0.0 (clang-1700.0.13.5),TWINE-80,shuffle,block,512,6,1637000,262144,6.244659424,0.160136836,,ok
Darwin-arm64,Apple M2 Pro,clang-17.0.0 (clang-1700.0.13.5),TWINE-80,shuffle,block,512,7,1650000,262144,6.294250488,0.158875152,,ok
Darwin-arm64,Apple M2 Pro,clang-17.0.0 (clang-1700.0.13.5),TWINE-80,shuffle,block,512,8,1591000,262144,6.069183350,0.164766813,,ok
Darwin-arm64,Apple M2 Pro,clang-17.0.0 (clang-1700.0.13.5),TWINE-80,shuffle,block,512,9,1601000,262144,6.107330322,0.163737664,,ok
Darwin-arm64,Apple M2 Pro,clang-17.0.0 (clang-1700.0.13.5),TWINE-80,shuffle,block,512,10,1615000,262144,6.160736084,0.162318266,,ok
Darwin-arm64,Apple M2 Pro,clang-17.0.0 (clang-1700.0.13.5),TWINE-80,shuffle,block,512,11,1592000,262144,6.072998047,0.164663317,,ok
Darwin-arm64,Apple M2 Pro,clang-17.0.0 (clang-1700.0.13.5),TWINE-80,shuffle,block,512,12,1595000,262144,6.084442139,0.164353605,,ok
Darwin-arm64,Apple M2 Pro,clang-17.0.0 (clang-1700.0.13.5),TWINE-80,shuffle,block,512,13,1633000,262144,6.229400635,0.160529088,,ok
Darwin-arm64,Apple M2 Pro,clang-17.0.0 (clang-1700.0.13.5),TWINE-80,shuffle,block,512,14,1674000,262144,6.385803223,0.156597372,,ok
Darwin-arm64,Apple M2 Pro,clang-17.0.0 (clang-1700.0.13.5),TWINE-80,shuffle,block,512,15,1595000,262144,6.084442139,0.164353605,,ok
Darwin-arm64,Apple M2 Pro,clang-17.0.0 (clang-1700.0.13.5),TWINE-80,shuffle,block,4096,1,1590000,262144,6.065368652,0.164870440,,ok
Darwin-arm64,Apple M2 Pro,clang-17.0.0 (clang-1700.0.13.5),TWINE-80,shuffle,block,4096,2,1590000,262144,6.065368652,0.164870440,,ok
Darwin-arm64,Apple M2 Pro,clang-17.0.0 (clang-1700.0.13.5),TWINE-80,shuffle,block,4096,3,1587000,262144,6.053924561,0.165182105,,ok
Darwin-arm64,Apple M2 Pro,clang-17.0.0 (clang-1700.0.13.5),TWINE-80,shuffle,block,4096,4,1587000,262144,6.053924561,0.165182105,,ok
Darwin-arm64,Apple M2 Pro,clang-17.0.0 (clang-1700.0.13.5),TWINE-80,shuffle,block,4096,5,1620000,262144,6.179809570,0.161817284,,ok
Darwin-arm64,Apple M2 Pro,clang-17.0.0 (clang-1700.0.13.5),TWINE-80,shuffle,block,4096,6,1762000,262144,6.721496582,0.148776390,,ok
Darwin-arm64,Apple M2 Pro,clang-17.0.0 (clang-1700.0.13.5),TWINE-80,shuffle,block,4096,7,1591000,262144,6.069183350,0.164766813,,ok
Darwin-arm64,Apple M2 Pro,clang-17.0.0 (clang-1700.0.13.5),TWINE-80,shuffle,block,4096,8,1604000,262144,6.118774414,0.163431421,,ok
Darwin-arm64,Apple M2 Pro,clang-17.0.0 (clang-1700.0.13.5),TWINE-80,shuffle,block,4096,9,1649000,262144,6.290435791,0.158971498,,ok
Darwin-arm64,Apple M2 Pro,clang-17.0.0 (clang-1700.0.13.5),TWINE-80,shuffle,block,4096,10,1683000,262144,6.420135498,0.155759952,,ok
Darwin-arm64,Apple M2 Pro,clang-17.0.0 (clang-1700.0.13.5),TWINE-80,shuffle,block,4096,11,1591000,262144,6.069183350,0.164766813,,ok
Darwin-arm64,Apple M2 Pro,clang-17.0.0 (clang-1700.0.13.5),TWINE-80,shuffle,block,4096,12,1610000,262144,6.141662598,0.162822360,,ok
Darwin-arm64,Apple M2 Pro,clang-17.0.0 (clang-1700.0.13.5),TWINE-80,shuffle,block,4096,13,1598000,262144,6.095886230,0.164045056,,ok
Darwin-arm64,Apple M2 Pro,clang-17.0.0 (clang-1700.0.13.5),TWINE-80,shuffle,block,4096,14,1589000,262144,6.061553955,0.164974198,,ok
Darwin-arm64,Apple M2 Pro,clang-17.0.0 (clang-1700.0.13.5),TWINE-80,shuffle,block,4096,15,1586000,262144,6.050109863,0.165286255,,ok
Darwin-arm64,Apple M2 Pro,clang-17.0.0 (clang-1700.0.13.5),TWINE-80,shuffle,block,8192,1,1685000,262144,6.427764893,0.155575074,,ok
Darwin-arm64,Apple M2 Pro,clang-17.0.0 (clang-1700.0.13.5),TWINE-80,shuffle,block,8192,2,1587000,262144,6.053924561,0.165182105,,ok
Darwin-arm64,Apple M2 Pro,clang-17.0.0 (clang-1700.0.13.5),TWINE-80,shuffle,block,8192,3,1605000,262144,6.122589111,0.163329595,,ok
Darwin-arm64,Apple M2 Pro,clang-17.0.0 (clang-1700.0.13.5),TWINE-80,shuffle,block,8192,4,1655000,262144,6.313323975,0.158395166,,ok
Darwin-arm64,Apple M2 Pro,clang-17.0.0 (clang-1700.0.13.5),TWINE-80,shuffle,block,8192,5,1602000,262144,6.111145020,0.163635456,,ok
Darwin-arm64,Apple M2 Pro,clang-17.0.0 (clang-1700.0.13.5),TWINE-80,shuffle,block,8192,6,1599000,262144,6.099700928,0.163942464,,ok
Darwin-arm64,Apple M2 Pro,clang-17.0.0 (clang-1700.0.13.5),TWINE-80,shuffle,block,8192,7,1604000,262144,6.118774414,0.163431421,,ok
Darwin-arm64,Apple M2 Pro,clang-17.0.0 (clang-1700.0.13.5),TWINE-80,shuffle,block,8192,8,1651000,262144,6.298065186,0.158778922,,ok
Darwin-arm64,Apple M2 Pro,clang-17.0.0 (clang-1700.0.13.5),TWINE-80,shuffle,block,8192,9,1610000,262144,6.141662598,0.162822360,,ok
Darwin-arm64,Apple M2 Pro,clang-17.0.0 (clang-1700.0.13.5),TWINE-80,shuffle,block,8192,10,1626000,262144,6.202697754,0.161220172,,ok
Darwin-arm64,Apple M2 Pro,clang-17.0.0 (clang-1700.0.13.5),TWINE-80,shuffle,block,8192,11,1677000,262144,6.397247314,0.156317233,,ok
Darwin-arm64,Apple M2 Pro,clang-17.0.0 (clang-1700.0.13.5),TWINE-80,shuffle,block,8192,12,1595000,262144,6.084442139,0.164353605,,ok
Darwin-arm64,Apple M2 Pro,clang-17.0.0 (clang-1700.0.13.5),TWINE-80,shuffle,block,8192,13,1586000,262144,6.050109863,0.165286255,,ok
Darwin-arm64,Apple M2 Pro,clang-17.0.0 (clang-1700.0.13.5),TWINE-80,shuffle,block,8192,14,1655000,262144,6.313323975,0.158395166,,ok
Darwin-arm64,Apple M2 Pro,clang-17.0.0 (clang-1700.0.13.5),TWINE-80,shuffle,block,8192,15,1703000,262144,6.496429443,0.153930711,,ok
Darwin-arm64,Apple M2 Pro,clang-17.0.0 (clang-1700.0.13.5),TWINE-80,shuffle,block,65536,1,1651000,262144,6.298065186,0.158778922,,ok
Darwin-arm64,Apple M2 Pro,clang-17.0.0 (clang-1700.0.13.5),TWINE-80,shuffle,block,65536,2,1659000,262144,6.328582764,0.158013261,,ok
Darwin-arm64,Apple M2 Pro,clang-17.0.0 (clang-1700.0.13.5),TWINE-80,shuffle,block,65536,3,1625000,262144,6.198883057,0.161319385,,ok
Darwin-arm64,Apple M2 Pro,clang-17.0.0 (clang-1700.0.13.5),TWINE-80,shuffle,block,65536,4,1617000,262144,6.168365479,0.162117502,,ok
Darwin-arm64,Apple M2 Pro,clang-17.0.0 (clang-1700.0.13.5),TWINE-80,shuffle,block,65536,5,1589000,262144,6.061553955,0.164974198,,ok
Darwin-arm64,Apple M2 Pro,clang-17.0.0 (clang-1700.0.13.5),TWINE-80,shuffle,block,65536,6,1616000,262144,6.164550781,0.162217822,,ok
Darwin-arm64,Apple M2 Pro,clang-17.0.0 (clang-1700.0.13.5),TWINE-80,shuffle,block,65536,7,1594000,262144,6.080627441,0.164456713,,ok
Darwin-arm64,Apple M2 Pro,clang-17.0.0 (clang-1700.0.13.5),TWINE-80,shuffle,block,65536,8,1602000,262144,6.111145020,0.163635456,,ok
Darwin-arm64,Apple M2 Pro,clang-17.0.0 (clang-1700.0.13.5),TWINE-80,shuffle,block,65536,9,1623000,262144,6.191253662,0.161518176,,ok
Darwin-arm64,Apple M2 Pro,clang-17.0.0 (clang-1700.0.13.5),TWINE-80,shuffle,block,65536,10,1626000,262144,6.202697754,0.161220172,,ok
Darwin-arm64,Apple M2 Pro,clang-17.0.0 (clang-1700.0.13.5),TWINE-80,shuffle,block,65536,11,1659000,262144,6.328582764,0.158013261,,ok
Darwin-arm64,Apple M2 Pro,clang-17.0.0 (clang-1700.0.13.5),TWINE-80,shuffle,block,65536,12,1624000,262144,6.195068359,0.161418719,,ok
Darwin-arm64,Apple M2 Pro,clang-17.0.0 (clang-1700.0.13.5),TWINE-80,shuffle,block,65536,13,1630000,262144,6.217956543,0.160824540,,ok
Darwin-arm64,Apple M2 Pro,clang-17.0.0 (clang-1700.0.13.5),TWINE-80,shuffle,block,65536,14,1639000,262144,6.252288818,0.159941428,,ok
Darwin-arm64,Apple M2 Pro,clang-17.0.0 (clang-1700.0.13.5),TWINE-80,shuffle,block,65536,15,1588000,262144,6.057739258,0.165078086,,ok
Darwin-arm64,Apple M2 Pro,clang-17.0.0 (clang-1700.0.13.5),TWINE-80,shuffle,block,1048576,1,6397000,1048576,6.100654602,0.163916836,,ok
Darwin-arm64,Apple M2 Pro,clang-17.0.0 (clang-1700.0.13.5),TWINE-80,shuffle,block,1048576,2,6513000,1048576,6.211280823,0.160997390,,ok
Darwin-arm64,Apple M2 Pro,clang-17.0.0 (clang-1700.0.13.5),TWINE-80,shuffle,block,1048576,3,6425000,1048576,6.127357483,0.163202490,,ok
Darwin-arm64,Apple M2 Pro,clang-17.0.0 (clang-1700.0.13.5),TWINE-80,shuffle,block,1048576,4,6474000,1048576,6.174087524,0.161967254,,ok
Darwin-arm64,Apple M2 Pro,clang-17.0.0 (clang-1700.0.13.5),TWINE-80,shuffle,block,1048576,5,6502000,1048576,6.200790405,0.161269763,,ok
Darwin-arm64,Apple M2 Pro,clang-17.0.0 (clang-1700.0.13.5),TWINE-80,shuffle,block,1048576,6,6469000,1048576,6.169319153,0.162092441,,ok
Darwin-arm64,Apple M2 Pro,clang-17.0.0 (clang-1700.0.13.5),TWINE-80,shuffle,block,1048576,7,6560000,1048576,6.256103516,0.159843902,,ok
Darwin-arm64,Apple M2 Pro,clang-17.0.0 (clang-1700.0.13.5),TWINE-80,shuffle,block,1048576,8,6414000,1048576,6.116867065,0.163482382,,ok
Darwin-arm64,Apple M2 Pro,clang-17.0.0 (clang-1700.0.13.5),TWINE-80,shuffle,block,1048576,9,6481000,1048576,6.180763245,0.161792316,,ok
Darwin-arm64,Apple M2 Pro,clang-17.0.0 (clang-1700.0.13.5),TWINE-80,shuffle,block,1048576,10,6442000,1048576,6.143569946,0.162771810,,ok
Darwin-arm64,Apple M2 Pro,clang-17.0.0 (clang-1700.0.13.5),TWINE-80,shuffle,block,1048576,11,6440000,1048576,6.141662598,0.162822360,,ok
Darwin-arm64,Apple M2 Pro,clang-17.0.0 (clang-1700.0.13.5),TWINE-80,shuffle,block,1048576,12,6677000,1048576,6.367683411,0.157042983,,ok
Darwin-arm64,Apple M2 Pro,clang-17.0.0 (clang-1700.0.13.5),TWINE-80,shuffle,block,1048576,13,6401000,1048576,6.104469299,0.163814404,,ok
Darwin-arm64,Apple M2 Pro,clang-17.0.0 (clang-1700.0.13.5),TWINE-80,shuffle,block,1048576,14,6447000,1048576,6.148338318,0.162645572,,ok
Darwin-arm64,Apple M2 Pro,clang-17.0.0 (clang-1700.0.13.5),TWINE-80,shuffle,block,1048576,15,6492000,1048576,6.191253662,0.161518176,,ok
Darwin-arm64,Apple M2 Pro,clang-17.0.0 (clang-1700.0.13.5),TWINE-128,ref,block,64,1,4076000,262144,15.548706055,0.064314033,,ok
Darwin-arm64,Apple M2 Pro,clang-17.0.0 (clang-1700.0.13.5),TWINE-128,ref,block,64,2,4196000,262144,16.006469727,0.062474738,,ok
Darwin-arm64,Apple M2 Pro,clang-17.0.0 (clang-1700.0.13.5),TWINE-128,ref,block,64,3,4068000,262144,15.518188477,0.064440511,,ok
Darwin-arm64,Apple M2 Pro,clang-17.0.0 (clang-1700.0.13.5),TWINE-128,ref,block,64,4,4124000,262144,15.731811523,0.063565470,,ok
Darwin-arm64,Apple M2 Pro,clang-17.0.0 (clang-1700.0.13.5),TWINE-128,ref,block,64,5,4100000,262144,15.640258789,0.063937561,,ok
Darwin-arm64,Apple M2 Pro,clang-17.0.0 (clang-1700.0.13.5),TWINE-128,ref,block,64,6,4111000,262144,15.682220459,0.063766480,,ok
Darwin-arm64,Apple M2 Pro,clang-17.0.0 (clang-1700.0.13.5),TWINE-128,ref,block,64,7,4034000,262144,15.388488770,0.064983639,,ok
Darwin-arm64,Apple M2 Pro,clang-17.0.0 (clang-1700.0.13.5),TWINE-128,ref,block,64,8,4138000,262144,15.785217285,0.063350411,,ok
Darwin-arm64,Apple M2 Pro,clang-17.0.0 (clang-1700.0.13.5),TWINE-128,ref,block,64,9,4045000,262144,15.430450439,0.064806922,,ok
Darwin-arm64,Apple M2 Pro,clang-17.0.0 (clang-1700.0.13.5),TWINE-128,ref,block,64,10,4056000,262144,15.472412109,0.064631164,,ok
Darwin-arm64,Apple M2 Pro,clang-17.0.0 (clang-1700.0.13.5),TWINE-128,ref,block,64,11,4073000,262144,15.537261963,0.064361404,,ok
Darwin-arm64,Apple M2 Pro,clang-17.0.0 (clang-1700.0.13.5),TWINE-128,ref,block,64,12,4081000,262144,15.567779541,0.064235236,,ok
Darwin-arm64,Apple M2 Pro,clang-17.0.0 (clang-1700.0.13.5),TWINE-128,ref,block,64,13,4015000,262144,15.316009521,0.065291158,,ok
Darwin-arm64,Apple M2 Pro,clang-17.0.0 (clang-1700.0.13.5),TWINE-128,ref,block,64,14,4180000,262144,15.945434570,0.062713876,,ok
Darwin-arm64,Apple M2 Pro,clang-17.0.0 (clang-1700.0.13.5),TWINE-128,ref,block,64,15,4109000,262144,15.674591064,0.063797518,,ok
Darwin-arm64,Apple M2 Pro,clang-17.0.0 (clang-1700.0.13.5),TWINE-128,ref,block,512,1,3987000,262144,15.209197998,0.065749686,,ok
Darwin-arm64,Apple M2 Pro,clang-17.0.0 (clang-1700.0.13.5),TWINE-128,ref,block,512,2,4088000,262144,15.594482422,0.064125245,,ok
Darwin-arm64,Apple M2 Pro,clang-17.0.0 (clang-1700.0.13.5),TWINE-128,ref,block,512,3,4041000,262144,15.415191650,0.064871072,,ok
Darwin-arm64,Apple M2 Pro,clang-17.0.0 (clang-1700.0.13.5),TWINE-128,ref,block,512,4,4115000,262144,15.697479248,0.063704496,,ok
Darwin-arm64,Apple M2 Pro,clang-17.0.0 (clang-1700.0.13.5),TWINE-128,ref,block,512,5,4111000,262144,15.682220459,0.063766480,,ok
Darwin-arm64,Apple M2 Pro,clang-17.0.0 (clang-1700.0.13.5),TWINE-128,ref,block,512,6,4081000,262144,15.567779541,0.064235236,,ok
Darwin-arm64,Apple M2 Pro,clang-17.0.0 (clang-1700.0.13.5),TWINE-128,ref,block,512,7,4093000,262144,15.613555908,0.064046909,,ok
Darwin-arm64,Apple M2 Pro,clang-17.0.0 (clang-1700.0.13.5),TWINE-128,ref,block,512,8,4108000,262144,15.670776367,0.063813048,,ok
Darwin-arm64,Apple M2 Pro,clang-17.0.0 (clang-1700.0.13.5),TWINE-128,ref,block,512,9,4000000,262144,15.258789062,0.065536000,,ok
Darwin-arm64,Apple M2 Pro,clang-17.0.0 (clang-1700.0.13.5),TWINE-128,ref,block,512,10,4009000,262144,15.293121338,0.065388875,,ok
Darwin-arm64,Apple M2 Pro,clang-17.0.0 (clang-1700.0.13.5),TWINE-128,ref,block,512,11,4093000,262144,15.613555908,0.064046909,,ok
Darwin-arm64,Apple M2 Pro,clang-17.0.0 (clang-1700.0.13.5),TWINE-128,ref,block,512,12,4087000,262144,15.590667725,0.064140935,,ok
Darwin-arm64,Apple M2 Pro,clang-17.0.0 (clang-1700.0.13.5),TWINE-128,ref,block,512,13,4025000,262144,15.354156494,0.065128944,,ok
Darwin-arm64,Apple M2 Pro,clang-17.0.0 (clang-1700.0.13.5),TWINE-128,ref,block,512,14,4077000,262144,15.552520752,0.064298259,,ok
Darwin-arm64,Apple M2 Pro,clang-17.0.0 (clang-1700.0.13.5),TWINE-128,ref,block,512,15,4038000,262144,15.403747559,0.064919267,,ok
Darwin-arm64,Apple M2 Pro,clang-17.0.0 (clang-1700.0.13.5),TWINE-128,ref,block,4096,1,4096000,262144,15.625000000,0.064000000,,ok
Darwin-arm64,Apple M2 Pro,clang-17.0.0 (clang-1700.0.13.5),TWINE-128,ref,block,4096,2,3975000,262144,15.163421631,0.065948176,,ok
Darwin-arm64,Apple M2 Pro,clang-17.0.0 (clang-1700.0.13.5),TWINE-128,ref,block,4096,3,4020000,262144,15.335083008,0.065209950,,ok
Darwin-arm64,Apple M2 Pro,clang-17.0.0 (clang-1700.0.13.5),TWINE-128,ref,block,4096,4,4026000,262144,15.357971191,0.065112767,,ok
Darwin-arm64,Apple M2 Pro,clang-17.0.0 (clang-1700.0.13.5),TWINE-128,ref,block,4096,5,4065000,262144,15.506744385,0.064488069,,ok
Darwin-arm64,Apple M2 Pro,clang-17.0.0 (clang-1700.0.13.5),TWINE-128,ref,block,4096,6,4025000,262144,15.354156494,0.065128944,,ok
Darwin-arm64,Apple M2 Pro,clang-17.0.0 (clang-1700.0.13.5),TWINE-128,ref,block,4096,7,3998000,262144,15.251159668,0.065568784,,ok
Darwin-arm64,Apple M2 Pro,clang-17.0.0 (clang-1700.0.13.5),TWINE-128,ref,block,4096,8,4038000,262144,15.403747559,0.064919267,,ok
Darwin-arm64,Apple M2 Pro,clang-17.0.0 (clang-1700.0.13.5),TWINE-128,ref,block,4096,9,4187000,262144,15.972137451,0.062609028,,ok
Darwin-arm64,Apple M2 Pro,clang-17.0.0 (clang-1700.0.13.5),TWINE-128,ref,block,4096,10,4058000,262144,15.480041504,0.064599310,,ok
Darwin-arm64,Apple M2 Pro,clang-17.0.0 (clang-1700.0.13.5),TWINE-128,ref,block,4096,11,3992000,262144,15.228271484,0.065667335,,ok
Darwin-arm64,Apple M2 Pro,clang-17.0.0 (clang-1700.0.13.5),TWINE-128,ref,block,4096,12,3995000,262144,15.239715576,0.065618023,,ok
Darwin-arm64,Apple M2 Pro,clang-17.0.0 (clang-1700.0.13.5),TWINE-128,ref,block,4096,13,4034000,262144,15.388488770,0.064983639,,ok
Darwin-arm64,Apple M2 Pro,clang-17.0.0 (clang-1700.0.13.5),TWINE-128,ref,block,4096,14,3976000,262144,15.167236328,0.065931590,,ok
Darwin-arm64,Apple M2 Pro,clang-17.0.0 (clang-1700.0.13.5),TWINE-128,ref,block,4096,15,3998000,262144,15.251159668,0.065568784,,ok
Darwin-arm64,Apple M2 Pro,clang-17.0.0 (clang-1700.0.13.5),TWINE-128,ref,block,8192,1,4008000,262144,15.289306641,0.065405190,,ok
Darwin-arm64,Apple M2 Pro,clang-17.0.0 (clang-1700.0.13.5),TWINE-128,ref,block,8192,2,3987000,262144,15.209197998,0.065749686,,ok
Darwin-arm64,Apple M2 Pro,clang-17.0.0 (clang-1700.0.13.5),TWINE-128,ref,block,8192,3,4031000,262144,15.377044678,0.065032002,,ok
Darwin-arm64,Apple M2 Pro,clang-17.0.0 (clang-1700.0.13.5),TWINE-128,ref,block,8192,4,4117000,262144,15.705108643,0.063673549,,ok
Darwin-arm64,Apple M2 Pro,clang-17.0.0 (clang-1700.0.13.5),TWINE-128,ref,block,8192,5,3994000,262144,15.235900879,0.065634452,,ok
Darwin-arm64,Apple M2 Pro,clang-17.0.0 (clang-1700.0.13.5),TWINE-128,ref,block,8192,6,3972000,262144,15.151977539,0.065997986,,ok
Darwin-arm64,Apple M2 Pro,clang-17.0.0 (clang-1700.0.13.5),TWINE-128,ref,block,8192,7,4076000,262144,15.548706055,0.064314033,,ok
Darwin-arm64,Apple M2 Pro,clang-17.0.0 (clang-1700.0.13.5),TWINE-128,ref,block,8192,8,4002000,262144,15.266418457,0.065503248,,ok
Darwin-arm64,Apple M2 Pro,clang-17.0.0 (clang-1700.0.13.5),TWINE-128,ref,block,8192,9,4114000,262144,15.693664551,0.063719981,,ok
Darwin-arm64,Apple M2 Pro,clang-17.0.0 (clang-1700.0.13.5),TWINE-128,ref,block,8192,10,4082000,262144,15.571594238,0.064219500,,ok
Darwin-arm64,Apple M2 Pro,clang-17.0.0 (clang-1700.0.13.5),TWINE-128,ref,block,8192,11,4053000,262144,15.460968018,0.064679003,,ok
Darwin-arm64,Apple M2 Pro,clang-17.0.0 (clang-1700.0.13.5),TWINE-128,ref,block,8192,12,4070000,262144,15.525817871,0.064408845,,ok
Darwin-arm64,Apple M2 Pro,clang-17.0.0 (clang-1700.0.13.5),TWINE-128,ref,block,8192,13,3987000,262144,15.209197998,0.065749686,,ok
Darwin-arm64,Apple M2 Pro,clang-17.0.0 (clang-1700.0.13.5),TWINE-128,ref,block,8192,14,3978000,262144,15.174865723,0.065898441,,ok
Darwin-arm64,Apple M2 Pro,clang-17.0.0 (clang-1700.0.13.5),TWINE-128,ref,block,8192,15,4048000,262144,15.441894531,0.064758893,,ok
Darwin-arm64,Apple M2 Pro,clang-17.0.0 (clang-1700.0.13.5),TWINE-128,ref,block,65536,1,3998000,262144,15.251159668,0.065568784,,ok
Darwin-arm64,Apple M2 Pro,clang-17.0.0 (clang-1700.0.13.5),TWINE-128,ref,block,65536,2,4099000,262144,15.636444092,0.063953159,,ok
Darwin-arm64,Apple M2 Pro,clang-17.0.0 (clang-1700.0.13.5),TWINE-128,ref,block,65536,3,3988000,262144,15.213012695,0.065733200,,ok
Darwin-arm64,Apple M2 Pro,clang-17.0.0 (clang-1700.0.13.5),TWINE-128,ref,block,65536,4,4041000,262144,15.415191650,0.064871072,,ok
Darwin-arm64,Apple M2 Pro,clang-17.0.0 (clang-1700.0.13.5),TWINE-128,ref,block,65536,5,4014000,262144,15.312194824,0.065307424,,ok
Darwin-arm64,Apple M2 Pro,clang-17.0.0 (clang-1700.0.13.5),TWINE-128,ref,block,65536,6,4073000,262144,15.537261963,0.064361404,,ok
Darwin-arm64,Apple M2 Pro,clang-17.0.0 (clang-1700.0.13.5),TWINE-128,ref,block,65536,7,4059000,262144,15.483856201,0.064583395,,ok
Darwin-arm64,Apple M2 Pro,clang-17.0.0 (clang-1700.0.13.5),TWINE-128,ref,block,65536,8,3997000,262144,15.247344971,0.065585189,,ok
Darwin-arm64,Apple M2 Pro,clang-17.0.0 (clang-1700.0.13.5),TWINE-128,ref,block,65536,9,4002000,262144,15.266418457,0.065503248,,ok
Darwin-arm64,Apple M2 Pro,clang-17.0.0 (clang-1700.0.13.5),TWINE-128,ref,block,65536,10,4096000,262144,15.625000000,0.064000000,,ok
Darwin-arm64,Apple M2 Pro,clang-17.0.0 (clang-1700.0.13.5),TWINE-128,ref,block,65536,11,4057000,262144,15.476226807,0.064615233,,ok
Darwin-arm64,Apple M2 Pro,clang-17.0.0 (clang-1700.0.13.5),TWINE-128,ref,block,65536,12,4113000,262144,15.689849854,0.063735473,,ok
Darwin-arm64,Apple M2 Pro,clang-17.0.0 (clang-1700.0.13.5),TWINE-128,ref,block,65536,13,4050000,262144,15.449523926,0.064726914,,ok
Darwin-arm64,Apple M2 Pro,clang-17.0.0 (clang-1700.0.13.5),TWINE-128,ref,block,65536,14,4059000,262144,15.483856201,0.064583395,,ok
Darwin-arm64,Apple M2 Pro,clang-17.0.0 (clang-1700.0.13.5),TWINE-128,ref,block,65536,15,4011000,262144,15.300750732,0.065356270,,ok
Darwin-arm64,Apple M2 Pro,clang-17.0.0 (clang-1700.0.13.5),TWINE-128,ref,block,1048576,1,16054000,1048576,15.310287476,0.065315560,,ok
Darwin-arm64,Apple M2 Pro,clang-17.0.0 (clang-1700.0.13.5),TWINE-128,ref,block,1048576,2,16250000,1048576,15.497207642,0.064527754,,ok
Darwin-arm64,Apple M2 Pro,clang-17.0.0 (clang-1700.0.13.5),TWINE-128,ref,block,1048576,3,16120000,1048576,15.373229980,0.065048139,,ok
Darwin-arm64,Apple M2 Pro,clang-17.0.0 (clang-1700.0.13.5),TWINE-128,ref,block,1048576,4,16280000,1048576,15.525817871,0.064408845,,ok
Darwin-arm64,Apple M2 Pro,clang-17.0.0 (clang-1700.0.13.5),TWINE-128,ref,block,1048576,5,16079000,1048576,15.334129333,0.065214006,,ok
Darwin-arm64,Apple M2 Pro,clang-17.0.0 (clang-1700.0.13.5),TWINE-128,ref,block,1048576,6,16228000,1048576,15.476226807,0.064615233,,ok
Darwin-arm64,Apple M2 Pro,clang-17.0.0 (clang-1700.0.13.5),TWINE-128,ref,block,1048576,7,16191000,1048576,15.440940857,0.064762893,,ok
Darwin-arm64,Apple M2 Pro,clang-17.0.0 (clang-1700.0.13.5),TWINE-128,ref,block,1048576,8,16105000,1048576,15.358924866,0.065108724,,ok
Darwin-arm64,Apple M2 Pro,clang-17.0.0 (clang-1700.0.13.5),TWINE-128,ref,block,1048576,9,16181000,1048576,15.431404114,0.064802917,,ok
Darwin-arm64,Apple M2 Pro,clang-17.0.0 (clang-1700.0.13.5),TWINE-128,ref,block,1048576,10,16292000,1048576,15.537261963,0.064361404,,ok
Darwin-arm64,Apple M2 Pro,clang-17.0.0 (clang-1700.0.13.5),TWINE-128,ref,block,1048576,11,16220000,1048576,15.468597412,0.064647102,,ok
Darwin-arm64,Apple M2 Pro,clang-17.0.0 (clang-1700.0.13.5),TWINE-128,ref,block,1048576,12,16365000,1048576,15.606880188,0.064074305,,ok
Darwin-arm64,Apple M2 Pro,clang-17.0.0 (clang-1700.0.13.5),TWINE-128,ref,block,1048576,13,16224000,1048576,15.472412109,0.064631164,,ok
Darwin-arm64,Apple M2 Pro,clang-17.0.0 (clang-1700.0.13.5),TWINE-128,ref,block,1048576,14,16144000,1048576,15.396118164,0.064951437,,ok
Darwin-arm64,Apple M2 Pro,clang-17.0.0 (clang-1700.0.13.5),TWINE-128,ref,block,1048576,15,16337000,1048576,15.580177307,0.064184122,,ok
Darwin-arm64,Apple M2 Pro,clang-17.0.0 (clang-1700.0.13.5),AES-128,aes-hw,ctr,64,1,188000,262144,0.717163086,1.394382979,,ok
Darwin-arm64,Apple M2 Pro,clang-17.0.0 (clang-1700.0.13.5),AES-128,aes-hw,ctr,64,2,182000,262144,0.694274902,1.440351648,,ok
Darwin-arm64,Apple M2 Pro,clang-17.0.0 (clang-1700.0.13.5),AES-128,aes-hw,ctr,64,3,181000,262144,0.690460205,1.448309392,,ok
Darwin-arm64,Apple M2 Pro,clang-17.0.0 (clang-1700.0.13.5),AES-128,aes-hw,ctr,64,4,182000,262144,0.694274902,1.440351648,,ok
Darwin-arm64,Apple M2 Pro,clang-17.0.0 (clang-1700.0.13.5),AES-128,aes-hw,ctr,64,5,181000,262144,0.690460205,1.448309392,,ok
Darwin-arm64,Apple M2 Pro,clang-17.0.0 (clang-1700.0.13.5),AES-128,aes-hw,ctr,64,6,181000,262144,0.690460205,1.448309392,,ok
Darwin-arm64,Apple M2 Pro,clang-17.0.0 (clang-1700.0.13.5),AES-128,aes-hw,ctr,64,7,181000,262144,0.690460205,1.448309392,,ok
Darwin-arm64,Apple M2 Pro,clang-17.0.0 (clang-1700.0.13.5),AES-128,aes-hw,ctr,64,8,181000,262144,0.690460205,1.448309392,,ok
Darwin-arm64,Apple M2 Pro,clang-17.0.0 (clang-1700.0.13.5),AES-128,aes-hw,ctr,64,9,187000,262144,0.713348389,1.401839572,,ok
Darwin-arm64,Apple M2 Pro,clang-17.0.0 (clang-1700.0.13.5),AES-128,aes-hw,ctr,64,10,190000,262144,0.724792480,1.379705263,,ok
Darwin-arm64,Apple M2 Pro,clang-17.0.0 (clang-1700.0.13.5),AES-128,aes-hw,ctr,64,11,193000,262144,0.736236572,1.358259067,,ok
Darwin-arm64,Apple M2 Pro,clang-17.0.0 (clang-1700.0.13.5),AES-128,aes-hw,ctr,64,12,181000,262144,0.690460205,1.448309392,,ok
Darwin-arm64,Apple M2 Pro,clang-17.0.0 (clang-1700.0.13.5),AES-128,aes-hw,ctr,64,13,184000,262144,0.701904297,1.424695652,,ok
Darwin-arm64,Apple M2 Pro,clang-17.0.0 (clang-1700.0.13.5),AES-128,aes-hw,ctr,64,14,194000,262144,0.740051270,1.351257732,,ok
Darwin-arm64,Apple M2 Pro,clang-17.0.0 (clang-1700.0.13.5),AES-128,aes-hw,ctr,64,15,186000,262144,0.709533691,1.409376344,,ok
Darwin-arm64,Apple M2 Pro,clang-17.0.0 (clang-1700.0.13.5),AES-128,aes-hw,ctr,512,1,145000,262144,0.553131104,1.807889655,,ok
Darwin-arm64,Apple M2 Pro,clang-17.0.0 (clang-1700.0.13.5),AES-128,aes-hw,ctr,512,2,145000,262144,0.553131104,1.807889655,,ok
Darwin-arm64,Apple M2 Pro,clang-17.0.0 (clang-1700.0.13.5),AES-128,aes-hw,ctr,512,3,149000,262144,0.568389893,1.759355705,,ok
Darwin-arm64,Apple M2 Pro,clang-17.0.0 (clang-1700.0.13.5),AES-128,aes-hw,ctr,512,4,167000,262144,0.637054443,1.569724551,,ok
Darwin-arm64,Apple M2 Pro,clang-17.0.0 (clang-1700.0.13.5),AES-128,aes-hw,ctr,512,5,150000,262144,0.572204590,1.747626667,,ok
Darwin-arm64,Apple M2 Pro,clang-17.0.0 (clang-1700.0.13.5),AES-128,aes-hw,ctr,512,6,145000,262144,0.553131104,1.807889655,,ok
Darwin-arm64,Apple M2 Pro,clang-17.0.0 (clang-1700.0.13.5),AES-128,aes-hw,ctr,512,7,150000,262144,0.572204590,1.747626667,,ok
Darwin-arm64,Apple M2 Pro,clang-17.0.0 (clang-1700.0.13.5),AES-128,aes-hw,ctr,512,8,148000,262144,0.564575195,1.771243243,,ok
Darwin-arm64,Apple M2 Pro,clang-17.0.0 (clang-1700.0.13.5),AES-128,aes-hw,ctr,512,9,151000,262144,0.576019287,1.736052980,,ok
Darwin-arm64,Apple M2 Pro,clang-17.0.0 (clang-1700.0.13.5),AES-128,aes-hw,ctr,512,10,156000,262144,0.595092773,1.680410256,,ok
Darwin-arm64,Apple M2 Pro,clang-17.0.0 (clang-1700.0.13.5),AES-128,aes-hw,ctr,512,11,156000,262144,0.595092773,1.680410256,,ok
Darwin-arm64,Apple M2 Pro,clang-17.0.0 (clang-1700.0.13.5),AES-128,aes-hw,ctr,512,12,145000,262144,0.553131104,1.807889655,,ok
Darwin-arm64,Apple M2 Pro,clang-17.0.0 (clang-1700.0.13.5),AES-128,aes-hw,ctr,512,13,145000,262144,0.553131104,1.807889655,,ok
Darwin-arm64,Apple M2 Pro,clang-17.0.0 (clang-1700.0.13.5),AES-128,aes-hw,ctr,512,14,145000,262144,0.553131104,1.807889655,,ok
Darwin-arm64,Apple M2 Pro,clang-17.0.0 (clang-1700.0.13.5),AES-128,aes-hw,ctr,512,15,145000,262144,0.553131104,1.807889655,,ok
Darwin-arm64,Apple M2 Pro,clang-17.0.0 (clang-1700.0.13.5),AES-128,aes-hw,ctr,4096,1,154000,262144,0.587463379,1.702233766,,ok
Darwin-arm64,Apple M2 Pro,clang-17.0.0 (clang-1700.0.13.5),AES-128,aes-hw,ctr,4096,2,154000,262144,0.587463379,1.702233766,,ok
Darwin-arm64,Apple M2 Pro,clang-17.0.0 (clang-1700.0.13.5),AES-128,aes-hw,ctr,4096,3,154000,262144,0.587463379,1.702233766,,ok
Darwin-arm64,Apple M2 Pro,clang-17.0.0 (clang-1700.0.13.5),AES-128,aes-hw,ctr,4096,4,157000,262144,0.598907471,1.669707006,,ok
Darwin-arm64,Apple M2 Pro,clang-17.0.0 (clang-1700.0.13.5),AES-128,aes-hw,ctr,4096,5,154000,262144,0.587463379,1.702233766,,ok
Darwin-arm64,Apple M2 Pro,clang-17.0.0 (clang-1700.0.13.5),AES-128,aes-hw,ctr,4096,6,154000,262144,0.587463379,1.702233766,,ok
Darwin-arm64,Apple M2 Pro,clang-17.0.0 (clang-1700.0.13.5),AES-128,aes-hw,ctr,4096,7,154000,262144,0.587463379,1.702233766,,ok
Darwin-arm64,Apple M2 Pro,clang-17.0.0 (clang-1700.0.13.5),AES-128,aes-hw,ctr,4096,8,153000,262144,0.583648682,1.713359477,,ok
Darwin-arm64,Apple M2 Pro,clang-17.0.0 (clang-1700.0.13.5),AES-128,aes-hw,ctr,4096,9,154000,262144,0.587463379,1.702233766,,ok
Darwin-arm64,Apple M2 Pro,clang-17.0.0 (clang-1700.0.13.5),AES-128,aes-hw,ctr,4096,10,154000,262144,0.587463379,1.702233766,,ok
Darwin-arm64,Apple M2 Pro,clang-17.0.0 (clang-1700.0.13.5),AES-128,aes-hw,ctr,4096,11,154000,262144,0.587463379,1.702233766,,ok
Darwin-arm64,Apple M2 Pro,clang-17.0.0 (clang-1700.0.13.5),AES-128,aes-hw,ctr,4096,12,154000,262144,0.587463379,1.702233766,,ok
Darwin-arm64,Apple M2 Pro,clang-17.0.0 (clang-1700.0.13.5),AES-128,aes-hw,ctr,4096,13,154000,262144,0.587463379,1.702233766,,ok
Darwin-arm64,Apple M2 Pro,clang-17.0.0 (clang-1700.0.13.5),AES-128,aes-hw,ctr,4096,14,154000,262144,0.587463379,1.702233766,,ok
Darwin-arm64,Apple M2 Pro,clang-17.0.0 (clang-1700.0.13.5),AES-128,aes-hw,ctr,4096,15,154000,262144,0.587463379,1.702233766,,ok
Darwin-arm64,Apple M2 Pro,clang-17.0.0 (clang-1700.0.13.5),AES-128,aes-hw,ctr,8192,1,155000,262144,0.591278076,1.691251613,,ok
Darwin-arm64,Apple M2 Pro,clang-17.0.0 (clang-1700.0.13.5),AES-128,aes-hw,ctr,8192,2,154000,262144,0.587463379,1.702233766,,ok
Darwin-arm64,Apple M2 Pro,clang-17.0.0 (clang-1700.0.13.5),AES-128,aes-hw,ctr,8192,3,154000,262144,0.587463379,1.702233766,,ok
Darwin-arm64,Apple M2 Pro,clang-17.0.0 (clang-1700.0.13.5),AES-128,aes-hw,ctr,8192,4,154000,262144,0.587463379,1.702233766,,ok
Darwin-arm64,Apple M2 Pro,clang-17.0.0 (clang-1700.0.13.5),AES-128,aes-hw,ctr,8192,5,154000,262144,0.587463379,1.702233766,,ok
Darwin-arm64,Apple M2 Pro,clang-17.0.0 (clang-1700.0.13.5),AES-128,aes-hw,ctr,8192,6,154000,262144,0.587463379,1.702233766,,ok
Darwin-arm64,Apple M2 Pro,clang-17.0.0 (clang-1700.0.13.5),AES-128,aes-hw,ctr,8192,7,154000,262144,0.587463379,1.702233766,,ok
Darwin-arm64,Apple M2 Pro,clang-17.0.0 (clang-1700.0.13.5),AES-128,aes-hw,ctr,8192,8,155000,262144,0.591278076,1.691251613,,ok
Darwin-arm64,Apple M2 Pro,clang-17.0.0 (clang-1700.0.13.5),AES-128,aes-hw,ctr,8192,9,189000,262144,0.720977783,1.387005291,,ok
Darwin-arm64,Apple M2 Pro,clang-17.0.0 (clang-1700.0.13.5),AES-128,aes-hw,ctr,8192,10,151000,262144,0.576019287,1.736052980,,ok
Darwin-arm64,Apple M2 Pro,clang-17.0.0 (clang-1700.0.13.5),AES-128,aes-hw,ctr,8192,11,152000,262144,0.579833984,1.724631579,,ok
Darwin-arm64,Apple M2 Pro,clang-17.0.0 (clang-1700.0.13.5),AES-128,aes-hw,ctr,8192,12,152000,262144,0.579833984,1.724631579,,ok
Darwin-arm64,Apple M2 Pro,clang-17.0.0 (clang-1700.0.13.5),AES-128,aes-hw,ctr,8192,13,152000,262144,0.579833984,1.724631579,,ok
Darwin-arm64,Apple M2 Pro,clang-17.0.0 (clang-1700.0.13.5),AES-128,aes-hw,ctr,8192,14,152000,262144,0.579833984,1.724631579,,ok
Darwin-arm64,Apple M2 Pro,clang-17.0.0 (clang-1700.0.13.5),AES-128,aes-hw,ctr,8192,15,151000,262144,0.576019287,1.736052980,,ok
Darwin-arm64,Apple M2 Pro,clang-17.0.0 (clang-1700.0.13.5),AES-128,aes-hw,ctr,65536,1,150000,262144,0.572204590,1.747626667,,ok
Darwin-arm64,Apple M2 Pro,clang-17.0.0 (clang-1700.0.13.5),AES-128,aes-hw,ctr,65536,2,150000,262144,0.572204590,1.747626667,,ok
Darwin-arm64,Apple M2 Pro,clang-17.0.0 (clang-1700.0.13.5),AES-128,aes-hw,ctr,65536,3,150000,262144,0.572204590,1.747626667,,ok
Darwin-arm64,Apple M2 Pro,clang-17.0.0 (clang-1700.0.13.5),AES-128,aes-hw,ctr,65536,4,150000,262144,0.572204590,1.747626667,,ok
Darwin-arm64,Apple M2 Pro,clang-17.0.0 (clang-1700.0.13.5),AES-128,aes-hw,ctr,65536,5,149000,262144,0.568389893,1.759355705,,ok
Darwin-arm64,Apple M2 Pro,clang-17.0.0 (clang-1700.0.13.5),AES-128,aes-hw,ctr,65536,6,150000,262144,0.572204590,1.747626667,,ok
Darwin-arm64,Apple M2 Pro,clang-17.0.0 (clang-1700.0.13.5),AES-128,aes-hw,ctr,65536,7,150000,262144,0.572204590,1.747626667,,ok
Darwin-arm64,Apple M2 Pro,clang-17.0.0 (clang-1700.0.13.5),AES-128,aes-hw,ctr,65536,8,149000,262144,0.568389893,1.759355705,,ok
Darwin-arm64,Apple M2 Pro,clang-17.0.0 (clang-1700.0.13.5),AES-128,aes-hw,ctr,65536,9,150000,262144,0.572204590,1.747626667,,ok
Darwin-arm64,Apple M2 Pro,clang-17.0.0 (clang-1700.0.13.5),AES-128,aes-hw,ctr,65536,10,150000,262144,0.572204590,1.747626667,,ok
Darwin-arm64,Apple M2 Pro,clang-17.0.0 (clang-1700.0.13.5),AES-128,aes-hw,ctr,65536,11,149000,262144,0.568389893,1.759355705,,ok
Darwin-arm64,Apple M2 Pro,clang-17.0.0 (clang-1700.0.13.5),AES-128,aes-hw,ctr,65536,12,150000,262144,0.572204590,1.747626667,,ok
Darwin-arm64,Apple M2 Pro,clang-17.0.0 (clang-1700.0.13.5),AES-128,aes-hw,ctr,65536,13,149000,262144,0.568389893,1.759355705,,ok
Darwin-arm64,Apple M2 Pro,clang-17.0.0 (clang-1700.0.13.5),AES-128,aes-hw,ctr,65536,14,150000,262144,0.572204590,1.747626667,,ok
Darwin-arm64,Apple M2 Pro,clang-17.0.0 (clang-1700.0.13.5),AES-128,aes-hw,ctr,65536,15,150000,262144,0.572204590,1.747626667,,ok
Darwin-arm64,Apple M2 Pro,clang-17.0.0 (clang-1700.0.13.5),AES-128,aes-hw,ctr,1048576,1,608000,1048576,0.579833984,1.724631579,,ok
Darwin-arm64,Apple M2 Pro,clang-17.0.0 (clang-1700.0.13.5),AES-128,aes-hw,ctr,1048576,2,596000,1048576,0.568389893,1.759355705,,ok
Darwin-arm64,Apple M2 Pro,clang-17.0.0 (clang-1700.0.13.5),AES-128,aes-hw,ctr,1048576,3,606000,1048576,0.577926636,1.730323432,,ok
Darwin-arm64,Apple M2 Pro,clang-17.0.0 (clang-1700.0.13.5),AES-128,aes-hw,ctr,1048576,4,639000,1048576,0.609397888,1.640964006,,ok
Darwin-arm64,Apple M2 Pro,clang-17.0.0 (clang-1700.0.13.5),AES-128,aes-hw,ctr,1048576,5,626000,1048576,0.597000122,1.675041534,,ok
Darwin-arm64,Apple M2 Pro,clang-17.0.0 (clang-1700.0.13.5),AES-128,aes-hw,ctr,1048576,6,609000,1048576,0.580787659,1.721799672,,ok
Darwin-arm64,Apple M2 Pro,clang-17.0.0 (clang-1700.0.13.5),AES-128,aes-hw,ctr,1048576,7,607000,1048576,0.578880310,1.727472817,,ok
Darwin-arm64,Apple M2 Pro,clang-17.0.0 (clang-1700.0.13.5),AES-128,aes-hw,ctr,1048576,8,608000,1048576,0.579833984,1.724631579,,ok
Darwin-arm64,Apple M2 Pro,clang-17.0.0 (clang-1700.0.13.5),AES-128,aes-hw,ctr,1048576,9,600000,1048576,0.572204590,1.747626667,,ok
Darwin-arm64,Apple M2 Pro,clang-17.0.0 (clang-1700.0.13.5),AES-128,aes-hw,ctr,1048576,10,607000,1048576,0.578880310,1.727472817,,ok
Darwin-arm64,Apple M2 Pro,clang-17.0.0 (clang-1700.0.13.5),AES-128,aes-hw,ctr,1048576,11,614000,1048576,0.585556030,1.707778502,,ok
Darwin-arm64,Apple M2 Pro,clang-17.0.0 (clang-1700.0.13.5),AES-128,aes-hw,ctr,1048576,12,666000,1048576,0.635147095,1.574438438,,ok
Darwin-arm64,Apple M2 Pro,clang-17.0.0 (clang-1700.0.13.5),AES-128,aes-hw,ctr,1048576,13,597000,1048576,0.569343567,1.756408710,,ok
Darwin-arm64,Apple M2 Pro,clang-17.0.0 (clang-1700.0.13.5),AES-128,aes-hw,ctr,1048576,14,596000,1048576,0.568389893,1.759355705,,ok
Darwin-arm64,Apple M2 Pro,clang-17.0.0 (clang-1700.0.13.5),AES-128,aes-hw,ctr,1048576,15,597000,1048576,0.569343567,1.756408710,,ok
Darwin-arm64,Apple M2 Pro,clang-17.0.0 (clang-1700.0.13.5),SM4-128,ttable-2k,ctr,64,1,3788000,262144,14.450073242,0.069203801,,ok
Darwin-arm64,Apple M2 Pro,clang-17.0.0 (clang-1700.0.13.5),SM4-128,ttable-2k,ctr,64,2,3615000,262144,13.790130615,0.072515629,,ok
Darwin-arm64,Apple M2 Pro,clang-17.0.0 (clang-1700.0.13.5),SM4-128,ttable-2k,ctr,64,3,3642000,262144,13.893127441,0.071978034,,ok
Darwin-arm64,Apple M2 Pro,clang-17.0.0 (clang-1700.0.13.5),SM4-128,ttable-2k,ctr,64,4,3606000,262144,13.755798340,0.072696617,,ok
Darwin-arm64,Apple M2 Pro,clang-17.0.0 (clang-1700.0.13.5),SM4-128,ttable-2k,ctr,64,5,3728000,262144,14.221191406,0.070317597,,ok
Darwin-arm64,Apple M2 Pro,clang-17.0.0 (clang-1700.0.13.5),SM4-128,ttable-2k,ctr,64,6,3700000,262144,14.114379883,0.070849730,,ok
Darwin-arm64,Apple M2 Pro,clang-17.0.0 (clang-1700.0.13.5),SM4-128,ttable-2k,ctr,64,7,3627000,262144,13.835906982,0.072275710,,ok
Darwin-arm64,Apple M2 Pro,clang-17.0.0 (clang-1700.0.13.5),SM4-128,ttable-2k,ctr,64,8,3625000,262144,13.828277588,0.072315586,,ok
Darwin-arm64,Apple M2 Pro,clang-17.0.0 (clang-1700.0.13.5),SM4-128,ttable-2k,ctr,64,9,3824000,262144,14.587402344,0.068552301,,ok
Darwin-arm64,Apple M2 Pro,clang-17.0.0 (clang-1700.0.13.5),SM4-128,ttable-2k,ctr,64,10,3762000,262144,14.350891113,0.069682084,,ok
Darwin-arm64,Apple M2 Pro,clang-17.0.0 (clang-1700.0.13.5),SM4-128,ttable-2k,ctr,64,11,3639000,262144,13.881683350,0.072037373,,ok
Darwin-arm64,Apple M2 Pro,clang-17.0.0 (clang-1700.0.13.5),SM4-128,ttable-2k,ctr,64,12,3662000,262144,13.969421387,0.071584926,,ok
Darwin-arm64,Apple M2 Pro,clang-17.0.0 (clang-1700.0.13.5),SM4-128,ttable-2k,ctr,64,13,3610000,262144,13.771057129,0.072616066,,ok
Darwin-arm64,Apple M2 Pro,clang-17.0.0 (clang-1700.0.13.5),SM4-128,ttable-2k,ctr,64,14,3689000,262144,14.072418213,0.071060992,,ok
Darwin-arm64,Apple M2 Pro,clang-17.0.0 (clang-1700.0.13.5),SM4-128,ttable-2k,ctr,64,15,3759000,262144,14.339447021,0.069737696,,ok
Darwin-arm64,Apple M2 Pro,clang-17.0.0 (clang-1700.0.13.5),SM4-128,ttable-2k,ctr,512,1,3685000,262144,14.057159424,0.071138128,,ok
Darwin-arm64,Apple M2 Pro,clang-17.0.0 (clang-1700.0.13.5),SM4-128,ttable-2k,ctr,512,2,3645000,262144,13.904571533,0.071918793,,ok
Darwin-arm64,Apple M2 Pro,clang-17.0.0 (clang-1700.0.13.5),SM4-128,ttable-2k,ctr,512,3,3934000,262144,15.007019043,0.066635486,,ok
Darwin-arm64,Apple M2 Pro,clang-17.0.0 (clang-1700.0.13.5),SM4-128,ttable-2k,ctr,512,4,3590000,262144,13.694763184,0.073020613,,ok
Darwin-arm64,Apple M2 Pro,clang-17.0.0 (clang-1700.0.13.5),SM4-128,ttable-2k,ctr,512,5,3659000,262144,13.957977295,0.071643618,,ok
Darwin-arm64,Apple M2 Pro,clang-17.0.0 (clang-1700.0.13.5),SM4-128,ttable-2k,ctr,512,6,3748000,262144,14.297485352,0.069942369,,ok
Darwin-arm64,Apple M2 Pro,clang-17.0.0 (clang-1700.0.13.5),SM4-128,ttable-2k,ctr,512,7,3603000,262144,13.744354248,0.072757147,,ok
Darwin-arm64,Apple M2 Pro,clang-17.0.0 (clang-1700.0.13.5),SM4-128,ttable-2k,ctr,512,8,3618000,262144,13.801574707,0.072455500,,ok
Darwin-arm64,Apple M2 Pro,clang-17.0.0 (clang-1700.0.13.5),SM4-128,ttable-2k,ctr,512,9,3676000,262144,14.022827148,0.071312296,,ok
Darwin-arm64,Apple M2 Pro,clang-17.0.0 (clang-1700.0.13.5),SM4-128,ttable-2k,ctr,512,10,3614000,262144,13.786315918,0.072535695,,ok
Darwin-arm64,Apple M2 Pro,clang-17.0.0 (clang-1700.0.13.5),SM4-128,ttable-2k,ctr,512,11,3640000,262144,13.885498047,0.072017582,,ok
Darwin-arm64,Apple M2 Pro,clang-17.0.0 (clang-1700.0.13.5),SM4-128,ttable-2k,ctr,512,12,3742000,262144,14.274597168,0.070054516,,ok
Darwin-arm64,Apple M2 Pro,clang-17.0.0 (clang-1700.0.13.5),SM4-128,ttable-2k,ctr,512,13,3638000,262144,13.877868652,0.072057174,,ok
Darwin-arm64,Apple M2 Pro,clang-17.0.0 (clang-1700.0.13.5),SM4-128,ttable-2k,ctr,512,14,3750000,262144,14.305114746,0.069905067,,ok
Darwin-arm64,Apple M2 Pro,clang-17.0.0 (clang-1700.0.13.5),SM4-128,ttable-2k,ctr,512,15,3694000,262144,14.091491699,0.070964808,,ok
Darwin-arm64,Apple M2 Pro,clang-17.0.0 (clang-1700.0.13.5),SM4-128,ttable-2k,ctr,4096,1,3783000,262144,14.430999756,0.069295268,,ok
Darwin-arm64,Apple M2 Pro,clang-17.0.0 (clang-1700.0.13.5),SM4-128,ttable-2k,ctr,4096,2,3646000,262144,13.908386230,0.071899067,,ok
Darwin-arm64,Apple M2 Pro,clang-17.0.0 (clang-1700.0.13.5),SM4-128,ttable-2k,ctr,4096,3,3619000,262144,13.805389404,0.072435479,,ok
Darwin-arm64,Apple M2 Pro,clang-17.0.0 (clang-1700.0.13.5),SM4-128,ttable-2k,ctr,4096,4,3634000,262144,13.862609863,0.072136489,,ok
Darwin-arm64,Apple M2 Pro,clang-17.0.0 (clang-1700.0.13.5),SM4-128,ttable-2k,ctr,4096,5,3781000,262144,14.423370361,0.069331923,,ok
Darwin-arm64,Apple M2 Pro,clang-17.0.0 (clang-1700.0.13.5),SM4-128,ttable-2k,ctr,4096,6,3609000,262144,13.767242432,0.072636187,,ok
Darwin-arm64,Apple M2 Pro,clang-17.0.0 (clang-1700.0.13.5),SM4-128,ttable-2k,ctr,4096,7,3825000,262144,14.591217041,0.068534379,,ok
Darwin-arm64,Apple M2 Pro,clang-17.0.0 (clang-1700.0.13.5),SM4-128,ttable-2k,ctr,4096,8,3755000,262144,14.324188232,0.069811984,,ok
Darwin-arm64,Apple M2 Pro,clang-17.0.0 (clang-1700.0.13.5),SM4-128,ttable-2k,ctr,4096,9,3588000,262144,13.687133789,0.073061315,,ok
Darwin-arm64,Apple M2 Pro,clang-17.0.0 (clang-1700.0.13.5),SM4-128,ttable-2k,ctr,4096,10,3724000,262144,14.205932617,0.070393126,,ok
Darwin-arm64,Apple M2 Pro,clang-17.0.0 (clang-1700.0.13.5),SM4-128,ttable-2k,ctr,4096,11,3694000,262144,14.091491699,0.070964808,,ok
Darwin-arm64,Apple M2 Pro,clang-17.0.0 (clang-1700.0.13.5),SM4-128,ttable-2k,ctr,4096,12,3615000,262144,13.790130615,0.072515629,,ok
Darwin-arm64,Apple M2 Pro,clang-17.0.0 (clang-1700.0.13.5),SM4-128,ttable-2k,ctr,4096,13,3684000,262144,14.053344727,0.071157438,,ok
Darwin-arm64,Apple M2 Pro,clang-17.0.0 (clang-1700.0.13.5),SM4-128,ttable-2k,ctr,4096,14,3692000,262144,14.083862305,0.071003250,,ok
Darwin-arm64,Apple M2 Pro,clang-17.0.0 (clang-1700.0.13.5),SM4-128,ttable-2k,ctr,4096,15,3749000,262144,14.301300049,0.069923713,,ok
Darwin-arm64,Apple M2 Pro,clang-17.0.0 (clang-1700.0.13.5),SM4-128,ttable-2k,ctr,8192,1,3743000,262144,14.278411865,0.070035800,,ok
Darwin-arm64,Apple M2 Pro,clang-17.0.0 (clang-1700.0.13.5),SM4-128,ttable-2k,ctr,8192,2,3691000,262144,14.080047607,0.071022487,,ok
Darwin-arm64,Apple M2 Pro,clang-17.0.0 (clang-1700.0.13.5),SM4-128,ttable-2k,ctr,8192,3,3636000,262144,13.870239258,0.072096810,,ok
Darwin-arm64,Apple M2 Pro,clang-17.0.0 (clang-1700.0.13.5),SM4-128,ttable-2k,ctr,8192,4,3597000,262144,13.721466064,0.072878510,,ok
Darwin-arm64,Apple M2 Pro,clang-17.0.0 (clang-1700.0.13.5),SM4-128,ttable-2k,ctr,8192,5,3646000,262144,13.908386230,0.071899067,,ok
Darwin-arm64,Apple M2 Pro,clang-17.0.0 (clang-1700.0.13.5),SM4-128,ttable-2k,ctr,8192,6,3712000,262144,14.160156250,0.070620690,,ok
Darwin-arm64,Apple M2 Pro,clang-17.0.0 (clang-1700.0.13.5),SM4-128,ttable-2k,ctr,8192,7,3632000,262144,13.854980469,0.072176211,,ok
Darwin-arm64,Apple M2 Pro,clang-17.0.0 (clang-1700.0.13.5),SM4-128,ttable-2k,ctr,8192,8,3737000,262144,14.255523682,0.070148247,,ok
Darwin-arm64,Apple M2 Pro,clang-17.0.0 (clang-1700.0.13.5),SM4-128,ttable-2k,ctr,8192,9,3654000,262144,13.938903809,0.071741653,,ok
Darwin-arm64,Apple M2 Pro,clang-17.0.0 (clang-1700.0.13.5),SM4-128,ttable-2k,ctr,8192,10,3589000,262144,13.690948486,0.073040958,,ok
Darwin-arm64,Apple M2 Pro,clang-17.0.0 (clang-1700.0.13.5),SM4-128,ttable-2k,ctr,8192,11,3682000,262144,14.045715332,0.071196089,,ok
Darwin-arm64,Apple M2 Pro,clang-17.0.0 (clang-1700.0.13.5),SM4-128,ttable-2k,ctr,8192,12,3680000,262144,14.038085938,0.071234783,,ok
Darwin-arm64,Apple M2 Pro,clang-17.0.0 (clang-1700.0.13.5),SM4-128,ttable-2k,ctr,8192,13,3602000,262144,13.740539551,0.072777346,,ok
Darwin-arm64,Apple M2 Pro,clang-17.0.0 (clang-1700.0.13.5),SM4-128,ttable-2k,ctr,8192,14,3874000,262144,14.778137207,0.067667527,,ok
Darwin-arm64,Apple M2 Pro,clang-17.0.0 (clang-1700.0.13.5),SM4-128,ttable-2k,ctr,8192,15,3785000,262144,14.438629150,0.069258653,,ok
Darwin-arm64,Apple M2 Pro,clang-17.0.0 (clang-1700.0.13.5),SM4-128,ttable-2k,ctr,65536,1,3847000,262144,14.675140381,0.068142449,,ok
Darwin-arm64,Apple M2 Pro,clang-17.0.0 (clang-1700.0.13.5),SM4-128,ttable-2k,ctr,65536,2,3711000,262144,14.156341553,0.070639720,,ok
Darwin-arm64,Apple M2 Pro,clang-17.0.0 (clang-1700.0.13.5),SM4-128,ttable-2k,ctr,65536,3,3628000,262144,13.839721680,0.072255788,,ok
Darwin-arm64,Apple M2 Pro,clang-17.0.0 (clang-1700.0.13.5),SM4-128,ttable-2k,ctr,65536,4,3618000,262144,13.801574707,0.072455500,,ok
Darwin-arm64,Apple M2 Pro,clang-17.0.0 (clang-1700.0.13.5),SM4-128,ttable-2k,ctr,65536,5,3749000,262144,14.301300049,0.069923713,,ok
Darwin-arm64,Apple M2 Pro,clang-17.0.0 (clang-1700.0.13.5),SM4-128,ttable-2k,ctr,65536,6,3829000,262144,14.606475830,0.068462784,,ok
Darwin-arm64,Apple M2 Pro,clang-17.0.0 (clang-1700.0.13.5),SM4-128,ttable-2k,ctr,65536,7,3688000,262144,14.068603516,0.071080260,,ok
Darwin-arm64,Apple M2 Pro,clang-17.0.0 (clang-1700.0.13.5),SM4-128,ttable-2k,ctr,65536,8,3605000,262144,13.751983643,0.072716782,,ok
Darwin-arm64,Apple M2 Pro,clang-17.0.0 (clang-1700.0.13.5),SM4-128,ttable-2k,ctr,65536,9,3592000,262144,13.702392578,0.072979955,,ok
Darwin-arm64,Apple M2 Pro,clang-17.0.0 (clang-1700.0.13.5),SM4-128,ttable-2k,ctr,65536,10,3671000,262144,14.003753662,0.071409425,,ok
Darwin-arm64,Apple M2 Pro,clang-17.0.0 (clang-1700.0.13.5),SM4-128,ttable-2k,ctr,65536,11,3644000,262144,13.900756836,0.071938529,,ok
Darwin-arm64,Apple M2 Pro,clang-17.0.0 (clang-1700.0.13.5),SM4-128,ttable-2k,ctr,65536,12,3729000,262144,14.225006104,0.070298740,,ok
Darwin-arm64,Apple M2 Pro,clang-17.0.0 (clang-1700.0.13.5),SM4-128,ttable-2k,ctr,65536,13,3627000,262144,13.835906982,0.072275710,,ok
Darwin-arm64,Apple M2 Pro,clang-17.0.0 (clang-1700.0.13.5),SM4-128,ttable-2k,ctr,65536,14,3733000,262144,14.240264893,0.070223413,,ok
Darwin-arm64,Apple M2 Pro,clang-17.0.0 (clang-1700.0.13.5),SM4-128,ttable-2k,ctr,65536,15,3689000,262144,14.072418213,0.071060992,,ok
Darwin-arm64,Apple M2 Pro,clang-17.0.0 (clang-1700.0.13.5),SM4-128,ttable-2k,ctr,1048576,1,14958000,1048576,14.265060425,0.070101350,,ok
Darwin-arm64,Apple M2 Pro,clang-17.0.0 (clang-1700.0.13.5),SM4-128,ttable-2k,ctr,1048576,2,14853000,1048576,14.164924622,0.070596916,,ok
Darwin-arm64,Apple M2 Pro,clang-17.0.0 (clang-1700.0.13.5),SM4-128,ttable-2k,ctr,1048576,3,14879000,1048576,14.189720154,0.070473553,,ok
Darwin-arm64,Apple M2 Pro,clang-17.0.0 (clang-1700.0.13.5),SM4-128,ttable-2k,ctr,1048576,4,14829000,1048576,14.142036438,0.070711174,,ok
Darwin-arm64,Apple M2 Pro,clang-17.0.0 (clang-1700.0.13.5),SM4-128,ttable-2k,ctr,1048576,5,14830000,1048576,14.142990112,0.070706406,,ok
Darwin-arm64,Apple M2 Pro,clang-17.0.0 (clang-1700.0.13.5),SM4-128,ttable-2k,ctr,1048576,6,15019000,1048576,14.323234558,0.069816632,,ok
Darwin-arm64,Apple M2 Pro,clang-17.0.0 (clang-1700.0.13.5),SM4-128,ttable-2k,ctr,1048576,7,14732000,1048576,14.049530029,0.071176758,,ok
Darwin-arm64,Apple M2 Pro,clang-17.0.0 (clang-1700.0.13.5),SM4-128,ttable-2k,ctr,1048576,8,14663000,1048576,13.983726501,0.071511696,,ok
Darwin-arm64,Apple M2 Pro,clang-17.0.0 (clang-1700.0.13.5),SM4-128,ttable-2k,ctr,1048576,9,14751000,1048576,14.067649841,0.071085079,,ok
Darwin-arm64,Apple M2 Pro,clang-17.0.0 (clang-1700.0.13.5),SM4-128,ttable-2k,ctr,1048576,10,14844000,1048576,14.156341553,0.070639720,,ok
Darwin-arm64,Apple M2 Pro,clang-17.0.0 (clang-1700.0.13.5),SM4-128,ttable-2k,ctr,1048576,11,14707000,1048576,14.025688171,0.071297749,,ok
Darwin-arm64,Apple M2 Pro,clang-17.0.0 (clang-1700.0.13.5),SM4-128,ttable-2k,ctr,1048576,12,14709000,1048576,14.027595520,0.071288055,,ok
Darwin-arm64,Apple M2 Pro,clang-17.0.0 (clang-1700.0.13.5),SM4-128,ttable-2k,ctr,1048576,13,14715000,1048576,14.033317566,0.071258987,,ok
Darwin-arm64,Apple M2 Pro,clang-17.0.0 (clang-1700.0.13.5),SM4-128,ttable-2k,ctr,1048576,14,14795000,1048576,14.109611511,0.070873674,,ok
Darwin-arm64,Apple M2 Pro,clang-17.0.0 (clang-1700.0.13.5),SM4-128,ttable-2k,ctr,1048576,15,14921000,1048576,14.229774475,0.070275183,,ok
Darwin-arm64,Apple M2 Pro,clang-17.0.0 (clang-1700.0.13.5),GIFT-64/128,ref,ctr,64,1,15367000,262144,58.620452881,0.017058892,,ok
Darwin-arm64,Apple M2 Pro,clang-17.0.0 (clang-1700.0.13.5),GIFT-64/128,ref,ctr,64,2,15313000,262144,58.414459229,0.017119049,,ok
Darwin-arm64,Apple M2 Pro,clang-17.0.0 (clang-1700.0.13.5),GIFT-64/128,ref,ctr,64,3,15510000,262144,59.165954590,0.016901612,,ok
Darwin-arm64,Apple M2 Pro,clang-17.0.0 (clang-1700.0.13.5),GIFT-64/128,ref,ctr,64,4,15198000,262144,57.975769043,0.017248585,,ok
Darwin-arm64,Apple M2 Pro,clang-17.0.0 (clang-1700.0.13.5),GIFT-64/128,ref,ctr,64,5,15287000,262144,58.315277100,0.017148165,,ok
Darwin-arm64,Apple M2 Pro,clang-17.0.0 (clang-1700.0.13.5),GIFT-64/128,ref,ctr,64,6,15180000,262144,57.907104492,0.017269038,,ok
Darwin-arm64,Apple M2 Pro,clang-17.0.0 (clang-1700.0.13.5),GIFT-64/128,ref,ctr,64,7,15297000,262144,58.353424072,0.017136955,,ok
Darwin-arm64,Apple M2 Pro,clang-17.0.0 (clang-1700.0.13.5),GIFT-64/128,ref,ctr,64,8,15273000,262144,58.261871338,0.017163884,,ok
Darwin-arm64,Apple M2 Pro,clang-17.0.0 (clang-1700.0.13.5),GIFT-64/128,ref,ctr,64,9,15316000,262144,58.425903320,0.017115696,,ok
Darwin-arm64,Apple M2 Pro,clang-17.0.0 (clang-1700.0.13.5),GIFT-64/128,ref,ctr,64,10,15138000,262144,57.746887207,0.017316951,,ok
Darwin-arm64,Apple M2 Pro,clang-17.0.0 (clang-1700.0.13.5),GIFT-64/128,ref,ctr,64,11,15295000,262144,58.345794678,0.017139196,,ok
Darwin-arm64,Apple M2 Pro,clang-17.0.0 (clang-1700.0.13.5),GIFT-64/128,ref,ctr,64,12,15300000,262144,58.364868164,0.017133595,,ok
Darwin-arm64,Apple M2 Pro,clang-17.0.0 (clang-1700.0.13.5),GIFT-64/128,ref,ctr,64,13,15349000,262144,58.551788330,0.017078898,,ok
Darwin-arm64,Apple M2 Pro,clang-17.0.0 (clang-1700.0.13.5),GIFT-64/128,ref,ctr,64,14,15349000,262144,58.551788330,0.017078898,,ok
Darwin-arm64,Apple M2 Pro,clang-17.0.0 (clang-1700.0.13.5),GIFT-64/128,ref,ctr,64,15,15340000,262144,58.517456055,0.017088918,,ok
Darwin-arm64,Apple M2 Pro,clang-17.0.0 (clang-1700.0.13.5),GIFT-64/128,ref,ctr,512,1,15136000,262144,57.739257812,0.017319239,,ok
Darwin-arm64,Apple M2 Pro,clang-17.0.0 (clang-1700.0.13.5),GIFT-64/128,ref,ctr,512,2,15204000,262144,57.998657227,0.017241778,,ok
Darwin-arm64,Apple M2 Pro,clang-17.0.0 (clang-1700.0.13.5),GIFT-64/128,ref,ctr,512,3,15311000,262144,58.406829834,0.017121285,,ok
Darwin-arm64,Apple M2 Pro,clang-17.0.0 (clang-1700.0.13.5),GIFT-64/128,ref,ctr,512,4,15259000,262144,58.208465576,0.017179632,,ok
Darwin-arm64,Apple M2 Pro,clang-17.0.0 (clang-1700.0.13.5),GIFT-64/128,ref,ctr,512,5,15349000,262144,58.551788330,0.017078898,,ok
Darwin-arm64,Apple M2 Pro,clang-17.0.0 (clang-1700.0.13.5),GIFT-64/128,ref,ctr,512,6,15146000,262144,57.777404785,0.017307804,,ok
Darwin-arm64,Apple M2 Pro,clang-17.0.0 (clang-1700.0.13.5),GIFT-64/128,ref,ctr,512,7,15111000,262144,57.643890381,0.017347892,,ok
Darwin-arm64,Apple M2 Pro,clang-17.0.0 (clang-1700.0.13.5),GIFT-64/128,ref,ctr,512,8,15198000,262144,57.975769043,0.017248585,,ok
Darwin-arm64,Apple M2 Pro,clang-17.0.0 (clang-1700.0.13.5),GIFT-64/128,ref,ctr,512,9,15233000,262144,58.109283447,0.017208954,,ok
Darwin-arm64,Apple M2 Pro,clang-17.0.0 (clang-1700.0.13.5),GIFT-64/128,ref,ctr,512,10,15142000,262144,57.762145996,0.017312376,,ok
Darwin-arm64,Apple M2 Pro,clang-17.0.0 (clang-1700.0.13.5),GIFT-64/128,ref,ctr,512,11,15339000,262144,58.513641357,0.017090032,,ok
Darwin-arm64,Apple M2 Pro,clang-17.0.0 (clang-1700.0.13.5),GIFT-64/128,ref,ctr,512,12,15192000,262144,57.952880859,0.017255398,,ok
Darwin-arm64,Apple M2 Pro,clang-17.0.0 (clang-1700.0.13.5),GIFT-64/128,ref,ctr,512,13,15244000,262144,58.151245117,0.017196536,,ok
Darwin-arm64,Apple M2 Pro,clang-17.0.0 (clang-1700.0.13.5),GIFT-64/128,ref,ctr,512,14,15127000,262144,57.704925537,0.017329543,,ok
Darwin-arm64,Apple M2 Pro,clang-17.0.0 (clang-1700.0.13.5),GIFT-64/128,ref,ctr,512,15,15076000,262144,57.510375977,0.017388167,,ok
Darwin-arm64,Apple M2 Pro,clang-17.0.0 (clang-1700.0.13.5),GIFT-64/128,ref,ctr,4096,1,15104000,262144,57.617187500,0.017355932,,ok
Darwin-arm64,Apple M2 Pro,clang-17.0.0 (clang-1700.0.13.5),GIFT-64/128,ref,ctr,4096,2,15277000,262144,58.277130127,0.017159390,,ok
Darwin-arm64,Apple M2 Pro,clang-17.0.0 (clang-1700.0.13.5),GIFT-64/128,ref,ctr,4096,3,15272000,262144,58.258056641,0.017165008,,ok
Darwin-arm64,Apple M2 Pro,clang-17.0.0 (clang-1700.0.13.5),GIFT-64/128,ref,ctr,4096,4,15092000,262144,57.571411133,0.017369732,,ok
Darwin-arm64,Apple M2 Pro,clang-17.0.0 (clang-1700.0.13.5),GIFT-64/128,ref,ctr,4096,5,15177000,262144,57.895660400,0.017272452,,ok
Darwin-arm64,Apple M2 Pro,clang-17.0.0 (clang-1700.0.13.5),GIFT-64/128,ref,ctr,4096,6,15257000,262144,58.200836182,0.017181884,,ok
Darwin-arm64,Apple M2 Pro,clang-17.0.0 (clang-1700.0.13.5),GIFT-64/128,ref,ctr,4096,7,15377000,262144,58.658599854,0.017047799,,ok
Darwin-arm64,Apple M2 Pro,clang-17.0.0 (clang-1700.0.13.5),GIFT-64/128,ref,ctr,4096,8,15213000,262144,58.032989502,0.017231578,,ok
Darwin-arm64,Apple M2 Pro,clang-17.0.0 (clang-1700.0.13.5),GIFT-64/128,ref,ctr,4096,9,15394000,262144,58.723449707,0.017028972,,ok
Darwin-arm64,Apple M2 Pro,clang-17.0.0 (clang-1700.0.13.5),GIFT-64/128,ref,ctr,4096,10,15554000,262144,59.333801270,0.016853800,,ok
Darwin-arm64,Apple M2 Pro,clang-17.0.0 (clang-1700.0.13.5),GIFT-64/128,ref,ctr,4096,11,15537000,262144,59.268951416,0.016872240,,ok
Darwin-arm64,Apple M2 Pro,clang-17.0.0 (clang-1700.0.13.5),GIFT-64/128,ref,ctr,4096,12,15282000,262144,58.296203613,0.017153776,,ok
Darwin-arm64,Apple M2 Pro,clang-17.0.0 (clang-1700.0.13.5),GIFT-64/128,ref,ctr,4096,13,15205000,262144,58.002471924,0.017240645,,ok
Darwin-arm64,Apple M2 Pro,clang-17.0.0 (clang-1700.0.13.5),GIFT-64/128,ref,ctr,4096,14,15318000,262144,58.433532715,0.017113461,,ok
Darwin-arm64,Apple M2 Pro,clang-17.0.0 (clang-1700.0.13.5),GIFT-64/128,ref,ctr,4096,15,15574000,262144,59.410095215,0.016832156,,ok
Darwin-arm64,Apple M2 Pro,clang-17.0.0 (clang-1700.0.13.5),GIFT-64/128,ref,ctr,8192,1,15441000,262144,58.902740479,0.016977139,,ok
Darwin-arm64,Apple M2 Pro,clang-17.0.0 (clang-1700.0.13.5),GIFT-64/128,ref,ctr,8192,2,15525000,262144,59.223175049,0.016885282,,ok
Darwin-arm64,Apple M2 Pro,clang-17.0.0 (clang-1700.0.13.5),GIFT-64/128,ref,ctr,8192,3,15324000,262144,58.456420898,0.017106761,,ok
Darwin-arm64,Apple M2 Pro,clang-17.0.0 (clang-1700.0.13.5),GIFT-64/128,ref,ctr,8192,4,15289000,262144,58.322906494,0.017145922,,ok
Darwin-arm64,Apple M2 Pro,clang-17.0.0 (clang-1700.0.13.5),GIFT-64/128,ref,ctr,8192,5,15293000,262144,58.338165283,0.017141437,,ok
Darwin-arm64,Apple M2 Pro,clang-17.0.0 (clang-1700.0.13.5),GIFT-64/128,ref,ctr,8192,6,15278000,262144,58.280944824,0.017158267,,ok
Darwin-arm64,Apple M2 Pro,clang-17.0.0 (clang-1700.0.13.5),GIFT-64/128,ref,ctr,8192,7,15063000,262144,57.460784912,0.017403173,,ok
Darwin-arm64,Apple M2 Pro,clang-17.0.0 (clang-1700.0.13.5),GIFT-64/128,ref,ctr,8192,8,15422000,262144,58.830261230,0.016998055,,ok
Darwin-arm64,Apple M2 Pro,clang-17.0.0 (clang-1700.0.13.5),GIFT-64/128,ref,ctr,8192,9,15331000,262144,58.483123779,0.017098950,,ok
Darwin-arm64,Apple M2 Pro,clang-17.0.0 (clang-1700.0.13.5),GIFT-64/128,ref,ctr,8192,10,15261000,262144,58.216094971,0.017177380,,ok
Darwin-arm64,Apple M2 Pro,clang-17.0.0 (clang-1700.0.13.5),GIFT-64/128,ref,ctr,8192,11,15249000,262144,58.170318604,0.017190898,,ok
Darwin-arm64,Apple M2 Pro,clang-17.0.0 (clang-1700.0.13.5),GIFT-64/128,ref,ctr,8192,12,15401000,262144,58.750152588,0.017021232,,ok
Darwin-arm64,Apple M2 Pro,clang-17.0.0 (clang-1700.0.13.5),GIFT-64/128,ref,ctr,8192,13,15091000,262144,57.567596436,0.017370883,,ok
Darwin-arm64,Apple M2 Pro,clang-17.0.0 (clang-1700.0.13.5),GIFT-64/128,ref,ctr,8192,14,15386000,262144,58.692932129,0.017037827,,ok
Darwin-arm64,Apple M2 Pro,clang-17.0.0 (clang-1700.0.13.5),GIFT-64/128,ref,ctr,8192,15,15270000,262144,58.250427246,0.017167256,,ok
Darwin-arm64,Apple M2 Pro,clang-17.0.0 (clang-1700.0.13.5),GIFT-64/128,ref,ctr,65536,1,15151000,262144,57.796478271,0.017302092,,ok
Darwin-arm64,Apple M2 Pro,clang-17.0.0 (clang-1700.0.13.5),GIFT-64/128,ref,ctr,65536,2,15352000,262144,58.563232422,0.017075560,,ok
Darwin-arm64,Apple M2 Pro,clang-17.0.0 (clang-1700.0.13.5),GIFT-64/128,ref,ctr,65536,3,15179000,262144,57.903289795,0.017270176,,ok
Darwin-arm64,Apple M2 Pro,clang-17.0.0 (clang-1700.0.13.5),GIFT-64/128,ref,ctr,65536,4,15158000,262144,57.823181152,0.017294102,,ok
Darwin-arm64,Apple M2 Pro,clang-17.0.0 (clang-1700.0.13.5),GIFT-64/128,ref,ctr,65536,5,15300000,262144,58.364868164,0.017133595,,ok
Darwin-arm64,Apple M2 Pro,clang-17.0.0 (clang-1700.0.13.5),GIFT-64/128,ref,ctr,65536,6,15255000,262144,58.193206787,0.017184136,,ok
Darwin-arm64,Apple M2 Pro,clang-17.0.0 (clang-1700.0.13.5),GIFT-64/128,ref,ctr,65536,7,15252000,262144,58.181762695,0.017187516,,ok
Darwin-arm64,Apple M2 Pro,clang-17.0.0 (clang-1700.0.13.5),GIFT-64/128,ref,ctr,65536,8,15226000,262144,58.082580566,0.017216866,,ok
Darwin-arm64,Apple M2 Pro,clang-17.0.0 (clang-1700.0.13.5),GIFT-64/128,ref,ctr,65536,9,15501000,262144,59.131622314,0.016911425,,ok
Darwin-arm64,Apple M2 Pro,clang-17.0.0 (clang-1700.0.13.5),GIFT-64/128,ref,ctr,65536,10,15079000,262144,57.521820068,0.017384707,,ok
Darwin-arm64,Apple M2 Pro,clang-17.0.0 (clang-1700.0.13.5),GIFT-64/128,ref,ctr,65536,11,15260000,262144,58.212280273,0.017178506,,ok
Darwin-arm64,Apple M2 Pro,clang-17.0.0 (clang-1700.0.13.5),GIFT-64/128,ref,ctr,65536,12,15402000,262144,58.753967285,0.017020127,,ok
Darwin-arm64,Apple M2 Pro,clang-17.0.0 (clang-1700.0.13.5),GIFT-64/128,ref,ctr,65536,13,15372000,262144,58.639526367,0.017053344,,ok
Darwin-arm64,Apple M2 Pro,clang-17.0.0 (clang-1700.0.13.5),GIFT-64/128,ref,ctr,65536,14,15324000,262144,58.456420898,0.017106761,,ok
Darwin-arm64,Apple M2 Pro,clang-17.0.0 (clang-1700.0.13.5),GIFT-64/128,ref,ctr,65536,15,15312000,262144,58.410644531,0.017120167,,ok
Darwin-arm64,Apple M2 Pro,clang-17.0.0 (clang-1700.0.13.5),GIFT-64/128,ref,ctr,1048576,1,61530000,1048576,58.679580688,0.017041703,,ok
Darwin-arm64,Apple M2 Pro,clang-17.0.0 (clang-1700.0.13.5),GIFT-64/128,ref,ctr,1048576,2,60946000,1048576,58.122634888,0.017205001,,ok
Darwin-arm64,Apple M2 Pro,clang-17.0.0 (clang-1700.0.13.5),GIFT-64/128,ref,ctr,1048576,3,61021000,1048576,58.194160461,0.017183855,,ok
Darwin-arm64,Apple M2 Pro,clang-17.0.0 (clang-1700.0.13.5),GIFT-64/128,ref,ctr,1048576,4,61005000,1048576,58.178901672,0.017188362,,ok
Darwin-arm64,Apple M2 Pro,clang-17.0.0 (clang-1700.0.13.5),GIFT-64/128,ref,ctr,1048576,5,60989000,1048576,58.163642883,0.017192871,,ok
Darwin-arm64,Apple M2 Pro,clang-17.0.0 (clang-1700.0.13.5),GIFT-64/128,ref,ctr,1048576,6,61262000,1048576,58.423995972,0.017116255,,ok
Darwin-arm64,Apple M2 Pro,clang-17.0.0 (clang-1700.0.13.5),GIFT-64/128,ref,ctr,1048576,7,61236000,1048576,58.399200439,0.017123522,,ok
Darwin-arm64,Apple M2 Pro,clang-17.0.0 (clang-1700.0.13.5),GIFT-64/128,ref,ctr,1048576,8,61100000,1048576,58.269500732,0.017161637,,ok
Darwin-arm64,Apple M2 Pro,clang-17.0.0 (clang-1700.0.13.5),GIFT-64/128,ref,ctr,1048576,9,60882000,1048576,58.061599731,0.017223087,,ok
Darwin-arm64,Apple M2 Pro,clang-17.0.0 (clang-1700.0.13.5),GIFT-64/128,ref,ctr,1048576,10,61056000,1048576,58.227539062,0.017174004,,ok
Darwin-arm64,Apple M2 Pro,clang-17.0.0 (clang-1700.0.13.5),GIFT-64/128,ref,ctr,1048576,11,61268000,1048576,58.429718018,0.017114579,,ok
Darwin-arm64,Apple M2 Pro,clang-17.0.0 (clang-1700.0.13.5),GIFT-64/128,ref,ctr,1048576,12,61103000,1048576,58.272361755,0.017160794,,ok
Darwin-arm64,Apple M2 Pro,clang-17.0.0 (clang-1700.0.13.5),GIFT-64/128,ref,ctr,1048576,13,61193000,1048576,58.358192444,0.017135555,,ok
Darwin-arm64,Apple M2 Pro,clang-17.0.0 (clang-1700.0.13.5),GIFT-64/128,ref,ctr,1048576,14,61238000,1048576,58.401107788,0.017122963,,ok
Darwin-arm64,Apple M2 Pro,clang-17.0.0 (clang-1700.0.13.5),GIFT-64/128,ref,ctr,1048576,15,61073000,1048576,58.243751526,0.017169224,,ok
Darwin-arm64,Apple M2 Pro,clang-17.0.0 (clang-1700.0.13.5),GIFT-64/128,shuffle,ctr,64,1,3914000,262144,14.930725098,0.066975984,,ok
Darwin-arm64,Apple M2 Pro,clang-17.0.0 (clang-1700.0.13.5),GIFT-64/128,shuffle,ctr,64,2,3854000,262144,14.701843262,0.068018682,,ok
Darwin-arm64,Apple M2 Pro,clang-17.0.0 (clang-1700.0.13.5),GIFT-64/128,shuffle,ctr,64,3,3922000,262144,14.961242676,0.066839368,,ok
Darwin-arm64,Apple M2 Pro,clang-17.0.0 (clang-1700.0.13.5),GIFT-64/128,shuffle,ctr,64,4,3999000,262144,15.254974365,0.065552388,,ok
Darwin-arm64,Apple M2 Pro,clang-17.0.0 (clang-1700.0.13.5),GIFT-64/128,shuffle,ctr,64,5,3858000,262144,14.717102051,0.067948160,,ok
Darwin-arm64,Apple M2 Pro,clang-17.0.0 (clang-1700.0.13.5),GIFT-64/128,shuffle,ctr,64,6,3900000,262144,14.877319336,0.067216410,,ok
Darwin-arm64,Apple M2 Pro,clang-17.0.0 (clang-1700.0.13.5),GIFT-64/128,shuffle,ctr,64,7,3919000,262144,14.949798584,0.066890533,,ok
Darwin-arm64,Apple M2 Pro,clang-17.0.0 (clang-1700.0.13.5),GIFT-64/128,shuffle,ctr,64,8,3975000,262144,15.163421631,0.065948176,,ok
Darwin-arm64,Apple M2 Pro,clang-17.0.0 (clang-1700.0.13.5),GIFT-64/128,shuffle,ctr,64,9,3898000,262144,14.869689941,0.067250898,,ok
Darwin-arm64,Apple M2 Pro,clang-17.0.0 (clang-1700.0.13.5),GIFT-64/128,shuffle,ctr,64,10,3888000,262144,14.831542969,0.067423868,,ok
Darwin-arm64,Apple M2 Pro,clang-17.0.0 (clang-1700.0.13.5),GIFT-64/128,shuffle,ctr,64,11,3948000,262144,15.060424805,0.066399189,,ok
Darwin-arm64,Apple M2 Pro,clang-17.0.0 (clang-1700.0.13.5),GIFT-64/128,shuffle,ctr,64,12,3967000,262144,15.132904053,0.066081170,,ok
Darwin-arm64,Apple M2 Pro,clang-17.0.0 (clang-1700.0.13.5),GIFT-64/128,shuffle,ctr,64,13,3871000,262144,14.766693115,0.067719969,,ok
Darwin-arm64,Apple M2 Pro,clang-17.0.0 (clang-1700.0.13.5),GIFT-64/128,shuffle,ctr,64,14,3854000,262144,14.701843262,0.068018682,,ok
Darwin-arm64,Apple M2 Pro,clang-17.0.0 (clang-1700.0.13.5),GIFT-64/128,shuffle,ctr,64,15,3898000,262144,14.869689941,0.067250898,,ok
Darwin-arm64,Apple M2 Pro,clang-17.0.0 (clang-1700.0.13.5),GIFT-64/128,shuffle,ctr,512,1,3879000,262144,14.797210693,0.067580304,,ok
Darwin-arm64,Apple M2 Pro,clang-17.0.0 (clang-1700.0.13.5),GIFT-64/128,shuffle,ctr,512,2,3876000,262144,14.785766602,0.067632611,,ok
Darwin-arm64,Apple M2 Pro,clang-17.0.0 (clang-1700.0.13.5),GIFT-64/128,shuffle,ctr,512,3,3938000,262144,15.022277832,0.066567801,,ok
Darwin-arm64,Apple M2 Pro,clang-17.0.0 (clang-1700.0.13.5),GIFT-64/128,shuffle,ctr,512,4,3938000,262144,15.022277832,0.066567801,,ok
Darwin-arm64,Apple M2 Pro,clang-17.0.0 (clang-1700.0.13.5),GIFT-64/128,shuffle,ctr,512,5,3815000,262144,14.553070068,0.068714024,,ok
Darwin-arm64,Apple M2 Pro,clang-17.0.0 (clang-1700.0.13.5),GIFT-64/128,shuffle,ctr,512,6,3917000,262144,14.942169189,0.066924687,,ok
Darwin-arm64,Apple M2 Pro,clang-17.0.0 (clang-1700.0.13.5),GIFT-64/128,shuffle,ctr,512,7,3874000,262144,14.778137207,0.067667527,,ok
Darwin-arm64,Apple M2 Pro,clang-17.0.0 (clang-1700.0.13.5),GIFT-64/128,shuffle,ctr,512,8,3845000,262144,14.667510986,0.068177893,,ok
Darwin-arm64,Apple M2 Pro,clang-17.0.0 (clang-1700.0.13.5),GIFT-64/128,shuffle,ctr,512,9,3843000,262144,14.659881592,0.068213375,,ok
Darwin-arm64,Apple M2 Pro,clang-17.0.0 (clang-1700.0.13.5),GIFT-64/128,shuffle,ctr,512,10,3934000,262144,15.007019043,0.066635486,,ok
Darwin-arm64,Apple M2 Pro,clang-17.0.0 (clang-1700.0.13.5),GIFT-64/128,shuffle,ctr,512,11,3868000,262144,14.755249023,0.067772492,,ok
Darwin-arm64,Apple M2 Pro,clang-17.0.0 (clang-1700.0.13.5),GIFT-64/128,shuffle,ctr,512,12,3841000,262144,14.652252197,0.068248894,,ok
Darwin-arm64,Apple M2 Pro,clang-17.0.0 (clang-1700.0.13.5),GIFT-64/128,shuffle,ctr,512,13,3827000,262144,14.598846436,0.068498563,,ok
Darwin-arm64,Apple M2 Pro,clang-17.0.0 (clang-1700.0.13.5),GIFT-64/128,shuffle,ctr,512,14,3915000,262144,14.934539795,0.066958876,,ok
Darwin-arm64,Apple M2 Pro,clang-17.0.0 (clang-1700.0.13.5),GIFT-64/128,shuffle,ctr,512,15,3906000,262144,14.900207520,0.067113159,,ok
Darwin-arm64,Apple M2 Pro,clang-17.0.0 (clang-1700.0.13.5),GIFT-64/128,shuffle,ctr,4096,1,3985000,262144,15.201568604,0.065782685,,ok
Darwin-arm64,Apple M2 Pro,clang-17.0.0 (clang-1700.0.13.5),GIFT-64/128,shuffle,ctr,4096,2,3894000,262144,14.854431152,0.067319979,,ok
Darwin-arm64,Apple M2 Pro,clang-17.0.0 (clang-1700.0.13.5),GIFT-64/128,shuffle,ctr,4096,3,3870000,262144,14.762878418,0.067737468,,ok
Darwin-arm64,Apple M2 Pro,clang-17.0.0 (clang-1700.0.13.5),GIFT-64/128,shuffle,ctr,4096,4,3856000,262144,14.709472656,0.067983402,,ok
Darwin-arm64,Apple M2 Pro,clang-17.0.0 (clang-1700.0.13.5),GIFT-64/128,shuffle,ctr,4096,5,3997000,262144,15.247344971,0.065585189,,ok
Darwin-arm64,Apple M2 Pro,clang-17.0.0 (clang-1700.0.13.5),GIFT-64/128,shuffle,ctr,4096,6,3930000,262144,14.991760254,0.066703308,,ok
Darwin-arm64,Apple M2 Pro,clang-17.0.0 (clang-1700.0.13.5),GIFT-64/128,shuffle,ctr,4096,7,3864000,262144,14.739990234,0.067842650,,ok
Darwin-arm64,Apple M2 Pro,clang-17.0.0 (clang-1700.0.13.5),GIFT-64/128,shuffle,ctr,4096,8,3858000,262144,14.717102051,0.067948160,,ok
Darwin-arm64,Apple M2 Pro,clang-17.0.0 (clang-1700.0.13.5),GIFT-64/128,shuffle,ctr,4096,9,4011000,262144,15.300750732,0.065356270,,ok
Darwin-arm64,Apple M2 Pro,clang-17.0.0 (clang-1700.0.13.5),GIFT-64/128,shuffle,ctr,4096,10,4037000,262144,15.399932861,0.064935348,,ok
Darwin-arm64,Apple M2 Pro,clang-17.0.0 (clang-1700.0.13.5),GIFT-64/128,shuffle,ctr,4096,11,3843000,262144,14.659881592,0.068213375,,ok
Darwin-arm64,Apple M2 Pro,clang-17.0.0 (clang-1700.0.13.5),GIFT-64/128,shuffle,ctr,4096,12,3856000,262144,14.709472656,0.067983402,,ok
Darwin-arm64,Apple M2 Pro,clang-17.0.0 (clang-1700.0.13.5),GIFT-64/128,shuffle,ctr,4096,13,3890000,262144,14.839172363,0.067389203,,ok
Darwin-arm64,Apple M2 Pro,clang-17.0.0 (clang-1700.0.13.5),GIFT-64/128,shuffle,ctr,4096,14,3978000,262144,15.174865723,0.065898441,,ok
Darwin-arm64,Apple M2 Pro,clang-17.0.0 (clang-1700.0.13.5),GIFT-64/128,shuffle,ctr,4096,15,3836000,262144,14.633178711,0.068337852,,ok
Darwin-arm64,Apple M2 Pro,clang-17.0.0 (clang-1700.0.13.5),GIFT-64/128,shuffle,ctr,8192,1,3856000,262144,14.709472656,0.067983402,,ok
Darwin-arm64,Apple M2 Pro,clang-17.0.0 (clang-1700.0.13.5),GIFT-64/128,shuffle,ctr,8192,2,3972000,262144,15.151977539,0.065997986,,ok
Darwin-arm64,Apple M2 Pro,clang-17.0.0 (clang-1700.0.13.5),GIFT-64/128,shuffle,ctr,8192,3,3872000,262144,14.770507812,0.067702479,,ok
Darwin-arm64,Apple M2 Pro,clang-17.0.0 (clang-1700.0.13.5),GIFT-64/128,shuffle,ctr,8192,4,3867000,262144,14.751434326,0.067790018,,ok
Darwin-arm64,Apple M2 Pro,clang-17.0.0 (clang-1700.0.13.5),GIFT-64/128,shuffle,ctr,8192,5,4046000,262144,15.434265137,0.064790905,,ok
Darwin-arm64,Apple M2 Pro,clang-17.0.0 (clang-1700.0.13.5),GIFT-64/128,shuffle,ctr,8192,6,3870000,262144,14.762878418,0.067737468,,ok
Darwin-arm64,Apple M2 Pro,clang-17.0.0 (clang-1700.0.13.5),GIFT-64/128,shuffle,ctr,8192,7,3932000,262144,14.999389648,0.066669379,,ok
Darwin-arm64,Apple M2 Pro,clang-17.0.0 (clang-1700.0.13.5),GIFT-64/128,shuffle,ctr,8192,8,4000000,262144,15.258789062,0.065536000,,ok
Darwin-arm64,Apple M2 Pro,clang-17.0.0 (clang-1700.0.13.5),GIFT-64/128,shuffle,ctr,8192,9,3886000,262144,14.823913574,0.067458569,,ok
Darwin-arm64,Apple M2 Pro,clang-17.0.0 (clang-1700.0.13.5),GIFT-64/128,shuffle,ctr,8192,10,4100000,262144,15.640258789,0.063937561,,ok
Darwin-arm64,Apple M2 Pro,clang-17.0.0 (clang-1700.0.13.5),GIFT-64/128,shuffle,ctr,8192,11,3962000,262144,15.113830566,0.066164563,,ok
Darwin-arm64,Apple M2 Pro,clang-17.0.0 (clang-1700.0.13.5),GIFT-64/128,shuffle,ctr,8192,12,3837000,262144,14.636993408,0.068320042,,ok
Darwin-arm64,Apple M2 Pro,clang-17.0.0 (clang-1700.0.13.5),GIFT-64/128,shuffle,ctr,8192,13,4005000,262144,15.277862549,0.065454182,,ok
Darwin-arm64,Apple M2 Pro,clang-17.0.0 (clang-1700.0.13.5),GIFT-64/128,shuffle,ctr,8192,14,3865000,262144,14.743804932,0.067825097,,ok
Darwin-arm64,Apple M2 Pro,clang-17.0.0 (clang-1700.0.13.5),GIFT-64/128,shuffle,ctr,8192,15,3845000,262144,14.667510986,0.068177893,,ok
Darwin-arm64,Apple M2 Pro,clang-17.0.0 (clang-1700.0.13.5),GIFT-64/128,shuffle,ctr,65536,1,3857000,262144,14.713287354,0.067965777,,ok
Darwin-arm64,Apple M2 Pro,clang-17.0.0 (clang-1700.0.13.5),GIFT-64/128,shuffle,ctr,65536,2,3875000,262144,14.781951904,0.067650065,,ok
Darwin-arm64,Apple M2 Pro,clang-17.0.0 (clang-1700.0.13.5),GIFT-64/128,shuffle,ctr,65536,3,4042000,262144,15.419006348,0.064855022,,ok
Darwin-arm64,Apple M2 Pro,clang-17.0.0 (clang-1700.0.13.5),GIFT-64/128,shuffle,ctr,65536,4,4040000,262144,15.411376953,0.064887129,,ok
Darwin-arm64,Apple M2 Pro,clang-17.0.0 (clang-1700.0.13.5),GIFT-64/128,shuffle,ctr,65536,5,3882000,262144,14.808654785,0.067528078,,ok
Darwin-arm64,Apple M2 Pro,clang-17.0.0 (clang-1700.0.13.5),GIFT-64/128,shuffle,ctr,65536,6,3833000,262144,14.621734619,0.068391338,,ok
Darwin-arm64,Apple M2 Pro,clang-17.0.0 (clang-1700.0.13.5),GIFT-64/128,shuffle,ctr,65536,7,3907000,262144,14.904022217,0.067095982,,ok
Darwin-arm64,Apple M2 Pro,clang-17.0.0 (clang-1700.0.13.5),GIFT-64/128,shuffle,ctr,65536,8,4000000,262144,15.258789062,0.065536000,,ok
Darwin-arm64,Apple M2 Pro,clang-17.0.0 (clang-1700.0.13.5),GIFT-64/128,shuffle,ctr,65536,9,3869000,262144,14.759063721,0.067754975,,ok
Darwin-arm64,Apple M2 Pro,clang-17.0.0 (clang-1700.0.13.5),GIFT-64/128,shuffle,ctr,65536,10,3923000,262144,14.965057373,0.066822330,,ok
Darwin-arm64,Apple M2 Pro,clang-17.0.0 (clang-1700.0.13.5),GIFT-64/128,shuffle,ctr,65536,11,3862000,262144,14.732360840,0.067877784,,ok
Darwin-arm64,Apple M2 Pro,clang-17.0.0 (clang-1700.0.13.5),GIFT-64/128,shuffle,ctr,65536,12,3838000,262144,14.640808105,0.068302241,,ok
Darwin-arm64,Apple M2 Pro,clang-17.0.0 (clang-1700.0.13.5),GIFT-64/128,shuffle,ctr,65536,13,3835000,262144,14.629364014,0.068355671,,ok
Darwin-arm64,Apple M2 Pro,clang-17.0.0 (clang-1700.0.13.5),GIFT-64/128,shuffle,ctr,65536,14,4027000,262144,15.361785889,0.065096598,,ok
Darwin-arm64,Apple M2 Pro,clang-17.0.0 (clang-1700.0.13.5),GIFT-64/128,shuffle,ctr,65536,15,3841000,262144,14.652252197,0.068248894,,ok
Darwin-arm64,Apple M2 Pro,clang-17.0.0 (clang-1700.0.13.5),GIFT-64/128,shuffle,ctr,1048576,1,15673000,1048576,14.946937561,0.066903337,,ok
Darwin-arm64,Apple M2 Pro,clang-17.0.0 (clang-1700.0.13.5),GIFT-64/128,shuffle,ctr,1048576,2,15624000,1048576,14.900207520,0.067113159,,ok
Darwin-arm64,Apple M2 Pro,clang-17.0.0 (clang-1700.0.13.5),GIFT-64/128,shuffle,ctr,1048576,3,15939000,1048576,15.200614929,0.065786812,,ok
Darwin-arm64,Apple M2 Pro,clang-17.0.0 (clang-1700.0.13.5),GIFT-64/128,shuffle,ctr,1048576,4,15660000,1048576,14.934539795,0.066958876,,ok
Darwin-arm64,Apple M2 Pro,clang-17.0.0 (clang-1700.0.13.5),GIFT-64/128,shuffle,ctr,1048576,5,15745000,1048576,15.015602112,0.066597396,,ok
Darwin-arm64,Apple M2 Pro,clang-17.0.0 (clang-1700.0.13.5),GIFT-64/128,shuffle,ctr,1048576,6,15714000,1048576,14.986038208,0.066728777,,ok
Darwin-arm64,Apple M2 Pro,clang-17.0.0 (clang-1700.0.13.5),GIFT-64/128,shuffle,ctr,1048576,7,15768000,1048576,15.037536621,0.066500254,,ok
Darwin-arm64,Apple M2 Pro,clang-17.0.0 (clang-1700.0.13.5),GIFT-64/128,shuffle,ctr,1048576,8,15715000,1048576,14.986991882,0.066724531,,ok
Darwin-arm64,Apple M2 Pro,clang-17.0.0 (clang-1700.0.13.5),GIFT-64/128,shuffle,ctr,1048576,9,15671000,1048576,14.945030212,0.066911875,,ok
Darwin-arm64,Apple M2 Pro,clang-17.0.0 (clang-1700.0.13.5),GIFT-64/128,shuffle,ctr,1048576,10,15685000,1048576,14.958381653,0.066852152,,ok
Darwin-arm64,Apple M2 Pro,clang-17.0.0 (clang-1700.0.13.5),GIFT-64/128,shuffle,ctr,1048576,11,15563000,1048576,14.842033386,0.067376213,,ok
Darwin-arm64,Apple M2 Pro,clang-17.0.0 (clang-1700.0.13.5),GIFT-64/128,shuffle,ctr,1048576,12,15640000,1048576,14.915466309,0.067044501,,ok
Darwin-arm64,Apple M2 Pro,clang-17.0.0 (clang-1700.0.13.5),GIFT-64/128,shuffle,ctr,1048576,13,15743000,1048576,15.013694763,0.066605857,,ok
Darwin-arm64,Apple M2 Pro,clang-17.0.0 (clang-1700.0.13.5),GIFT-64/128,shuffle,ctr,1048576,14,15772000,1048576,15.041351318,0.066483388,,ok
Darwin-arm64,Apple M2 Pro,clang-17.0.0 (clang-1700.0.13.5),GIFT-64/128,shuffle,ctr,1048576,15,15592000,1048576,14.869689941,0.067250898,,ok
Darwin-arm64,Apple M2 Pro,clang-17.0.0 (clang-1700.0.13.5),TWINE-80,shuffle,ctr,64,1,1805000,262144,6.885528564,0.145232133,,ok
Darwin-arm64,Apple M2 Pro,clang-17.0.0 (clang-1700.0.13.5),TWINE-80,shuffle,ctr,64,2,1782000,262144,6.797790527,0.147106622,,ok
Darwin-arm64,Apple M2 Pro,clang-17.0.0 (clang-1700.0.13.5),TWINE-80,shuffle,ctr,64,3,1803000,262144,6.877899170,0.145393233,,ok
Darwin-arm64,Apple M2 Pro,clang-17.0.0 (clang-1700.0.13.5),TWINE-80,shuffle,ctr,64,4,1806000,262144,6.889343262,0.145151717,,ok
Darwin-arm64,Apple M2 Pro,clang-17.0.0 (clang-1700.0.13.5),TWINE-80,shuffle,ctr,64,5,1780000,262144,6.790161133,0.147271910,,ok
Darwin-arm64,Apple M2 Pro,clang-17.0.0 (clang-1700.0.13.5),TWINE-80,shuffle,ctr,64,6,1782000,262144,6.797790527,0.147106622,,ok
Darwin-arm64,Apple M2 Pro,clang-17.0.0 (clang-1700.0.13.5),TWINE-80,shuffle,ctr,64,7,1816000,262144,6.927490234,0.144352423,,ok
Darwin-arm64,Apple M2 Pro,clang-17.0.0 (clang-1700.0.13.5),TWINE-80,shuffle,ctr,64,8,1860000,262144,7.095336914,0.140937634,,ok
Darwin-arm64,Apple M2 Pro,clang-17.0.0 (clang-1700.0.13.5),TWINE-80,shuffle,ctr,64,9,1858000,262144,7.087707520,0.141089343,,ok
Darwin-arm64,Apple M2 Pro,clang-17.0.0 (clang-1700.0.13.5),TWINE-80,shuffle,ctr,64,10,1833000,262144,6.992340088,0.143013639,,ok
Darwin-arm64,Apple M2 Pro,clang-17.0.0 (clang-1700.0.13.5),TWINE-80,shuffle,ctr,64,11,1780000,262144,6.790161133,0.147271910,,ok
Darwin-arm64,Apple M2 Pro,clang-17.0.0 (clang-1700.0.13.5),TWINE-80,shuffle,ctr,64,12,1876000,262144,7.156372070,0.139735608,,ok
Darwin-arm64,Apple M2 Pro,clang-17.0.0 (clang-1700.0.13.5),TWINE-80,shuffle,ctr,64,13,1869000,262144,7.129669189,0.140258962,,ok
Darwin-arm64,Apple M2 Pro,clang-17.0.0 (clang-1700.0.13.5),TWINE-80,shuffle,ctr,64,14,1794000,262144,6.843566895,0.146122631,,ok
Darwin-arm64,Apple M2 Pro,clang-17.0.0 (clang-1700.0.13.5),TWINE-80,shuffle,ctr,64,15,1783000,262144,6.801605225,0.147024117,,ok
Darwin-arm64,Apple M2 Pro,clang-17.0.0 (clang-1700.0.13.5),TWINE-80,shuffle,ctr,512,1,1785000,262144,6.809234619,0.146859384,,ok
Darwin-arm64,Apple M2 Pro,clang-17.0.0 (clang-1700.0.13.5),TWINE-80,shuffle,ctr,512,2,1755000,262144,6.694793701,0.149369801,,ok
Darwin-arm64,Apple M2 Pro,clang-17.0.0 (clang-1700.0.13.5),TWINE-80,shuffle,ctr,512,3,1794000,262144,6.843566895,0.146122631,,ok
Darwin-arm64,Apple M2 Pro,clang-17.0.0 (clang-1700.0.13.5),TWINE-80,shuffle,ctr,512,4,1821000,262144,6.946563721,0.143956068,,ok
Darwin-arm64,Apple M2 Pro,clang-17.0.0 (clang-1700.0.13.5),TWINE-80,shuffle,ctr,512,5,1762000,262144,6.721496582,0.148776390,,ok
Darwin-arm64,Apple M2 Pro,clang-17.0.0 (clang-1700.0.13.5),TWINE-80,shuffle,ctr,512,6,1772000,262144,6.759643555,0.147936795,,ok
Darwin-arm64,Apple M2 Pro,clang-17.0.0 (clang-1700.0.13.5),TWINE-80,shuffle,ctr,512,7,1864000,262144,7.110595703,0.140635193,,ok
Darwin-arm64,Apple M2 Pro,clang-17.0.0 (clang-1700.0.13.5),TWINE-80,shuffle,ctr,512,8,1780000,262144,6.790161133,0.147271910,,ok
Darwin-arm64,Apple M2 Pro,clang-17.0.0 (clang-1700.0.13.5),TWINE-80,shuffle,ctr,512,9,1877000,262144,7.160186768,0.139661161,,ok
Darwin-arm64,Apple M2 Pro,clang-17.0.0 (clang-1700.0.13.5),TWINE-80,shuffle,ctr,512,10,1863000,262144,7.106781006,0.140710682,,ok
Darwin-arm64,Apple M2 Pro,clang-17.0.0 (clang-1700.0.13.5),TWINE-80,shuffle,ctr,512,11,1756000,262144,6.698608398,0.149284738,,ok
Darwin-arm64,Apple M2 Pro,clang-17.0.0 (clang-1700.0.13.5),TWINE-80,shuffle,ctr,512,12,1785000,262144,6.809234619,0.146859384,,ok
Darwin-arm64,Apple M2 Pro,clang-17.0.0 (clang-1700.0.13.5),TWINE-80,shuffle,ctr,512,13,1763000,262144,6.725311279,0.148692002,,ok
Darwin-arm64,Apple M2 Pro,clang-17.0.0 (clang-1700.0.13.5),TWINE-80,shuffle,ctr,512,14,1769000,262144,6.748199463,0.148187677,,ok
Darwin-arm64,Apple M2 Pro,clang-17.0.0 (clang-1700.0.13.5),TWINE-80,shuffle,ctr,512,15,1768000,262144,6.744384766,0.148271493,,ok
Darwin-arm64,Apple M2 Pro,clang-17.0.0 (clang-1700.0.13.5),TWINE-80,shuffle,ctr,4096,1,1887000,262144,7.198333740,0.138921039,,ok
Darwin-arm64,Apple M2 Pro,clang-17.0.0 (clang-1700.0.13.5),TWINE-80,shuffle,ctr,4096,2,1767000,262144,6.740570068,0.148355405,,ok
Darwin-arm64,Apple M2 Pro,clang-17.0.0 (clang-1700.0.13.5),TWINE-80,shuffle,ctr,4096,3,1790000,262144,6.828308105,0.146449162,,ok
Darwin-arm64,Apple M2 Pro,clang-17.0.0 (clang-1700.0.13.5),TWINE-80,shuffle,ctr,4096,4,1827000,262144,6.969451904,0.143483306,,ok
Darwin-arm64,Apple M2 Pro,clang-17.0.0 (clang-1700.0.13.5),TWINE-80,shuffle,ctr,4096,5,1783000,262144,6.801605225,0.147024117,,ok
Darwin-arm64,Apple M2 Pro,clang-17.0.0 (clang-1700.0.13.5),TWINE-80,shuffle,ctr,4096,6,1766000,262144,6.736755371,0.148439411,,ok
Darwin-arm64,Apple M2 Pro,clang-17.0.0 (clang-1700.0.13.5),TWINE-80,shuffle,ctr,4096,7,1821000,262144,6.946563721,0.143956068,,ok
Darwin-arm64,Apple M2 Pro,clang-17.0.0 (clang-1700.0.13.5),TWINE-80,shuffle,ctr,4096,8,1913000,262144,7.297515869,0.137032933,,ok
Darwin-arm64,Apple M2 Pro,clang-17.0.0 (clang-1700.0.13.5),TWINE-80,shuffle,ctr,4096,9,1821000,262144,6.946563721,0.143956068,,ok
Darwin-arm64,Apple M2 Pro,clang-17.0.0 (clang-1700.0.13.5),TWINE-80,shuffle,ctr,4096,10,1869000,262144,7.129669189,0.140258962,,ok
Darwin-arm64,Apple M2 Pro,clang-17.0.0 (clang-1700.0.13.5),TWINE-80,shuffle,ctr,4096,11,1786000,262144,6.813049316,0.146777156,,ok
Darwin-arm64,Apple M2 Pro,clang-17.0.0 (clang-1700.0.13.5),TWINE-80,shuffle,ctr,4096,12,1764000,262144,6.729125977,0.148607710,,ok
Darwin-arm64,Apple M2 Pro,clang-17.0.0 (clang-1700.0.13.5),TWINE-80,shuffle,ctr,4096,13,1805000,262144,6.885528564,0.145232133,,ok
Darwin-arm64,Apple M2 Pro,clang-17.0.0 (clang-1700.0.13.5),TWINE-80,shuffle,ctr,4096,14,1772000,262144,6.759643555,0.147936795,,ok
Darwin-arm64,Apple M2 Pro,clang-17.0.0 (clang-1700.0.13.5),TWINE-80,shuffle,ctr,4096,15,1781000,262144,6.793975830,0.147189220,,ok
Darwin-arm64,Apple M2 Pro,clang-17.0.0 (clang-1700.0.13.5),TWINE-80,shuffle,ctr,8192,1,1801000,262144,6.870269775,0.145554692,,ok
Darwin-arm64,Apple M2 Pro,clang-17.0.0 (clang-1700.0.13.5),TWINE-80,shuffle,ctr,8192,2,1808000,262144,6.896972656,0.144991150,,ok
Darwin-arm64,Apple M2 Pro,clang-17.0.0 (clang-1700.0.13.5),TWINE-80,shuffle,ctr,8192,3,1761000,262144,6.717681885,0.148860875,,ok
Darwin-arm64,Apple M2 Pro,clang-17.0.0 (clang-1700.0.13.5),TWINE-80,shuffle,ctr,8192,4,1790000,262144,6.828308105,0.146449162,,ok
Darwin-arm64,Apple M2 Pro,clang-17.0.0 (clang-1700.0.13.5),TWINE-80,shuffle,ctr,8192,5,1844000,262144,7.034301758,0.142160521,,ok
Darwin-arm64,Apple M2 Pro,clang-17.0.0 (clang-1700.0.13.5),TWINE-80,shuffle,ctr,8192,6,1772000,262144,6.759643555,0.147936795,,ok
Darwin-arm64,Apple M2 Pro,clang-17.0.0 (clang-1700.0.13.5),TWINE-80,shuffle,ctr,8192,7,1782000,262144,6.797790527,0.147106622,,ok
Darwin-arm64,Apple M2 Pro,clang-17.0.0 (clang-1700.0.13.5),TWINE-80,shuffle,ctr,8192,8,1820000,262144,6.942749023,0.144035165,,ok
Darwin-arm64,Apple M2 Pro,clang-17.0.0 (clang-1700.0.13.5),TWINE-80,shuffle,ctr,8192,9,1797000,262144,6.855010986,0.145878687,,ok
Darwin-arm64,Apple M2 Pro,clang-17.0.0 (clang-1700.0.13.5),TWINE-80,shuffle,ctr,8192,10,1800000,262144,6.866455078,0.145635556,,ok
Darwin-arm64,Apple M2 Pro,clang-17.0.0 (clang-1700.0.13.5),TWINE-80,shuffle,ctr,8192,11,1818000,262144,6.935119629,0.144193619,,ok
Darwin-arm64,Apple M2 Pro,clang-17.0.0 (clang-1700.0.13.5),TWINE-80,shuffle,ctr,8192,12,1768000,262144,6.744384766,0.148271493,,ok
Darwin-arm64,Apple M2 Pro,clang-17.0.0 (clang-1700.0.13.5),TWINE-80,shuffle,ctr,8192,13,1795000,262144,6.847381592,0.146041226,,ok
Darwin-arm64,Apple M2 Pro,clang-17.0.0 (clang-1700.0.13.5),TWINE-80,shuffle,ctr,8192,14,1767000,262144,6.740570068,0.148355405,,ok
Darwin-arm64,Apple M2 Pro,clang-17.0.0 (clang-1700.0.13.5),TWINE-80,shuffle,ctr,8192,15,1774000,262144,6.767272949,0.147770011,,ok
Darwin-arm64,Apple M2 Pro,clang-17.0.0 (clang-1700.0.13.5),TWINE-80,shuffle,ctr,65536,1,1874000,262144,7.148742676,0.139884739,,ok
Darwin-arm64,Apple M2 Pro,clang-17.0.0 (clang-1700.0.13.5),TWINE-80,shuffle,ctr,65536,2,1882000,262144,7.179260254,0.139290117,,ok
Darwin-arm64,Apple M2 Pro,clang-17.0.0 (clang-1700.0.13.5),TWINE-80,shuffle,ctr,65536,3,1760000,262144,6.713867188,0.148945455,,ok
Darwin-arm64,Apple M2 Pro,clang-17.0.0 (clang-1700.0.13.5),TWINE-80,shuffle,ctr,65536,4,1789000,262144,6.824493408,0.146531023,,ok
Darwin-arm64,Apple M2 Pro,clang-17.0.0 (clang-1700.0.13.5),TWINE-80,shuffle,ctr,65536,5,1764000,262144,6.729125977,0.148607710,,ok
Darwin-arm64,Apple M2 Pro,clang-17.0.0 (clang-1700.0.13.5),TWINE-80,shuffle,ctr,65536,6,1778000,262144,6.782531738,0.147437570,,ok
Darwin-arm64,Apple M2 Pro,clang-17.0.0 (clang-1700.0.13.5),TWINE-80,shuffle,ctr,65536,7,1760000,262144,6.713867188,0.148945455,,ok
Darwin-arm64,Apple M2 Pro,clang-17.0.0 (clang-1700.0.13.5),TWINE-80,shuffle,ctr,65536,8,1762000,262144,6.721496582,0.148776390,,ok
Darwin-arm64,Apple M2 Pro,clang-17.0.0 (clang-1700.0.13.5),TWINE-80,shuffle,ctr,65536,9,1844000,262144,7.034301758,0.142160521,,ok
Darwin-arm64,Apple M2 Pro,clang-17.0.0 (clang-1700.0.13.5),TWINE-80,shuffle,ctr,65536,10,1827000,262144,6.969451904,0.143483306,,ok
Darwin-arm64,Apple M2 Pro,clang-17.0.0 (clang-1700.0.13.5),TWINE-80,shuffle,ctr,65536,11,1816000,262144,6.927490234,0.144352423,,ok
Darwin-arm64,Apple M2 Pro,clang-17.0.0 (clang-1700.0.13.5),TWINE-80,shuffle,ctr,65536,12,1789000,262144,6.824493408,0.146531023,,ok
Darwin-arm64,Apple M2 Pro,clang-17.0.0 (clang-1700.0.13.5),TWINE-80,shuffle,ctr,65536,13,1759000,262144,6.710052490,0.149030131,,ok
Darwin-arm64,Apple M2 Pro,clang-17.0.0 (clang-1700.0.13.5),TWINE-80,shuffle,ctr,65536,14,1776000,262144,6.774902344,0.147603604,,ok
Darwin-arm64,Apple M2 Pro,clang-17.0.0 (clang-1700.0.13.5),TWINE-80,shuffle,ctr,65536,15,1762000,262144,6.721496582,0.148776390,,ok
Darwin-arm64,Apple M2 Pro,clang-17.0.0 (clang-1700.0.13.5),TWINE-80,shuffle,ctr,1048576,1,7272000,1048576,6.935119629,0.144193619,,ok
Darwin-arm64,Apple M2 Pro,clang-17.0.0 (clang-1700.0.13.5),TWINE-80,shuffle,ctr,1048576,2,7097000,1048576,6.768226624,0.147749190,,ok
Darwin-arm64,Apple M2 Pro,clang-17.0.0 (clang-1700.0.13.5),TWINE-80,shuffle,ctr,1048576,3,7317000,1048576,6.978034973,0.143306820,,ok
Darwin-arm64,Apple M2 Pro,clang-17.0.0 (clang-1700.0.13.5),TWINE-80,shuffle,ctr,1048576,4,7282000,1048576,6.944656372,0.143995606,,ok
Darwin-arm64,Apple M2 Pro,clang-17.0.0 (clang-1700.0.13.5),TWINE-80,shuffle,ctr,1048576,5,7174000,1048576,6.841659546,0.146163368,,ok
Darwin-arm64,Apple M2 Pro,clang-17.0.0 (clang-1700.0.13.5),TWINE-80,shuffle,ctr,1048576,6,7226000,1048576,6.891250610,0.145111542,,ok
Darwin-arm64,Apple M2 Pro,clang-17.0.0 (clang-1700.0.13.5),TWINE-80,shuffle,ctr,1048576,7,7174000,1048576,6.841659546,0.146163368,,ok
Darwin-arm64,Apple M2 Pro,clang-17.0.0 (clang-1700.0.13.5),TWINE-80,shuffle,ctr,1048576,8,7179000,1048576,6.846427917,0.146061568,,ok
Darwin-arm64,Apple M2 Pro,clang-17.0.0 (clang-1700.0.13.5),TWINE-80,shuffle,ctr,1048576,9,7101000,1048576,6.772041321,0.147665963,,ok
Darwin-arm64,Apple M2 Pro,clang-17.0.0 (clang-1700.0.13.5),TWINE-80,shuffle,ctr,1048576,10,7338000,1048576,6.998062134,0.142896702,,ok
Darwin-arm64,Apple M2 Pro,clang-17.0.0 (clang-1700.0.13.5),TWINE-80,shuffle,ctr,1048576,11,7112000,1048576,6.782531738,0.147437570,,ok
Darwin-arm64,Apple M2 Pro,clang-17.0.0 (clang-1700.0.13.5),TWINE-80,shuffle,ctr,1048576,12,7138000,1048576,6.807327271,0.146900532,,ok
Darwin-arm64,Apple M2 Pro,clang-17.0.0 (clang-1700.0.13.5),TWINE-80,shuffle,ctr,1048576,13,7135000,1048576,6.804466248,0.146962299,,ok
Darwin-arm64,Apple M2 Pro,clang-17.0.0 (clang-1700.0.13.5),TWINE-80,shuffle,ctr,1048576,14,7121000,1048576,6.791114807,0.147251229,,ok
Darwin-arm64,Apple M2 Pro,clang-17.0.0 (clang-1700.0.13.5),TWINE-80,shuffle,ctr,1048576,15,7142000,1048576,6.811141968,0.146818258,,ok
Darwin-arm64,Apple M2 Pro,clang-17.0.0 (clang-1700.0.13.5),AES-128,aes-hw,gcm,64,1,771000,262144,2.941131592,0.340005188,,ok
Darwin-arm64,Apple M2 Pro,clang-17.0.0 (clang-1700.0.13.5),AES-128,aes-hw,gcm,64,2,763000,262144,2.910614014,0.343570118,,ok
Darwin-arm64,Apple M2 Pro,clang-17.0.0 (clang-1700.0.13.5),AES-128,aes-hw,gcm,64,3,774000,262144,2.952575684,0.338687339,,ok
Darwin-arm64,Apple M2 Pro,clang-17.0.0 (clang-1700.0.13.5),AES-128,aes-hw,gcm,64,4,758000,262144,2.891540527,0.345836412,,ok
Darwin-arm64,Apple M2 Pro,clang-17.0.0 (clang-1700.0.13.5),AES-128,aes-hw,gcm,64,5,758000,262144,2.891540527,0.345836412,,ok
Darwin-arm64,Apple M2 Pro,clang-17.0.0 (clang-1700.0.13.5),AES-128,aes-hw,gcm,64,6,761000,262144,2.902984619,0.344473062,,ok
Darwin-arm64,Apple M2 Pro,clang-17.0.0 (clang-1700.0.13.5),AES-128,aes-hw,gcm,64,7,781000,262144,2.979278564,0.335651729,,ok
Darwin-arm64,Apple M2 Pro,clang-17.0.0 (clang-1700.0.13.5),AES-128,aes-hw,gcm,64,8,786000,262144,2.998352051,0.333516539,,ok
Darwin-arm64,Apple M2 Pro,clang-17.0.0 (clang-1700.0.13.5),AES-128,aes-hw,gcm,64,9,855000,262144,3.261566162,0.306601170,,ok
Darwin-arm64,Apple M2 Pro,clang-17.0.0 (clang-1700.0.13.5),AES-128,aes-hw,gcm,64,10,764000,262144,2.914428711,0.343120419,,ok
Darwin-arm64,Apple M2 Pro,clang-17.0.0 (clang-1700.0.13.5),AES-128,aes-hw,gcm,64,11,791000,262144,3.017425537,0.331408344,,ok
Darwin-arm64,Apple M2 Pro,clang-17.0.0 (clang-1700.0.13.5),AES-128,aes-hw,gcm,64,12,800000,262144,3.051757812,0.327680000,,ok
Darwin-arm64,Apple M2 Pro,clang-17.0.0 (clang-1700.0.13.5),AES-128,aes-hw,gcm,64,13,790000,262144,3.013610840,0.331827848,,ok
Darwin-arm64,Apple M2 Pro,clang-17.0.0 (clang-1700.0.13.5),AES-128,aes-hw,gcm,64,14,828000,262144,3.158569336,0.316599034,,ok
Darwin-arm64,Apple M2 Pro,clang-17.0.0 (clang-1700.0.13.5),AES-128,aes-hw,gcm,64,15,779000,262144,2.971649170,0.336513479,,ok
Darwin-arm64,Apple M2 Pro,clang-17.0.0 (clang-1700.0.13.5),AES-128,aes-hw,gcm,512,1,349000,262144,1.331329346,0.751128940,,ok
Darwin-arm64,Apple M2 Pro,clang-17.0.0 (clang-1700.0.13.5),AES-128,aes-hw,gcm,512,2,348000,262144,1.327514648,0.753287356,,ok
Darwin-arm64,Apple M2 Pro,clang-17.0.0 (clang-1700.0.13.5),AES-128,aes-hw,gcm,512,3,348000,262144,1.327514648,0.753287356,,ok
Darwin-arm64,Apple M2 Pro,clang-17.0.0 (clang-1700.0.13.5),AES-128,aes-hw,gcm,512,4,348000,262144,1.327514648,0.753287356,,ok
Darwin-arm64,Apple M2 Pro,clang-17.0.0 (clang-1700.0.13.5),AES-128,aes-hw,gcm,512,5,348000,262144,1.327514648,0.753287356,,ok
Darwin-arm64,Apple M2 Pro,clang-17.0.0 (clang-1700.0.13.5),AES-128,aes-hw,gcm,512,6,350000,262144,1.335144043,0.748982857,,ok
Darwin-arm64,Apple M2 Pro,clang-17.0.0 (clang-1700.0.13.5),AES-128,aes-hw,gcm,512,7,348000,262144,1.327514648,0.753287356,,ok
Darwin-arm64,Apple M2 Pro,clang-17.0.0 (clang-1700.0.13.5),AES-128,aes-hw,gcm,512,8,348000,262144,1.327514648,0.753287356,,ok
Darwin-arm64,Apple M2 Pro,clang-17.0.0 (clang-1700.0.13.5),AES-128,aes-hw,gcm,512,9,348000,262144,1.327514648,0.753287356,,ok
Darwin-arm64,Apple M2 Pro,clang-17.0.0 (clang-1700.0.13.5),AES-128,aes-hw,gcm,512,10,348000,262144,1.327514648,0.753287356,,ok
Darwin-arm64,Apple M2 Pro,clang-17.0.0 (clang-1700.0.13.5),AES-128,aes-hw,gcm,512,11,368000,262144,1.403808594,0.712347826,,ok
Darwin-arm64,Apple M2 Pro,clang-17.0.0 (clang-1700.0.13.5),AES-128,aes-hw,gcm,512,12,348000,262144,1.327514648,0.753287356,,ok
Darwin-arm64,Apple M2 Pro,clang-17.0.0 (clang-1700.0.13.5),AES-128,aes-hw,gcm,512,13,348000,262144,1.327514648,0.753287356,,ok
Darwin-arm64,Apple M2 Pro,clang-17.0.0 (clang-1700.0.13.5),AES-128,aes-hw,gcm,512,14,348000,262144,1.327514648,0.753287356,,ok
Darwin-arm64,Apple M2 Pro,clang-17.0.0 (clang-1700.0.13.5),AES-128,aes-hw,gcm,512,15,348000,262144,1.327514648,0.753287356,,ok
Darwin-arm64,Apple M2 Pro,clang-17.0.0 (clang-1700.0.13.5),AES-128,aes-hw,gcm,4096,1,293000,262144,1.117706299,0.894689420,,ok
Darwin-arm64,Apple M2 Pro,clang-17.0.0 (clang-1700.0.13.5),AES-128,aes-hw,gcm,4096,2,293000,262144,1.117706299,0.894689420,,ok
Darwin-arm64,Apple M2 Pro,clang-17.0.0 (clang-1700.0.13.5),AES-128,aes-hw,gcm,4096,3,293000,262144,1.117706299,0.894689420,,ok
Darwin-arm64,Apple M2 Pro,clang-17.0.0 (clang-1700.0.13.5),AES-128,aes-hw,gcm,4096,4,293000,262144,1.117706299,0.894689420,,ok
Darwin-arm64,Apple M2 Pro,clang-17.0.0 (clang-1700.0.13.5),AES-128,aes-hw,gcm,4096,5,293000,262144,1.117706299,0.894689420,,ok
Darwin-arm64,Apple M2 Pro,clang-17.0.0 (clang-1700.0.13.5),AES-128,aes-hw,gcm,4096,6,293000,262144,1.117706299,0.894689420,,ok
Darwin-arm64,Apple M2 Pro,clang-17.0.0 (clang-1700.0.13.5),AES-128,aes-hw,gcm,4096,7,294000,262144,1.121520996,0.891646259,,ok
Darwin-arm64,Apple M2 Pro,clang-17.0.0 (clang-1700.0.13.5),AES-128,aes-hw,gcm,4096,8,293000,262144,1.117706299,0.894689420,,ok
Darwin-arm64,Apple M2 Pro,clang-17.0.0 (clang-1700.0.13.5),AES-128,aes-hw,gcm,4096,9,293000,262144,1.117706299,0.894689420,,ok
Darwin-arm64,Apple M2 Pro,clang-17.0.0 (clang-1700.0.13.5),AES-128,aes-hw,gcm,4096,10,293000,262144,1.117706299,0.894689420,,ok
Darwin-arm64,Apple M2 Pro,clang-17.0.0 (clang-1700.0.13.5),AES-128,aes-hw,gcm,4096,11,293000,262144,1.117706299,0.894689420,,ok
Darwin-arm64,Apple M2 Pro,clang-17.0.0 (clang-1700.0.13.5),AES-128,aes-hw,gcm,4096,12,293000,262144,1.117706299,0.894689420,,ok
Darwin-arm64,Apple M2 Pro,clang-17.0.0 (clang-1700.0.13.5),AES-128,aes-hw,gcm,4096,13,298000,262144,1.136779785,0.879677852,,ok
Darwin-arm64,Apple M2 Pro,clang-17.0.0 (clang-1700.0.13.5),AES-128,aes-hw,gcm,4096,14,299000,262144,1.140594482,0.876735786,,ok
Darwin-arm64,Apple M2 Pro,clang-17.0.0 (clang-1700.0.13.5),AES-128,aes-hw,gcm,4096,15,332000,262144,1.266479492,0.789590361,,ok
Darwin-arm64,Apple M2 Pro,clang-17.0.0 (clang-1700.0.13.5),AES-128,aes-hw,gcm,8192,1,317000,262144,1.209259033,0.826952681,,ok
Darwin-arm64,Apple M2 Pro,clang-17.0.0 (clang-1700.0.13.5),AES-128,aes-hw,gcm,8192,2,307000,262144,1.171112061,0.853889251,,ok
Darwin-arm64,Apple M2 Pro,clang-17.0.0 (clang-1700.0.13.5),AES-128,aes-hw,gcm,8192,3,294000,262144,1.121520996,0.891646259,,ok
Darwin-arm64,Apple M2 Pro,clang-17.0.0 (clang-1700.0.13.5),AES-128,aes-hw,gcm,8192,4,294000,262144,1.121520996,0.891646259,,ok
Darwin-arm64,Apple M2 Pro,clang-17.0.0 (clang-1700.0.13.5),AES-128,aes-hw,gcm,8192,5,290000,262144,1.106262207,0.903944828,,ok
Darwin-arm64,Apple M2 Pro,clang-17.0.0 (clang-1700.0.13.5),AES-128,aes-hw,gcm,8192,6,289000,262144,1.102447510,0.907072664,,ok
Darwin-arm64,Apple M2 Pro,clang-17.0.0 (clang-1700.0.13.5),AES-128,aes-hw,gcm,8192,7,310000,262144,1.182556152,0.845625806,,ok
Darwin-arm64,Apple M2 Pro,clang-17.0.0 (clang-1700.0.13.5),AES-128,aes-hw,gcm,8192,8,295000,262144,1.125335693,0.888623729,,ok
Darwin-arm64,Apple M2 Pro,clang-17.0.0 (clang-1700.0.13.5),AES-128,aes-hw,gcm,8192,9,290000,262144,1.106262207,0.903944828,,ok
Darwin-arm64,Apple M2 Pro,clang-17.0.0 (clang-1700.0.13.5),AES-128,aes-hw,gcm,8192,10,312000,262144,1.190185547,0.840205128,,ok
Darwin-arm64,Apple M2 Pro,clang-17.0.0 (clang-1700.0.13.5),AES-128,aes-hw,gcm,8192,11,296000,262144,1.129150391,0.885621622,,ok
Darwin-arm64,Apple M2 Pro,clang-17.0.0 (clang-1700.0.13.5),AES-128,aes-hw,gcm,8192,12,294000,262144,1.121520996,0.891646259,,ok
Darwin-arm64,Apple M2 Pro,clang-17.0.0 (clang-1700.0.13.5),AES-128,aes-hw,gcm,8192,13,290000,262144,1.106262207,0.903944828,,ok
Darwin-arm64,Apple M2 Pro,clang-17.0.0 (clang-1700.0.13.5),AES-128,aes-hw,gcm,8192,14,292000,262144,1.113891602,0.897753425,,ok
Darwin-arm64,Apple M2 Pro,clang-17.0.0 (clang-1700.0.13.5),AES-128,aes-hw,gcm,8192,15,289000,262144,1.102447510,0.907072664,,ok
Darwin-arm64,Apple M2 Pro,clang-17.0.0 (clang-1700.0.13.5),AES-128,aes-hw,gcm,65536,1,286000,262144,1.091003418,0.916587413,,ok
Darwin-arm64,Apple M2 Pro,clang-17.0.0 (clang-1700.0.13.5),AES-128,aes-hw,gcm,65536,2,287000,262144,1.094818115,0.913393728,,ok
Darwin-arm64,Apple M2 Pro,clang-17.0.0 (clang-1700.0.13.5),AES-128,aes-hw,gcm,65536,3,287000,262144,1.094818115,0.913393728,,ok
Darwin-arm64,Apple M2 Pro,clang-17.0.0 (clang-1700.0.13.5),AES-128,aes-hw,gcm,65536,4,286000,262144,1.091003418,0.916587413,,ok
Darwin-arm64,Apple M2 Pro,clang-17.0.0 (clang-1700.0.13.5),AES-128,aes-hw,gcm,65536,5,286000,262144,1.091003418,0.916587413,,ok
Darwin-arm64,Apple M2 Pro,clang-17.0.0 (clang-1700.0.13.5),AES-128,aes-hw,gcm,65536,6,286000,262144,1.091003418,0.916587413,,ok
Darwin-arm64,Apple M2 Pro,clang-17.0.0 (clang-1700.0.13.5),AES-128,aes-hw,gcm,65536,7,386000,262144,1.472473145,0.679129534,,ok
Darwin-arm64,Apple M2 Pro,clang-17.0.0 (clang-1700.0.13.5),AES-128,aes-hw,gcm,65536,8,286000,262144,1.091003418,0.916587413,,ok
Darwin-arm64,Apple M2 Pro,clang-17.0.0 (clang-1700.0.13.5),AES-128,aes-hw,gcm,65536,9,286000,262144,1.091003418,0.916587413,,ok
Darwin-arm64,Apple M2 Pro,clang-17.0.0 (clang-1700.0.13.5),AES-128,aes-hw,gcm,65536,10,286000,262144,1.091003418,0.916587413,,ok
Darwin-arm64,Apple M2 Pro,clang-17.0.0 (clang-1700.0.13.5),AES-128,aes-hw,gcm,65536,11,286000,262144,1.091003418,0.916587413,,ok
Darwin-arm64,Apple M2 Pro,clang-17.0.0 (clang-1700.0.13.5),AES-128,aes-hw,gcm,65536,12,287000,262144,1.094818115,0.913393728,,ok
Darwin-arm64,Apple M2 Pro,clang-17.0.0 (clang-1700.0.13.5),AES-128,aes-hw,gcm,65536,13,287000,262144,1.094818115,0.913393728,,ok
Darwin-arm64,Apple M2 Pro,clang-17.0.0 (clang-1700.0.13.5),AES-128,aes-hw,gcm,65536,14,286000,262144,1.091003418,0.916587413,,ok
Darwin-arm64,Apple M2 Pro,clang-17.0.0 (clang-1700.0.13.5),AES-128,aes-hw,gcm,65536,15,286000,262144,1.091003418,0.916587413,,ok
Darwin-arm64,Apple M2 Pro,clang-17.0.0 (clang-1700.0.13.5),AES-128,aes-hw,gcm,1048576,1,1169000,1048576,1.114845276,0.896985458,,ok
Darwin-arm64,Apple M2 Pro,clang-17.0.0 (clang-1700.0.13.5),AES-128,aes-hw,gcm,1048576,2,1152000,1048576,1.098632812,0.910222222,,ok
Darwin-arm64,Apple M2 Pro,clang-17.0.0 (clang-1700.0.13.5),AES-128,aes-hw,gcm,1048576,3,1146000,1048576,1.092910767,0.914987784,,ok
Darwin-arm64,Apple M2 Pro,clang-17.0.0 (clang-1700.0.13.5),AES-128,aes-hw,gcm,1048576,4,1165000,1048576,1.111030579,0.900065236,,ok
Darwin-arm64,Apple M2 Pro,clang-17.0.0 (clang-1700.0.13.5),AES-128,aes-hw,gcm,1048576,5,1208000,1048576,1.152038574,0.868026490,,ok
Darwin-arm64,Apple M2 Pro,clang-17.0.0 (clang-1700.0.13.5),AES-128,aes-hw,gcm,1048576,6,1224000,1048576,1.167297363,0.856679739,,ok
Darwin-arm64,Apple M2 Pro,clang-17.0.0 (clang-1700.0.13.5),AES-128,aes-hw,gcm,1048576,7,1139000,1048576,1.086235046,0.920611062,,ok
Darwin-arm64,Apple M2 Pro,clang-17.0.0 (clang-1700.0.13.5),AES-128,aes-hw,gcm,1048576,8,1139000,1048576,1.086235046,0.920611062,,ok
Darwin-arm64,Apple M2 Pro,clang-17.0.0 (clang-1700.0.13.5),AES-128,aes-hw,gcm,1048576,9,1170000,1048576,1.115798950,0.896218803,,ok
Darwin-arm64,Apple M2 Pro,clang-17.0.0 (clang-1700.0.13.5),AES-128,aes-hw,gcm,1048576,10,1169000,1048576,1.114845276,0.896985458,,ok
Darwin-arm64,Apple M2 Pro,clang-17.0.0 (clang-1700.0.13.5),AES-128,aes-hw,gcm,1048576,11,1142000,1048576,1.089096069,0.918192644,,ok
Darwin-arm64,Apple M2 Pro,clang-17.0.0 (clang-1700.0.13.5),AES-128,aes-hw,gcm,1048576,12,1142000,1048576,1.089096069,0.918192644,,ok
Darwin-arm64,Apple M2 Pro,clang-17.0.0 (clang-1700.0.13.5),AES-128,aes-hw,gcm,1048576,13,1148000,1048576,1.094818115,0.913393728,,ok
Darwin-arm64,Apple M2 Pro,clang-17.0.0 (clang-1700.0.13.5),AES-128,aes-hw,gcm,1048576,14,1138000,1048576,1.085281372,0.921420035,,ok
Darwin-arm64,Apple M2 Pro,clang-17.0.0 (clang-1700.0.13.5),AES-128,aes-hw,gcm,1048576,15,1139000,1048576,1.086235046,0.920611062,,ok
Darwin-arm64,Apple M2 Pro,clang-17.0.0 (clang-1700.0.13.5),AES-128,aes-hw,gcm-dec,64,1,699000,262144,2.666473389,0.375027182,,ok
Darwin-arm64,Apple M2 Pro,clang-17.0.0 (clang-1700.0.13.5),AES-128,aes-hw,gcm-dec,64,2,713000,262144,2.719879150,0.367663394,,ok
Darwin-arm64,Apple M2 Pro,clang-17.0.0 (clang-1700.0.13.5),AES-128,aes-hw,gcm-dec,64,3,681000,262144,2.597808838,0.384939794,,ok
Darwin-arm64,Apple M2 Pro,clang-17.0.0 (clang-1700.0.13.5),AES-128,aes-hw,gcm-dec,64,4,686000,262144,2.616882324,0.382134111,,ok
Darwin-arm64,Apple M2 Pro,clang-17.0.0 (clang-1700.0.13.5),AES-128,aes-hw,gcm-dec,64,5,707000,262144,2.696990967,0.370783593,,ok
Darwin-arm64,Apple M2 Pro,clang-17.0.0 (clang-1700.0.13.5),AES-128,aes-hw,gcm-dec,64,6,715000,262144,2.727508545,0.366634965,,ok
Darwin-arm64,Apple M2 Pro,clang-17.0.0 (clang-1700.0.13.5),AES-128,aes-hw,gcm-dec,64,7,683000,262144,2.605438232,0.383812592,,ok
Darwin-arm64,Apple M2 Pro,clang-17.0.0 (clang-1700.0.13.5),AES-128,aes-hw,gcm-dec,64,8,679000,262144,2.590179443,0.386073638,,ok
Darwin-arm64,Apple M2 Pro,clang-17.0.0 (clang-1700.0.13.5),AES-128,aes-hw,gcm-dec,64,9,679000,262144,2.590179443,0.386073638,,ok
Darwin-arm64,Apple M2 Pro,clang-17.0.0 (clang-1700.0.13.5),AES-128,aes-hw,gcm-dec,64,10,678000,262144,2.586364746,0.386643068,,ok
Darwin-arm64,Apple M2 Pro,clang-17.0.0 (clang-1700.0.13.5),AES-128,aes-hw,gcm-dec,64,11,678000,262144,2.586364746,0.386643068,,ok
Darwin-arm64,Apple M2 Pro,clang-17.0.0 (clang-1700.0.13.5),AES-128,aes-hw,gcm-dec,64,12,700000,262144,2.670288086,0.374491429,,ok
Darwin-arm64,Apple M2 Pro,clang-17.0.0 (clang-1700.0.13.5),AES-128,aes-hw,gcm-dec,64,13,676000,262144,2.578735352,0.387786982,,ok
Darwin-arm64,Apple M2 Pro,clang-17.0.0 (clang-1700.0.13.5),AES-128,aes-hw,gcm-dec,64,14,676000,262144,2.578735352,0.387786982,,ok
Darwin-arm64,Apple M2 Pro,clang-17.0.0 (clang-1700.0.13.5),AES-128,aes-hw,gcm-dec,64,15,677000,262144,2.582550049,0.387214180,,ok
Darwin-arm64,Apple M2 Pro,clang-17.0.0 (clang-1700.0.13.5),AES-128,aes-hw,gcm-dec,512,1,333000,262144,1.270294189,0.787219219,,ok
Darwin-arm64,Apple M2 Pro,clang-17.0.0 (clang-1700.0.13.5),AES-128,aes-hw,gcm-dec,512,2,333000,262144,1.270294189,0.787219219,,ok
Darwin-arm64,Apple M2 Pro,clang-17.0.0 (clang-1700.0.13.5),AES-128,aes-hw,gcm-dec,512,3,333000,262144,1.270294189,0.787219219,,ok
Darwin-arm64,Apple M2 Pro,clang-17.0.0 (clang-1700.0.13.5),AES-128,aes-hw,gcm-dec,512,4,332000,262144,1.266479492,0.789590361,,ok
Darwin-arm64,Apple M2 Pro,clang-17.0.0 (clang-1700.0.13.5),AES-128,aes-hw,gcm-dec,512,5,333000,262144,1.270294189,0.787219219,,ok
Darwin-arm64,Apple M2 Pro,clang-17.0.0 (clang-1700.0.13.5),AES-128,aes-hw,gcm-dec,512,6,333000,262144,1.270294189,0.787219219,,ok
Darwin-arm64,Apple M2 Pro,clang-17.0.0 (clang-1700.0.13.5),AES-128,aes-hw,gcm-dec,512,7,344000,262144,1.312255859,0.762046512,,ok
Darwin-arm64,Apple M2 Pro,clang-17.0.0 (clang-1700.0.13.5),AES-128,aes-hw,gcm-dec,512,8,337000,262144,1.285552979,0.777875371,,ok
Darwin-arm64,Apple M2 Pro,clang-17.0.0 (clang-1700.0.13.5),AES-128,aes-hw,gcm-dec,512,9,332000,262144,1.266479492,0.789590361,,ok
Darwin-arm64,Apple M2 Pro,clang-17.0.0 (clang-1700.0.13.5),AES-128,aes-hw,gcm-dec,512,10,358000,262144,1.365661621,0.732245810,,ok
Darwin-arm64,Apple M2 Pro,clang-17.0.0 (clang-1700.0.13.5),AES-128,aes-hw,gcm-dec,512,11,333000,262144,1.270294189,0.787219219,,ok
Darwin-arm64,Apple M2 Pro,clang-17.0.0 (clang-1700.0.13.5),AES-128,aes-hw,gcm-dec,512,12,348000,262144,1.327514648,0.753287356,,ok
Darwin-arm64,Apple M2 Pro,clang-17.0.0 (clang-1700.0.13.5),AES-128,aes-hw,gcm-dec,512,13,341000,262144,1.300811768,0.768750733,,ok
Darwin-arm64,Apple M2 Pro,clang-17.0.0 (clang-1700.0.13.5),AES-128,aes-hw,gcm-dec,512,14,333000,262144,1.270294189,0.787219219,,ok
Darwin-arm64,Apple M2 Pro,clang-17.0.0 (clang-1700.0.13.5),AES-128,aes-hw,gcm-dec,512,15,366000,262144,1.396179199,0.716240437,,ok
Darwin-arm64,Apple M2 Pro,clang-17.0.0 (clang-1700.0.13.5),AES-128,aes-hw,gcm-dec,4096,1,303000,262144,1.155853271,0.865161716,,ok
Darwin-arm64,Apple M2 Pro,clang-17.0.0 (clang-1700.0.13.5),AES-128,aes-hw,gcm-dec,4096,2,291000,262144,1.110076904,0.900838488,,ok
Darwin-arm64,Apple M2 Pro,clang-17.0.0 (clang-1700.0.13.5),AES-128,aes-hw,gcm-dec,4096,3,299000,262144,1.140594482,0.876735786,,ok
Darwin-arm64,Apple M2 Pro,clang-17.0.0 (clang-1700.0.13.5),AES-128,aes-hw,gcm-dec,4096,4,291000,262144,1.110076904,0.900838488,,ok
Darwin-arm64,Apple M2 Pro,clang-17.0.0 (clang-1700.0.13.5),AES-128,aes-hw,gcm-dec,4096,5,291000,262144,1.110076904,0.900838488,,ok
Darwin-arm64,Apple M2 Pro,clang-17.0.0 (clang-1700.0.13.5),AES-128,aes-hw,gcm-dec,4096,6,291000,262144,1.110076904,0.900838488,,ok
Darwin-arm64,Apple M2 Pro,clang-17.0.0 (clang-1700.0.13.5),AES-128,aes-hw,gcm-dec,4096,7,299000,262144,1.140594482,0.876735786,,ok
Darwin-arm64,Apple M2 Pro,clang-17.0.0 (clang-1700.0.13.5),AES-128,aes-hw,gcm-dec,4096,8,291000,262144,1.110076904,0.900838488,,ok
Darwin-arm64,Apple M2 Pro,clang-17.0.0 (clang-1700.0.13.5),AES-128,aes-hw,gcm-dec,4096,9,291000,262144,1.110076904,0.900838488,,ok
Darwin-arm64,Apple M2 Pro,clang-17.0.0 (clang-1700.0.13.5),AES-128,aes-hw,gcm-dec,4096,10,332000,262144,1.266479492,0.789590361,,ok
Darwin-arm64,Apple M2 Pro,clang-17.0.0 (clang-1700.0.13.5),AES-128,aes-hw,gcm-dec,4096,11,313000,262144,1.194000244,0.837520767,,ok
Darwin-arm64,Apple M2 Pro,clang-17.0.0 (clang-1700.0.13.5),AES-128,aes-hw,gcm-dec,4096,12,299000,262144,1.140594482,0.876735786,,ok
Darwin-arm64,Apple M2 Pro,clang-17.0.0 (clang-1700.0.13.5),AES-128,aes-hw,gcm-dec,4096,13,291000,262144,1.110076904,0.900838488,,ok
Darwin-arm64,Apple M2 Pro,clang-17.0.0 (clang-1700.0.13.5),AES-128,aes-hw,gcm-dec,4096,14,291000,262144,1.110076904,0.900838488,,ok
Darwin-arm64,Apple M2 Pro,clang-17.0.0 (clang-1700.0.13.5),AES-128,aes-hw,gcm-dec,4096,15,292000,262144,1.113891602,0.897753425,,ok
Darwin-arm64,Apple M2 Pro,clang-17.0.0 (clang-1700.0.13.5),AES-128,aes-hw,gcm-dec,8192,1,288000,262144,1.098632812,0.910222222,,ok
Darwin-arm64,Apple M2 Pro,clang-17.0.0 (clang-1700.0.13.5),AES-128,aes-hw,gcm-dec,8192,2,288000,262144,1.098632812,0.910222222,,ok
Darwin-arm64,Apple M2 Pro,clang-17.0.0 (clang-1700.0.13.5),AES-128,aes-hw,gcm-dec,8192,3,289000,262144,1.102447510,0.907072664,,ok
Darwin-arm64,Apple M2 Pro,clang-17.0.0 (clang-1700.0.13.5),AES-128,aes-hw,gcm-dec,8192,4,289000,262144,1.102447510,0.907072664,,ok
Darwin-arm64,Apple M2 Pro,clang-17.0.0 (clang-1700.0.13.5),AES-128,aes-hw,gcm-dec,8192,5,289000,262144,1.102447510,0.907072664,,ok
Darwin-arm64,Apple M2 Pro,clang-17.0.0 (clang-1700.0.13.5),AES-128,aes-hw,gcm-dec,8192,6,293000,262144,1.117706299,0.894689420,,ok
Darwin-arm64,Apple M2 Pro,clang-17.0.0 (clang-1700.0.13.5),AES-128,aes-hw,gcm-dec,8192,7,334000,262144,1.274108887,0.784862275,,ok
Darwin-arm64,Apple M2 Pro,clang-17.0.0 (clang-1700.0.13.5),AES-128,aes-hw,gcm-dec,8192,8,315000,262144,1.201629639,0.832203175,,ok
Darwin-arm64,Apple M2 Pro,clang-17.0.0 (clang-1700.0.13.5),AES-128,aes-hw,gcm-dec,8192,9,289000,262144,1.102447510,0.907072664,,ok
Darwin-arm64,Apple M2 Pro,clang-17.0.0 (clang-1700.0.13.5),AES-128,aes-hw,gcm-dec,8192,10,289000,262144,1.102447510,0.907072664,,ok
Darwin-arm64,Apple M2 Pro,clang-17.0.0 (clang-1700.0.13.5),AES-128,aes-hw,gcm-dec,8192,11,296000,262144,1.129150391,0.885621622,,ok
Darwin-arm64,Apple M2 Pro,clang-17.0.0 (clang-1700.0.13.5),AES-128,aes-hw,gcm-dec,8192,12,316000,262144,1.205444336,0.829569620,,ok
Darwin-arm64,Apple M2 Pro,clang-17.0.0 (clang-1700.0.13.5),AES-128,aes-hw,gcm-dec,8192,13,288000,262144,1.098632812,0.910222222,,ok
Darwin-arm64,Apple M2 Pro,clang-17.0.0 (clang-1700.0.13.5),AES-128,aes-hw,gcm-dec,8192,14,299000,262144,1.140594482,0.876735786,,ok
Darwin-arm64,Apple M2 Pro,clang-17.0.0 (clang-1700.0.13.5),AES-128,aes-hw,gcm-dec,8192,15,313000,262144,1.194000244,0.837520767,,ok
Darwin-arm64,Apple M2 Pro,clang-17.0.0 (clang-1700.0.13.5),AES-128,aes-hw,gcm-dec,65536,1,287000,262144,1.094818115,0.913393728,,ok
Darwin-arm64,Apple M2 Pro,clang-17.0.0 (clang-1700.0.13.5),AES-128,aes-hw,gcm-dec,65536,2,287000,262144,1.094818115,0.913393728,,ok
Darwin-arm64,Apple M2 Pro,clang-17.0.0 (clang-1700.0.13.5),AES-128,aes-hw,gcm-dec,65536,3,287000,262144,1.094818115,0.913393728,,ok
Darwin-arm64,Apple M2 Pro,clang-17.0.0 (clang-1700.0.13.5),AES-128,aes-hw,gcm-dec,65536,4,287000,262144,1.094818115,0.913393728,,ok
Darwin-arm64,Apple M2 Pro,clang-17.0.0 (clang-1700.0.13.5),AES-128,aes-hw,gcm-dec,65536,5,287000,262144,1.094818115,0.913393728,,ok
Darwin-arm64,Apple M2 Pro,clang-17.0.0 (clang-1700.0.13.5),AES-128,aes-hw,gcm-dec,65536,6,287000,262144,1.094818115,0.913393728,,ok
Darwin-arm64,Apple M2 Pro,clang-17.0.0 (clang-1700.0.13.5),AES-128,aes-hw,gcm-dec,65536,7,287000,262144,1.094818115,0.913393728,,ok
Darwin-arm64,Apple M2 Pro,clang-17.0.0 (clang-1700.0.13.5),AES-128,aes-hw,gcm-dec,65536,8,287000,262144,1.094818115,0.913393728,,ok
Darwin-arm64,Apple M2 Pro,clang-17.0.0 (clang-1700.0.13.5),AES-128,aes-hw,gcm-dec,65536,9,288000,262144,1.098632812,0.910222222,,ok
Darwin-arm64,Apple M2 Pro,clang-17.0.0 (clang-1700.0.13.5),AES-128,aes-hw,gcm-dec,65536,10,287000,262144,1.094818115,0.913393728,,ok
Darwin-arm64,Apple M2 Pro,clang-17.0.0 (clang-1700.0.13.5),AES-128,aes-hw,gcm-dec,65536,11,288000,262144,1.098632812,0.910222222,,ok
Darwin-arm64,Apple M2 Pro,clang-17.0.0 (clang-1700.0.13.5),AES-128,aes-hw,gcm-dec,65536,12,292000,262144,1.113891602,0.897753425,,ok
Darwin-arm64,Apple M2 Pro,clang-17.0.0 (clang-1700.0.13.5),AES-128,aes-hw,gcm-dec,65536,13,287000,262144,1.094818115,0.913393728,,ok
Darwin-arm64,Apple M2 Pro,clang-17.0.0 (clang-1700.0.13.5),AES-128,aes-hw,gcm-dec,65536,14,291000,262144,1.110076904,0.900838488,,ok
Darwin-arm64,Apple M2 Pro,clang-17.0.0 (clang-1700.0.13.5),AES-128,aes-hw,gcm-dec,65536,15,297000,262144,1.132965088,0.882639731,,ok
Darwin-arm64,Apple M2 Pro,clang-17.0.0 (clang-1700.0.13.5),AES-128,aes-hw,gcm-dec,1048576,1,1251000,1048576,1.193046570,0.838190248,,ok
Darwin-arm64,Apple M2 Pro,clang-17.0.0 (clang-1700.0.13.5),AES-128,aes-hw,gcm-dec,1048576,2,1251000,1048576,1.193046570,0.838190248,,ok
Darwin-arm64,Apple M2 Pro,clang-17.0.0 (clang-1700.0.13.5),AES-128,aes-hw,gcm-dec,1048576,3,1140000,1048576,1.087188721,0.919803509,,ok
Darwin-arm64,Apple M2 Pro,clang-17.0.0 (clang-1700.0.13.5),AES-128,aes-hw,gcm-dec,1048576,4,1165000,1048576,1.111030579,0.900065236,,ok
Darwin-arm64,Apple M2 Pro,clang-17.0.0 (clang-1700.0.13.5),AES-128,aes-hw,gcm-dec,1048576,5,1234000,1048576,1.176834106,0.849737439,,ok
Darwin-arm64,Apple M2 Pro,clang-17.0.0 (clang-1700.0.13.5),AES-128,aes-hw,gcm-dec,1048576,6,1195000,1048576,1.139640808,0.877469456,,ok
Darwin-arm64,Apple M2 Pro,clang-17.0.0 (clang-1700.0.13.5),AES-128,aes-hw,gcm-dec,1048576,7,1187000,1048576,1.132011414,0.883383319,,ok
Darwin-arm64,Apple M2 Pro,clang-17.0.0 (clang-1700.0.13.5),AES-128,aes-hw,gcm-dec,1048576,8,1158000,1048576,1.104354858,0.905506045,,ok
Darwin-arm64,Apple M2 Pro,clang-17.0.0 (clang-1700.0.13.5),AES-128,aes-hw,gcm-dec,1048576,9,1192000,1048576,1.136779785,0.879677852,,ok
Darwin-arm64,Apple M2 Pro,clang-17.0.0 (clang-1700.0.13.5),AES-128,aes-hw,gcm-dec,1048576,10,1191000,1048576,1.135826111,0.880416457,,ok
Darwin-arm64,Apple M2 Pro,clang-17.0.0 (clang-1700.0.13.5),AES-128,aes-hw,gcm-dec,1048576,11,1198000,1048576,1.142501831,0.875272120,,ok
Darwin-arm64,Apple M2 Pro,clang-17.0.0 (clang-1700.0.13.5),AES-128,aes-hw,gcm-dec,1048576,12,1157000,1048576,1.103401184,0.906288678,,ok
Darwin-arm64,Apple M2 Pro,clang-17.0.0 (clang-1700.0.13.5),AES-128,aes-hw,gcm-dec,1048576,13,1165000,1048576,1.111030579,0.900065236,,ok
Darwin-arm64,Apple M2 Pro,clang-17.0.0 (clang-1700.0.13.5),AES-128,aes-hw,gcm-dec,1048576,14,1192000,1048576,1.136779785,0.879677852,,ok
Darwin-arm64,Apple M2 Pro,clang-17.0.0 (clang-1700.0.13.5),AES-128,aes-hw,gcm-dec,1048576,15,1150000,1048576,1.096725464,0.911805217,,ok
Darwin-arm64,Apple M2 Pro,clang-17.0.0 (clang-1700.0.13.5),SM4-128,ref,gcm,64,1,6651000,262144,25.371551514,0.039414223,,ok
Darwin-arm64,Apple M2 Pro,clang-17.0.0 (clang-1700.0.13.5),SM4-128,ref,gcm,64,2,6756000,262144,25.772094727,0.038801658,,ok
Darwin-arm64,Apple M2 Pro,clang-17.0.0 (clang-1700.0.13.5),SM4-128,ref,gcm,64,3,6608000,262144,25.207519531,0.039670702,,ok
Darwin-arm64,Apple M2 Pro,clang-17.0.0 (clang-1700.0.13.5),SM4-128,ref,gcm,64,4,6722000,262144,25.642395020,0.038997917,,ok
Darwin-arm64,Apple M2 Pro,clang-17.0.0 (clang-1700.0.13.5),SM4-128,ref,gcm,64,5,6722000,262144,25.642395020,0.038997917,,ok
Darwin-arm64,Apple M2 Pro,clang-17.0.0 (clang-1700.0.13.5),SM4-128,ref,gcm,64,6,6700000,262144,25.558471680,0.039125970,,ok
Darwin-arm64,Apple M2 Pro,clang-17.0.0 (clang-1700.0.13.5),SM4-128,ref,gcm,64,7,6817000,262144,26.004791260,0.038454452,,ok
Darwin-arm64,Apple M2 Pro,clang-17.0.0 (clang-1700.0.13.5),SM4-128,ref,gcm,64,8,6609000,262144,25.211334229,0.039664700,,ok
Darwin-arm64,Apple M2 Pro,clang-17.0.0 (clang-1700.0.13.5),SM4-128,ref,gcm,64,9,6742000,262144,25.718688965,0.038882231,,ok
Darwin-arm64,Apple M2 Pro,clang-17.0.0 (clang-1700.0.13.5),SM4-128,ref,gcm,64,10,6641000,262144,25.333404541,0.039473573,,ok
Darwin-arm64,Apple M2 Pro,clang-17.0.0 (clang-1700.0.13.5),SM4-128,ref,gcm,64,11,6665000,262144,25.424957275,0.039331433,,ok
Darwin-arm64,Apple M2 Pro,clang-17.0.0 (clang-1700.0.13.5),SM4-128,ref,gcm,64,12,6798000,262144,25.932312012,0.038561930,,ok
Darwin-arm64,Apple M2 Pro,clang-17.0.0 (clang-1700.0.13.5),SM4-128,ref,gcm,64,13,6588000,262144,25.131225586,0.039791135,,ok
Darwin-arm64,Apple M2 Pro,clang-17.0.0 (clang-1700.0.13.5),SM4-128,ref,gcm,64,14,6732000,262144,25.680541992,0.038939988,,ok
Darwin-arm64,Apple M2 Pro,clang-17.0.0 (clang-1700.0.13.5),SM4-128,ref,gcm,64,15,6632000,262144,25.299072266,0.039527141,,ok
Darwin-arm64,Apple M2 Pro,clang-17.0.0 (clang-1700.0.13.5),SM4-128,ref,gcm,512,1,4507000,262144,17.192840576,0.058163745,,ok
Darwin-arm64,Apple M2 Pro,clang-17.0.0 (clang-1700.0.13.5),SM4-128,ref,gcm,512,2,4555000,262144,17.375946045,0.057550823,,ok
Darwin-arm64,Apple M2 Pro,clang-17.0.0 (clang-1700.0.13.5),SM4-128,ref,gcm,512,3,4754000,262144,18.135070801,0.055141775,,ok
Darwin-arm64,Apple M2 Pro,clang-17.0.0 (clang-1700.0.13.5),SM4-128,ref,gcm,512,4,4559000,262144,17.391204834,0.057500329,,ok
Darwin-arm64,Apple M2 Pro,clang-17.0.0 (clang-1700.0.13.5),SM4-128,ref,gcm,512,5,4519000,262144,17.238616943,0.058009294,,ok
Darwin-arm64,Apple M2 Pro,clang-17.0.0 (clang-1700.0.13.5),SM4-128,ref,gcm,512,6,4526000,262144,17.265319824,0.057919576,,ok
Darwin-arm64,Apple M2 Pro,clang-17.0.0 (clang-1700.0.13.5),SM4-128,ref,gcm,512,7,4649000,262144,17.734527588,0.056387180,,ok
Darwin-arm64,Apple M2 Pro,clang-17.0.0 (clang-1700.0.13.5),SM4-128,ref,gcm,512,8,4502000,262144,17.173767090,0.058228343,,ok
Darwin-arm64,Apple M2 Pro,clang-17.0.0 (clang-1700.0.13.5),SM4-128,ref,gcm,512,9,4483000,262144,17.101287842,0.058475128,,ok
Darwin-arm64,Apple M2 Pro,clang-17.0.0 (clang-1700.0.13.5),SM4-128,ref,gcm,512,10,4640000,262144,17.700195312,0.056496552,,ok
Darwin-arm64,Apple M2 Pro,clang-17.0.0 (clang-1700.0.13.5),SM4-128,ref,gcm,512,11,4652000,262144,17.745971680,0.056350817,,ok
Darwin-arm64,Apple M2 Pro,clang-17.0.0 (clang-1700.0.13.5),SM4-128,ref,gcm,512,12,4504000,262144,17.181396484,0.058202487,,ok
Darwin-arm64,Apple M2 Pro,clang-17.0.0 (clang-1700.0.13.5),SM4-128,ref,gcm,512,13,4496000,262144,17.150878906,0.058306050,,ok
Darwin-arm64,Apple M2 Pro,clang-17.0.0 (clang-1700.0.13.5),SM4-128,ref,gcm,512,14,4560000,262144,17.395019531,0.057487719,,ok
Darwin-arm64,Apple M2 Pro,clang-17.0.0 (clang-1700.0.13.5),SM4-128,ref,gcm,512,15,4564000,262144,17.410278320,0.057437336,,ok
Darwin-arm64,Apple M2 Pro,clang-17.0.0 (clang-1700.0.13.5),SM4-128,ref,gcm,4096,1,4515000,262144,17.223358154,0.058060687,,ok
Darwin-arm64,Apple M2 Pro,clang-17.0.0 (clang-1700.0.13.5),SM4-128,ref,gcm,4096,2,4380000,262144,16.708374023,0.059850228,,ok
Darwin-arm64,Apple M2 Pro,clang-17.0.0 (clang-1700.0.13.5),SM4-128,ref,gcm,4096,3,4235000,262144,16.155242920,0.061899410,,ok
Darwin-arm64,Apple M2 Pro,clang-17.0.0 (clang-1700.0.13.5),SM4-128,ref,gcm,4096,4,4398000,262144,16.777038574,0.059605275,,ok
Darwin-arm64,Apple M2 Pro,clang-17.0.0 (clang-1700.0.13.5),SM4-128,ref,gcm,4096,5,4257000,262144,16.239166260,0.061579516,,ok
Darwin-arm64,Apple M2 Pro,clang-17.0.0 (clang-1700.0.13.5),SM4-128,ref,gcm,4096,6,4327000,262144,16.506195068,0.060583314,,ok
Darwin-arm64,Apple M2 Pro,clang-17.0.0 (clang-1700.0.13.5),SM4-128,ref,gcm,4096,7,4403000,262144,16.796112061,0.059537588,,ok
Darwin-arm64,Apple M2 Pro,clang-17.0.0 (clang-1700.0.13.5),SM4-128,ref,gcm,4096,8,4254000,262144,16.227722168,0.061622943,,ok
Darwin-arm64,Apple M2 Pro,clang-17.0.0 (clang-1700.0.13.5),SM4-128,ref,gcm,4096,9,4274000,262144,16.304016113,0.061334581,,ok
Darwin-arm64,Apple M2 Pro,clang-17.0.0 (clang-1700.0.13.5),SM4-128,ref,gcm,4096,10,4291000,262144,16.368865967,0.061091587,,ok
Darwin-arm64,Apple M2 Pro,clang-17.0.0 (clang-1700.0.13.5),SM4-128,ref,gcm,4096,11,4483000,262144,17.101287842,0.058475128,,ok
Darwin-arm64,Apple M2 Pro,clang-17.0.0 (clang-1700.0.13.5),SM4-128,ref,gcm,4096,12,4357000,262144,16.620635986,0.060166169,,ok
Darwin-arm64,Apple M2 Pro,clang-17.0.0 (clang-1700.0.13.5),SM4-128,ref,gcm,4096,13,4251000,262144,16.216278076,0.061666431,,ok
Darwin-arm64,Apple M2 Pro,clang-17.0.0 (clang-1700.0.13.5),SM4-128,ref,gcm,4096,14,4241000,262144,16.178131104,0.061811837,,ok
Darwin-arm64,Apple M2 Pro,clang-17.0.0 (clang-1700.0.13.5),SM4-128,ref,gcm,4096,15,4334000,262144,16.532897949,0.060485464,,ok
Darwin-arm64,Apple M2 Pro,clang-17.0.0 (clang-1700.0.13.5),SM4-128,ref,gcm,8192,1,4314000,262144,16.456604004,0.060765879,,ok
Darwin-arm64,Apple M2 Pro,clang-17.0.0 (clang-1700.0.13.5),SM4-128,ref,gcm,8192,2,4289000,262144,16.361236572,0.061120075,,ok
Darwin-arm64,Apple M2 Pro,clang-17.0.0 (clang-1700.0.13.5),SM4-128,ref,gcm,8192,3,4464000,262144,17.028808594,0.058724014,,ok
Darwin-arm64,Apple M2 Pro,clang-17.0.0 (clang-1700.0.13.5),SM4-128,ref,gcm,8192,4,4207000,262144,16.048431396,0.062311386,,ok
Darwin-arm64,Apple M2 Pro,clang-17.0.0 (clang-1700.0.13.5),SM4-128,ref,gcm,8192,5,4415000,262144,16.841888428,0.059375764,,ok
Darwin-arm64,Apple M2 Pro,clang-17.0.0 (clang-1700.0.13.5),SM4-128,ref,gcm,8192,6,4337000,262144,16.544342041,0.060443625,,ok
Darwin-arm64,Apple M2 Pro,clang-17.0.0 (clang-1700.0.13.5),SM4-128,ref,gcm,8192,7,4300000,262144,16.403198242,0.060963721,,ok
Darwin-arm64,Apple M2 Pro,clang-17.0.0 (clang-1700.0.13.5),SM4-128,ref,gcm,8192,8,4326000,262144,16.502380371,0.060597319,,ok
Darwin-arm64,Apple M2 Pro,clang-17.0.0 (clang-1700.0.13.5),SM4-128,ref,gcm,8192,9,4359000,262144,16.628265381,0.060138564,,ok
Darwin-arm64,Apple M2 Pro,clang-17.0.0 (clang-1700.0.13.5),SM4-128,ref,gcm,8192,10,4334000,262144,16.532897949,0.060485464,,ok
Darwin-arm64,Apple M2 Pro,clang-17.0.0 (clang-1700.0.13.5),SM4-128,ref,gcm,8192,11,4233000,262144,16.147613525,0.061928656,,ok
Darwin-arm64,Apple M2 Pro,clang-17.0.0 (clang-1700.0.13.5),SM4-128,ref,gcm,8192,12,4308000,262144,16.433715820,0.060850511,,ok
Darwin-arm64,Apple M2 Pro,clang-17.0.0 (clang-1700.0.13.5),SM4-128,ref,gcm,8192,13,4438000,262144,16.929626465,0.059068049,,ok
Darwin-arm64,Apple M2 Pro,clang-17.0.0 (clang-1700.0.13.5),SM4-128,ref,gcm,8192,14,4313000,262144,16.452789307,0.060779968,,ok
Darwin-arm64,Apple M2 Pro,clang-17.0.0 (clang-1700.0.13.5),SM4-128,ref,gcm,8192,15,4378000,262144,16.700744629,0.059877570,,ok
Darwin-arm64,Apple M2 Pro,clang-17.0.0 (clang-1700.0.13.5),SM4-128,ref,gcm,65536,1,4276000,262144,16.311645508,0.061305893,,ok
Darwin-arm64,Apple M2 Pro,clang-17.0.0 (clang-1700.0.13.5),SM4-128,ref,gcm,65536,2,4552000,262144,17.364501953,0.057588752,,ok
Darwin-arm64,Apple M2 Pro,clang-17.0.0 (clang-1700.0.13.5),SM4-128,ref,gcm,65536,3,4441000,262144,16.941070557,0.059028147,,ok
Darwin-arm64,Apple M2 Pro,clang-17.0.0 (clang-1700.0.13.5),SM4-128,ref,gcm,65536,4,4733000,262144,18.054962158,0.055386436,,ok
Darwin-arm64,Apple M2 Pro,clang-17.0.0 (clang-1700.0.13.5),SM4-128,ref,gcm,65536,5,4251000,262144,16.216278076,0.061666431,,ok
Darwin-arm64,Apple M2 Pro,clang-17.0.0 (clang-1700.0.13.5),SM4-128,ref,gcm,65536,6,4987000,262144,19.023895264,0.052565470,,ok
Darwin-arm64,Apple M2 Pro,clang-17.0.0 (clang-1700.0.13.5),SM4-128,ref,gcm,65536,7,4515000,262144,17.223358154,0.058060687,,ok
Darwin-arm64,Apple M2 Pro,clang-17.0.0 (clang-1700.0.13.5),SM4-128,ref,gcm,65536,8,4431000,262144,16.902923584,0.059161363,,ok
Darwin-arm64,Apple M2 Pro,clang-17.0.0 (clang-1700.0.13.5),SM4-128,ref,gcm,65536,9,4266000,262144,16.273498535,0.061449602,,ok
Darwin-arm64,Apple M2 Pro,clang-17.0.0 (clang-1700.0.13.5),SM4-128,ref,gcm,65536,10,4306000,262144,16.426086426,0.060878774,,ok
Darwin-arm64,Apple M2 Pro,clang-17.0.0 (clang-1700.0.13.5),SM4-128,ref,gcm,65536,11,4244000,262144,16.189575195,0.061768143,,ok
Darwin-arm64,Apple M2 Pro,clang-17.0.0 (clang-1700.0.13.5),SM4-128,ref,gcm,65536,12,4279000,262144,16.323089600,0.061262912,,ok
Darwin-arm64,Apple M2 Pro,clang-17.0.0 (clang-1700.0.13.5),SM4-128,ref,gcm,65536,13,4502000,262144,17.173767090,0.058228343,,ok
Darwin-arm64,Apple M2 Pro,clang-17.0.0 (clang-1700.0.13.5),SM4-128,ref,gcm,65536,14,4609000,262144,17.581939697,0.056876546,,ok
Darwin-arm64,Apple M2 Pro,clang-17.0.0 (clang-1700.0.13.5),SM4-128,ref,gcm,65536,15,4343000,262144,16.567230225,0.060360120,,ok
Darwin-arm64,Apple M2 Pro,clang-17.0.0 (clang-1700.0.13.5),SM4-128,ref,gcm,1048576,1,17735000,1048576,16.913414001,0.059124669,,ok
Darwin-arm64,Apple M2 Pro,clang-17.0.0 (clang-1700.0.13.5),SM4-128,ref,gcm,1048576,2,17348000,1048576,16.544342041,0.060443625,,ok
Darwin-arm64,Apple M2 Pro,clang-17.0.0 (clang-1700.0.13.5),SM4-128,ref,gcm,1048576,3,18342000,1048576,17.492294312,0.057168030,,ok
Darwin-arm64,Apple M2 Pro,clang-17.0.0 (clang-1700.0.13.5),SM4-128,ref,gcm,1048576,4,18938000,1048576,18.060684204,0.055368888,,ok
Darwin-arm64,Apple M2 Pro,clang-17.0.0 (clang-1700.0.13.5),SM4-128,ref,gcm,1048576,5,18107000,1048576,17.268180847,0.057909980,,ok
Darwin-arm64,Apple M2 Pro,clang-17.0.0 (clang-1700.0.13.5),SM4-128,ref,gcm,1048576,6,17865000,1048576,17.037391663,0.058694430,,ok
Darwin-arm64,Apple M2 Pro,clang-17.0.0 (clang-1700.0.13.5),SM4-128,ref,gcm,1048576,7,17363000,1048576,16.558647156,0.060391407,,ok
Darwin-arm64,Apple M2 Pro,clang-17.0.0 (clang-1700.0.13.5),SM4-128,ref,gcm,1048576,8,18640000,1048576,17.776489258,0.056254077,,ok
Darwin-arm64,Apple M2 Pro,clang-17.0.0 (clang-1700.0.13.5),SM4-128,ref,gcm,1048576,9,17475000,1048576,16.665458679,0.060004349,,ok
Darwin-arm64,Apple M2 Pro,clang-17.0.0 (clang-1700.0.13.5),SM4-128,ref,gcm,1048576,10,18370000,1048576,17.518997192,0.057080893,,ok
Darwin-arm64,Apple M2 Pro,clang-17.0.0 (clang-1700.0.13.5),SM4-128,ref,gcm,1048576,11,18963000,1048576,18.084526062,0.055295892,,ok
Darwin-arm64,Apple M2 Pro,clang-17.0.0 (clang-1700.0.13.5),SM4-128,ref,gcm,1048576,12,17631000,1048576,16.814231873,0.059473427,,ok
Darwin-arm64,Apple M2 Pro,clang-17.0.0 (clang-1700.0.13.5),SM4-128,ref,gcm,1048576,13,17472000,1048576,16.662597656,0.060014652,,ok
Darwin-arm64,Apple M2 Pro,clang-17.0.0 (clang-1700.0.13.5),SM4-128,ref,gcm,1048576,14,18481000,1048576,17.624855042,0.056738055,,ok
Darwin-arm64,Apple M2 Pro,clang-17.0.0 (clang-1700.0.13.5),SM4-128,ref,gcm,1048576,15,18275000,1048576,17.428398132,0.057377620,,ok
Darwin-arm64,Apple M2 Pro,clang-17.0.0 (clang-1700.0.13.5),AES-128,aes-hw,xts,64,1,337000,262144,1.285552979,0.777875371,,ok
Darwin-arm64,Apple M2 Pro,clang-17.0.0 (clang-1700.0.13.5),AES-128,aes-hw,xts,64,2,315000,262144,1.201629639,0.832203175,,ok
Darwin-arm64,Apple M2 Pro,clang-17.0.0 (clang-1700.0.13.5),AES-128,aes-hw,xts,64,3,318000,262144,1.213073730,0.824352201,,ok
Darwin-arm64,Apple M2 Pro,clang-17.0.0 (clang-1700.0.13.5),AES-128,aes-hw,xts,64,4,319000,262144,1.216888428,0.821768025,,ok
Darwin-arm64,Apple M2 Pro,clang-17.0.0 (clang-1700.0.13.5),AES-128,aes-hw,xts,64,5,336000,262144,1.281738281,0.780190476,,ok
Darwin-arm64,Apple M2 Pro,clang-17.0.0 (clang-1700.0.13.5),AES-128,aes-hw,xts,64,6,323000,262144,1.232147217,0.811591331,,ok
Darwin-arm64,Apple M2 Pro,clang-17.0.0 (clang-1700.0.13.5),AES-128,aes-hw,xts,64,7,326000,262144,1.243591309,0.804122699,,ok
Darwin-arm64,Apple M2 Pro,clang-17.0.0 (clang-1700.0.13.5),AES-128,aes-hw,xts,64,8,395000,262144,1.506805420,0.663655696,,ok
Darwin-arm64,Apple M2 Pro,clang-17.0.0 (clang-1700.0.13.5),AES-128,aes-hw,xts,64,9,351000,262144,1.338958740,0.746849003,,ok
Darwin-arm64,Apple M2 Pro,clang-17.0.0 (clang-1700.0.13.5),AES-128,aes-hw,xts,64,10,321000,262144,1.224517822,0.816647975,,ok
Darwin-arm64,Apple M2 Pro,clang-17.0.0 (clang-1700.0.13.5),AES-128,aes-hw,xts,64,11,323000,262144,1.232147217,0.811591331,,ok
Darwin-arm64,Apple M2 Pro,clang-17.0.0 (clang-1700.0.13.5),AES-128,aes-hw,xts,64,12,322000,262144,1.228332520,0.814111801,,ok
Darwin-arm64,Apple M2 Pro,clang-17.0.0 (clang-1700.0.13.5),AES-128,aes-hw,xts,64,13,321000,262144,1.224517822,0.816647975,,ok
Darwin-arm64,Apple M2 Pro,clang-17.0.0 (clang-1700.0.13.5),AES-128,aes-hw,xts,64,14,314000,262144,1.197814941,0.834853503,,ok
Darwin-arm64,Apple M2 Pro,clang-17.0.0 (clang-1700.0.13.5),AES-128,aes-hw,xts,64,15,314000,262144,1.197814941,0.834853503,,ok
Darwin-arm64,Apple M2 Pro,clang-17.0.0 (clang-1700.0.13.5),AES-128,aes-hw,xts,512,1,209000,262144,0.797271729,1.254277512,,ok
Darwin-arm64,Apple M2 Pro,clang-17.0.0 (clang-1700.0.13.5),AES-128,aes-hw,xts,512,2,208000,262144,0.793457031,1.260307692,,ok
Darwin-arm64,Apple M2 Pro,clang-17.0.0 (clang-1700.0.13.5),AES-128,aes-hw,xts,512,3,208000,262144,0.793457031,1.260307692,,ok
Darwin-arm64,Apple M2 Pro,clang-17.0.0 (clang-1700.0.13.5),AES-128,aes-hw,xts,512,4,209000,262144,0.797271729,1.254277512,,ok
Darwin-arm64,Apple M2 Pro,clang-17.0.0 (clang-1700.0.13.5),AES-128,aes-hw,xts,512,5,221000,262144,0.843048096,1.186171946,,ok
Darwin-arm64,Apple M2 Pro,clang-17.0.0 (clang-1700.0.13.5),AES-128,aes-hw,xts,512,6,206000,262144,0.785827637,1.272543689,,ok
Darwin-arm64,Apple M2 Pro,clang-17.0.0 (clang-1700.0.13.5),AES-128,aes-hw,xts,512,7,242000,262144,0.923156738,1.083239669,,ok
Darwin-arm64,Apple M2 Pro,clang-17.0.0 (clang-1700.0.13.5),AES-128,aes-hw,xts,512,8,199000,262144,0.759124756,1.317306533,,ok
Darwin-arm64,Apple M2 Pro,clang-17.0.0 (clang-1700.0.13.5),AES-128,aes-hw,xts,512,9,200000,262144,0.762939453,1.310720000,,ok
Darwin-arm64,Apple M2 Pro,clang-17.0.0 (clang-1700.0.13.5),AES-128,aes-hw,xts,512,10,198000,262144,0.755310059,1.323959596,,ok
Darwin-arm64,Apple M2 Pro,clang-17.0.0 (clang-1700.0.13.5),AES-128,aes-hw,xts,512,11,226000,262144,0.862121582,1.159929204,,ok
Darwin-arm64,Apple M2 Pro,clang-17.0.0 (clang-1700.0.13.5),AES-128,aes-hw,xts,512,12,196000,262144,0.747680664,1.337469388,,ok
Darwin-arm64,Apple M2 Pro,clang-17.0.0 (clang-1700.0.13.5),AES-128,aes-hw,xts,512,13,204000,262144,0.778198242,1.285019608,,ok
Darwin-arm64,Apple M2 Pro,clang-17.0.0 (clang-1700.0.13.5),AES-128,aes-hw,xts,512,14,198000,262144,0.755310059,1.323959596,,ok
Darwin-arm64,Apple M2 Pro,clang-17.0.0 (clang-1700.0.13.5),AES-128,aes-hw,xts,512,15,195000,262144,0.743865967,1.344328205,,ok
Darwin-arm64,Apple M2 Pro,clang-17.0.0 (clang-1700.0.13.5),AES-128,aes-hw,xts,4096,1,212000,262144,0.808715820,1.236528302,,ok
Darwin-arm64,Apple M2 Pro,clang-17.0.0 (clang-1700.0.13.5),AES-128,aes-hw,xts,4096,2,205000,262144,0.782012939,1.278751220,,ok
Darwin-arm64,Apple M2 Pro,clang-17.0.0 (clang-1700.0.13.5),AES-128,aes-hw,xts,4096,3,222000,262144,0.846862793,1.180828829,,ok
Darwin-arm64,Apple M2 Pro,clang-17.0.0 (clang-1700.0.13.5),AES-128,aes-hw,xts,4096,4,200000,262144,0.762939453,1.310720000,,ok
Darwin-arm64,Apple M2 Pro,clang-17.0.0 (clang-1700.0.13.5),AES-128,aes-hw,xts,4096,5,180000,262144,0.686645508,1.456355556,,ok
Darwin-arm64,Apple M2 Pro,clang-17.0.0 (clang-1700.0.13.5),AES-128,aes-hw,xts,4096,6,178000,262144,0.679016113,1.472719101,,ok
Darwin-arm64,Apple M2 Pro,clang-17.0.0 (clang-1700.0.13.5),AES-128,aes-hw,xts,4096,7,180000,262144,0.686645508,1.456355556,,ok
Darwin-arm64,Apple M2 Pro,clang-17.0.0 (clang-1700.0.13.5),AES-128,aes-hw,xts,4096,8,180000,262144,0.686645508,1.456355556,,ok
Darwin-arm64,Apple M2 Pro,clang-17.0.0 (clang-1700.0.13.5),AES-128,aes-hw,xts,4096,9,179000,262144,0.682830811,1.464491620,,ok
Darwin-arm64,Apple M2 Pro,clang-17.0.0 (clang-1700.0.13.5),AES-128,aes-hw,xts,4096,10,179000,262144,0.682830811,1.464491620,,ok
Darwin-arm64,Apple M2 Pro,clang-17.0.0 (clang-1700.0.13.5),AES-128,aes-hw,xts,4096,11,180000,262144,0.686645508,1.456355556,,ok
Darwin-arm64,Apple M2 Pro,clang-17.0.0 (clang-1700.0.13.5),AES-128,aes-hw,xts,4096,12,179000,262144,0.682830811,1.464491620,,ok
Darwin-arm64,Apple M2 Pro,clang-17.0.0 (clang-1700.0.13.5),AES-128,aes-hw,xts,4096,13,179000,262144,0.682830811,1.464491620,,ok
Darwin-arm64,Apple M2 Pro,clang-17.0.0 (clang-1700.0.13.5),AES-128,aes-hw,xts,4096,14,180000,262144,0.686645508,1.456355556,,ok
Darwin-arm64,Apple M2 Pro,clang-17.0.0 (clang-1700.0.13.5),AES-128,aes-hw,xts,4096,15,180000,262144,0.686645508,1.456355556,,ok
Darwin-arm64,Apple M2 Pro,clang-17.0.0 (clang-1700.0.13.5),AES-128,aes-hw,xts,8192,1,178000,262144,0.679016113,1.472719101,,ok
Darwin-arm64,Apple M2 Pro,clang-17.0.0 (clang-1700.0.13.5),AES-128,aes-hw,xts,8192,2,178000,262144,0.679016113,1.472719101,,ok
Darwin-arm64,Apple M2 Pro,clang-17.0.0 (clang-1700.0.13.5),AES-128,aes-hw,xts,8192,3,179000,262144,0.682830811,1.464491620,,ok
Darwin-arm64,Apple M2 Pro,clang-17.0.0 (clang-1700.0.13.5),AES-128,aes-hw,xts,8192,4,178000,262144,0.679016113,1.472719101,,ok
Darwin-arm64,Apple M2 Pro,clang-17.0.0 (clang-1700.0.13.5),AES-128,aes-hw,xts,8192,5,179000,262144,0.682830811,1.464491620,,ok
Darwin-arm64,Apple M2 Pro,clang-17.0.0 (clang-1700.0.13.5),AES-128,aes-hw,xts,8192,6,179000,262144,0.682830811,1.464491620,,ok
Darwin-arm64,Apple M2 Pro,clang-17.0.0 (clang-1700.0.13.5),AES-128,aes-hw,xts,8192,7,185000,262144,0.705718994,1.416994595,,ok
Darwin-arm64,Apple M2 Pro,clang-17.0.0 (clang-1700.0.13.5),AES-128,aes-hw,xts,8192,8,189000,262144,0.720977783,1.387005291,,ok
Darwin-arm64,Apple M2 Pro,clang-17.0.0 (clang-1700.0.13.5),AES-128,aes-hw,xts,8192,9,189000,262144,0.720977783,1.387005291,,ok
Darwin-arm64,Apple M2 Pro,clang-17.0.0 (clang-1700.0.13.5),AES-128,aes-hw,xts,8192,10,189000,262144,0.720977783,1.387005291,,ok
Darwin-arm64,Apple M2 Pro,clang-17.0.0 (clang-1700.0.13.5),AES-128,aes-hw,xts,8192,11,190000,262144,0.724792480,1.379705263,,ok
Darwin-arm64,Apple M2 Pro,clang-17.0.0 (clang-1700.0.13.5),AES-128,aes-hw,xts,8192,12,199000,262144,0.759124756,1.317306533,,ok
Darwin-arm64,Apple M2 Pro,clang-17.0.0 (clang-1700.0.13.5),AES-128,aes-hw,xts,8192,13,216000,262144,0.823974609,1.213629630,,ok
Darwin-arm64,Apple M2 Pro,clang-17.0.0 (clang-1700.0.13.5),AES-128,aes-hw,xts,8192,14,176000,262144,0.671386719,1.489454545,,ok
Darwin-arm64,Apple M2 Pro,clang-17.0.0 (clang-1700.0.13.5),AES-128,aes-hw,xts,8192,15,182000,262144,0.694274902,1.440351648,,ok
Darwin-arm64,Apple M2 Pro,clang-17.0.0 (clang-1700.0.13.5),AES-128,aes-hw,xts,65536,1,189000,262144,0.720977783,1.387005291,,ok
Darwin-arm64,Apple M2 Pro,clang-17.0.0 (clang-1700.0.13.5),AES-128,aes-hw,xts,65536,2,190000,262144,0.724792480,1.379705263,,ok
Darwin-arm64,Apple M2 Pro,clang-17.0.0 (clang-1700.0.13.5),AES-128,aes-hw,xts,65536,3,191000,262144,0.728607178,1.372481675,,ok
Darwin-arm64,Apple M2 Pro,clang-17.0.0 (clang-1700.0.13.5),AES-128,aes-hw,xts,65536,4,208000,262144,0.793457031,1.260307692,,ok
Darwin-arm64,Apple M2 Pro,clang-17.0.0 (clang-1700.0.13.5),AES-128,aes-hw,xts,65536,5,195000,262144,0.743865967,1.344328205,,ok
Darwin-arm64,Apple M2 Pro,clang-17.0.0 (clang-1700.0.13.5),AES-128,aes-hw,xts,65536,6,179000,262144,0.682830811,1.464491620,,ok
Darwin-arm64,Apple M2 Pro,clang-17.0.0 (clang-1700.0.13.5),AES-128,aes-hw,xts,65536,7,192000,262144,0.732421875,1.365333333,,ok
Darwin-arm64,Apple M2 Pro,clang-17.0.0 (clang-1700.0.13.5),AES-128,aes-hw,xts,65536,8,179000,262144,0.682830811,1.464491620,,ok
Darwin-arm64,Apple M2 Pro,clang-17.0.0 (clang-1700.0.13.5),AES-128,aes-hw,xts,65536,9,180000,262144,0.686645508,1.456355556,,ok
Darwin-arm64,Apple M2 Pro,clang-17.0.0 (clang-1700.0.13.5),AES-128,aes-hw,xts,65536,10,182000,262144,0.694274902,1.440351648,,ok
Darwin-arm64,Apple M2 Pro,clang-17.0.0 (clang-1700.0.13.5),AES-128,aes-hw,xts,65536,11,178000,262144,0.679016113,1.472719101,,ok
Darwin-arm64,Apple M2 Pro,clang-17.0.0 (clang-1700.0.13.5),AES-128,aes-hw,xts,65536,12,180000,262144,0.686645508,1.456355556,,ok
Darwin-arm64,Apple M2 Pro,clang-17.0.0 (clang-1700.0.13.5),AES-128,aes-hw,xts,65536,13,180000,262144,0.686645508,1.456355556,,ok
Darwin-arm64,Apple M2 Pro,clang-17.0.0 (clang-1700.0.13.5),AES-128,aes-hw,xts,65536,14,206000,262144,0.785827637,1.272543689,,ok
Darwin-arm64,Apple M2 Pro,clang-17.0.0 (clang-1700.0.13.5),AES-128,aes-hw,xts,65536,15,209000,262144,0.797271729,1.254277512,,ok
Darwin-arm64,Apple M2 Pro,clang-17.0.0 (clang-1700.0.13.5),AES-128,aes-hw,xts,1048576,1,728000,1048576,0.694274902,1.440351648,,ok
Darwin-arm64,Apple M2 Pro,clang-17.0.0 (clang-1700.0.13.5),AES-128,aes-hw,xts,1048576,2,734000,1048576,0.699996948,1.428577657,,ok
Darwin-arm64,Apple M2 Pro,clang-17.0.0 (clang-1700.0.13.5),AES-128,aes-hw,xts,1048576,3,764000,1048576,0.728607178,1.372481675,,ok
Darwin-arm64,Apple M2 Pro,clang-17.0.0 (clang-1700.0.13.5),AES-128,aes-hw,xts,1048576,4,892000,1048576,0.850677490,1.175533632,,ok
Darwin-arm64,Apple M2 Pro,clang-17.0.0 (clang-1700.0.13.5),AES-128,aes-hw,xts,1048576,5,732000,1048576,0.698089600,1.432480874,,ok
Darwin-arm64,Apple M2 Pro,clang-17.0.0 (clang-1700.0.13.5),AES-128,aes-hw,xts,1048576,6,718000,1048576,0.684738159,1.460412256,,ok
Darwin-arm64,Apple M2 Pro,clang-17.0.0 (clang-1700.0.13.5),AES-128,aes-hw,xts,1048576,7,713000,1048576,0.679969788,1.470653576,,ok
Darwin-arm64,Apple M2 Pro,clang-17.0.0 (clang-1700.0.13.5),AES-128,aes-hw,xts,1048576,8,734000,1048576,0.699996948,1.428577657,,ok
Darwin-arm64,Apple M2 Pro,clang-17.0.0 (clang-1700.0.13.5),AES-128,aes-hw,xts,1048576,9,732000,1048576,0.698089600,1.432480874,,ok
Darwin-arm64,Apple M2 Pro,clang-17.0.0 (clang-1700.0.13.5),AES-128,aes-hw,xts,1048576,10,713000,1048576,0.679969788,1.470653576,,ok
Darwin-arm64,Apple M2 Pro,clang-17.0.0 (clang-1700.0.13.5),AES-128,aes-hw,xts,1048576,11,714000,1048576,0.680923462,1.468593838,,ok
Darwin-arm64,Apple M2 Pro,clang-17.0.0 (clang-1700.0.13.5),AES-128,aes-hw,xts,1048576,12,747000,1048576,0.712394714,1.403716198,,ok
Darwin-arm64,Apple M2 Pro,clang-17.0.0 (clang-1700.0.13.5),AES-128,aes-hw,xts,1048576,13,743000,1048576,0.708580017,1.411273217,,ok
Darwin-arm64,Apple M2 Pro,clang-17.0.0 (clang-1700.0.13.5),AES-128,aes-hw,xts,1048576,14,783000,1048576,0.746726990,1.339177522,,ok
Darwin-arm64,Apple M2 Pro,clang-17.0.0 (clang-1700.0.13.5),AES-128,aes-hw,xts,1048576,15,754000,1048576,0.719070435,1.390684350,,ok
Darwin-arm64,Apple M2 Pro,clang-17.0.0 (clang-1700.0.13.5),AES-128,aes-hw,xts-dec,64,1,323000,262144,1.232147217,0.811591331,,ok
Darwin-arm64,Apple M2 Pro,clang-17.0.0 (clang-1700.0.13.5),AES-128,aes-hw,xts-dec,64,2,327000,262144,1.247406006,0.801663609,,ok
Darwin-arm64,Apple M2 Pro,clang-17.0.0 (clang-1700.0.13.5),AES-128,aes-hw,xts-dec,64,3,334000,262144,1.274108887,0.784862275,,ok
Darwin-arm64,Apple M2 Pro,clang-17.0.0 (clang-1700.0.13.5),AES-128,aes-hw,xts-dec,64,4,323000,262144,1.232147217,0.811591331,,ok
Darwin-arm64,Apple M2 Pro,clang-17.0.0 (clang-1700.0.13.5),AES-128,aes-hw,xts-dec,64,5,322000,262144,1.228332520,0.814111801,,ok
Darwin-arm64,Apple M2 Pro,clang-17.0.0 (clang-1700.0.13.5),AES-128,aes-hw,xts-dec,64,6,322000,262144,1.228332520,0.814111801,,ok
Darwin-arm64,Apple M2 Pro,clang-17.0.0 (clang-1700.0.13.5),AES-128,aes-hw,xts-dec,64,7,383000,262144,1.461029053,0.684449086,,ok
Darwin-arm64,Apple M2 Pro,clang-17.0.0 (clang-1700.0.13.5),AES-128,aes-hw,xts-dec,64,8,359000,262144,1.369476318,0.730206128,,ok
Darwin-arm64,Apple M2 Pro,clang-17.0.0 (clang-1700.0.13.5),AES-128,aes-hw,xts-dec,64,9,344000,262144,1.312255859,0.762046512,,ok
Darwin-arm64,Apple M2 Pro,clang-17.0.0 (clang-1700.0.13.5),AES-128,aes-hw,xts-dec,64,10,335000,262144,1.277923584,0.782519403,,ok
Darwin-arm64,Apple M2 Pro,clang-17.0.0 (clang-1700.0.13.5),AES-128,aes-hw,xts-dec,64,11,326000,262144,1.243591309,0.804122699,,ok
Darwin-arm64,Apple M2 Pro,clang-17.0.0 (clang-1700.0.13.5),AES-128,aes-hw,xts-dec,64,12,323000,262144,1.232147217,0.811591331,,ok
Darwin-arm64,Apple M2 Pro,clang-17.0.0 (clang-1700.0.13.5),AES-128,aes-hw,xts-dec,64,13,322000,262144,1.228332520,0.814111801,,ok
Darwin-arm64,Apple M2 Pro,clang-17.0.0 (clang-1700.0.13.5),AES-128,aes-hw,xts-dec,64,14,322000,262144,1.228332520,0.814111801,,ok
Darwin-arm64,Apple M2 Pro,clang-17.0.0 (clang-1700.0.13.5),AES-128,aes-hw,xts-dec,64,15,322000,262144,1.228332520,0.814111801,,ok
Darwin-arm64,Apple M2 Pro,clang-17.0.0 (clang-1700.0.13.5),AES-128,aes-hw,xts-dec,512,1,211000,262144,0.804901123,1.242388626,,ok
Darwin-arm64,Apple M2 Pro,clang-17.0.0 (clang-1700.0.13.5),AES-128,aes-hw,xts-dec,512,2,213000,262144,0.812530518,1.230723005,,ok
Darwin-arm64,Apple M2 Pro,clang-17.0.0 (clang-1700.0.13.5),AES-128,aes-hw,xts-dec,512,3,209000,262144,0.797271729,1.254277512,,ok
Darwin-arm64,Apple M2 Pro,clang-17.0.0 (clang-1700.0.13.5),AES-128,aes-hw,xts-dec,512,4,211000,262144,0.804901123,1.242388626,,ok
Darwin-arm64,Apple M2 Pro,clang-17.0.0 (clang-1700.0.13.5),AES-128,aes-hw,xts-dec,512,5,231000,262144,0.881195068,1.134822511,,ok
Darwin-arm64,Apple M2 Pro,clang-17.0.0 (clang-1700.0.13.5),AES-128,aes-hw,xts-dec,512,6,314000,262144,1.197814941,0.834853503,,ok
Darwin-arm64,Apple M2 Pro,clang-17.0.0 (clang-1700.0.13.5),AES-128,aes-hw,xts-dec,512,7,202000,262144,0.770568848,1.297742574,,ok
Darwin-arm64,Apple M2 Pro,clang-17.0.0 (clang-1700.0.13.5),AES-128,aes-hw,xts-dec,512,8,202000,262144,0.770568848,1.297742574,,ok
Darwin-arm64,Apple M2 Pro,clang-17.0.0 (clang-1700.0.13.5),AES-128,aes-hw,xts-dec,512,9,227000,262144,0.865936279,1.154819383,,ok
Darwin-arm64,Apple M2 Pro,clang-17.0.0 (clang-1700.0.13.5),AES-128,aes-hw,xts-dec,512,10,202000,262144,0.770568848,1.297742574,,ok
Darwin-arm64,Apple M2 Pro,clang-17.0.0 (clang-1700.0.13.5),AES-128,aes-hw,xts-dec,512,11,203000,262144,0.774383545,1.291349754,,ok
Darwin-arm64,Apple M2 Pro,clang-17.0.0 (clang-1700.0.13.5),AES-128,aes-hw,xts-dec,512,12,225000,262144,0.858306885,1.165084444,,ok
Darwin-arm64,Apple M2 Pro,clang-17.0.0 (clang-1700.0.13.5),AES-128,aes-hw,xts-dec,512,13,206000,262144,0.785827637,1.272543689,,ok
Darwin-arm64,Apple M2 Pro,clang-17.0.0 (clang-1700.0.13.5),AES-128,aes-hw,xts-dec,512,14,201000,262144,0.766754150,1.304199005,,ok
Darwin-arm64,Apple M2 Pro,clang-17.0.0 (clang-1700.0.13.5),AES-128,aes-hw,xts-dec,512,15,202000,262144,0.770568848,1.297742574,,ok
Darwin-arm64,Apple M2 Pro,clang-17.0.0 (clang-1700.0.13.5),AES-128,aes-hw,xts-dec,4096,1,197000,262144,0.751495361,1.330680203,,ok
Darwin-arm64,Apple M2 Pro,clang-17.0.0 (clang-1700.0.13.5),AES-128,aes-hw,xts-dec,4096,2,206000,262144,0.785827637,1.272543689,,ok
Darwin-arm64,Apple M2 Pro,clang-17.0.0 (clang-1700.0.13.5),AES-128,aes-hw,xts-dec,4096,3,192000,262144,0.732421875,1.365333333,,ok
Darwin-arm64,Apple M2 Pro,clang-17.0.0 (clang-1700.0.13.5),AES-128,aes-hw,xts-dec,4096,4,188000,262144,0.717163086,1.394382979,,ok
Darwin-arm64,Apple M2 Pro,clang-17.0.0 (clang-1700.0.13.5),AES-128,aes-hw,xts-dec,4096,5,189000,262144,0.720977783,1.387005291,,ok
Darwin-arm64,Apple M2 Pro,clang-17.0.0 (clang-1700.0.13.5),AES-128,aes-hw,xts-dec,4096,6,188000,262144,0.717163086,1.394382979,,ok
Darwin-arm64,Apple M2 Pro,clang-17.0.0 (clang-1700.0.13.5),AES-128,aes-hw,xts-dec,4096,7,188000,262144,0.717163086,1.394382979,,ok
Darwin-arm64,Apple M2 Pro,clang-17.0.0 (clang-1700.0.13.5),AES-128,aes-hw,xts-dec,4096,8,188000,262144,0.717163086,1.394382979,,ok
Darwin-arm64,Apple M2 Pro,clang-17.0.0 (clang-1700.0.13.5),AES-128,aes-hw,xts-dec,4096,9,189000,262144,0.720977783,1.387005291,,ok
Darwin-arm64,Apple M2 Pro,clang-17.0.0 (clang-1700.0.13.5),AES-128,aes-hw,xts-dec,4096,10,188000,262144,0.717163086,1.394382979,,ok
Darwin-arm64,Apple M2 Pro,clang-17.0.0 (clang-1700.0.13.5),AES-128,aes-hw,xts-dec,4096,11,188000,262144,0.717163086,1.394382979,,ok
Darwin-arm64,Apple M2 Pro,clang-17.0.0 (clang-1700.0.13.5),AES-128,aes-hw,xts-dec,4096,12,188000,262144,0.717163086,1.394382979,,ok
Darwin-arm64,Apple M2 Pro,clang-17.0.0 (clang-1700.0.13.5),AES-128,aes-hw,xts-dec,4096,13,189000,262144,0.720977783,1.387005291,,ok
Darwin-arm64,Apple M2 Pro,clang-17.0.0 (clang-1700.0.13.5),AES-128,aes-hw,xts-dec,4096,14,188000,262144,0.717163086,1.394382979,,ok
Darwin-arm64,Apple M2 Pro,clang-17.0.0 (clang-1700.0.13.5),AES-128,aes-hw,xts-dec,4096,15,189000,262144,0.720977783,1.387005291,,ok
Darwin-arm64,Apple M2 Pro,clang-17.0.0 (clang-1700.0.13.5),AES-128,aes-hw,xts-dec,8192,1,186000,262144,0.709533691,1.409376344,,ok
Darwin-arm64,Apple M2 Pro,clang-17.0.0 (clang-1700.0.13.5),AES-128,aes-hw,xts-dec,8192,2,187000,262144,0.713348389,1.401839572,,ok
Darwin-arm64,Apple M2 Pro,clang-17.0.0 (clang-1700.0.13.5),AES-128,aes-hw,xts-dec,8192,3,187000,262144,0.713348389,1.401839572,,ok
Darwin-arm64,Apple M2 Pro,clang-17.0.0 (clang-1700.0.13.5),AES-128,aes-hw,xts-dec,8192,4,187000,262144,0.713348389,1.401839572,,ok
Darwin-arm64,Apple M2 Pro,clang-17.0.0 (clang-1700.0.13.5),AES-128,aes-hw,xts-dec,8192,5,187000,262144,0.713348389,1.401839572,,ok
Darwin-arm64,Apple M2 Pro,clang-17.0.0 (clang-1700.0.13.5),AES-128,aes-hw,xts-dec,8192,6,187000,262144,0.713348389,1.401839572,,ok
Darwin-arm64,Apple M2 Pro,clang-17.0.0 (clang-1700.0.13.5),AES-128,aes-hw,xts-dec,8192,7,187000,262144,0.713348389,1.401839572,,ok
Darwin-arm64,Apple M2 Pro,clang-17.0.0 (clang-1700.0.13.5),AES-128,aes-hw,xts-dec,8192,8,186000,262144,0.709533691,1.409376344,,ok
Darwin-arm64,Apple M2 Pro,clang-17.0.0 (clang-1700.0.13.5),AES-128,aes-hw,xts-dec,8192,9,197000,262144,0.751495361,1.330680203,,ok
Darwin-arm64,Apple M2 Pro,clang-17.0.0 (clang-1700.0.13.5),AES-128,aes-hw,xts-dec,8192,10,203000,262144,0.774383545,1.291349754,,ok
Darwin-arm64,Apple M2 Pro,clang-17.0.0 (clang-1700.0.13.5),AES-128,aes-hw,xts-dec,8192,11,194000,262144,0.740051270,1.351257732,,ok
Darwin-arm64,Apple M2 Pro,clang-17.0.0 (clang-1700.0.13.5),AES-128,aes-hw,xts-dec,8192,12,190000,262144,0.724792480,1.379705263,,ok
Darwin-arm64,Apple M2 Pro,clang-17.0.0 (clang-1700.0.13.5),AES-128,aes-hw,xts-dec,8192,13,186000,262144,0.709533691,1.409376344,,ok
Darwin-arm64,Apple M2 Pro,clang-17.0.0 (clang-1700.0.13.5),AES-128,aes-hw,xts-dec,8192,14,193000,262144,0.736236572,1.358259067,,ok
Darwin-arm64,Apple M2 Pro,clang-17.0.0 (clang-1700.0.13.5),AES-128,aes-hw,xts-dec,8192,15,192000,262144,0.732421875,1.365333333,,ok
Darwin-arm64,Apple M2 Pro,clang-17.0.0 (clang-1700.0.13.5),AES-128,aes-hw,xts-dec,65536,1,188000,262144,0.717163086,1.394382979,,ok
Darwin-arm64,Apple M2 Pro,clang-17.0.0 (clang-1700.0.13.5),AES-128,aes-hw,xts-dec,65536,2,188000,262144,0.717163086,1.394382979,,ok
Darwin-arm64,Apple M2 Pro,clang-17.0.0 (clang-1700.0.13.5),AES-128,aes-hw,xts-dec,65536,3,190000,262144,0.724792480,1.379705263,,ok
Darwin-arm64,Apple M2 Pro,clang-17.0.0 (clang-1700.0.13.5),AES-128,aes-hw,xts-dec,65536,4,212000,262144,0.808715820,1.236528302,,ok
Darwin-arm64,Apple M2 Pro,clang-17.0.0 (clang-1700.0.13.5),AES-128,aes-hw,xts-dec,65536,5,191000,262144,0.728607178,1.372481675,,ok
Darwin-arm64,Apple M2 Pro,clang-17.0.0 (clang-1700.0.13.5),AES-128,aes-hw,xts-dec,65536,6,187000,262144,0.713348389,1.401839572,,ok
Darwin-arm64,Apple M2 Pro,clang-17.0.0 (clang-1700.0.13.5),AES-128,aes-hw,xts-dec,65536,7,187000,262144,0.713348389,1.401839572,,ok
Darwin-arm64,Apple M2 Pro,clang-17.0.0 (clang-1700.0.13.5),AES-128,aes-hw,xts-dec,65536,8,189000,262144,0.720977783,1.387005291,,ok
Darwin-arm64,Apple M2 Pro,clang-17.0.0 (clang-1700.0.13.5),AES-128,aes-hw,xts-dec,65536,9,189000,262144,0.720977783,1.387005291,,ok
Darwin-arm64,Apple M2 Pro,clang-17.0.0 (clang-1700.0.13.5),AES-128,aes-hw,xts-dec,65536,10,194000,262144,0.740051270,1.351257732,,ok
Darwin-arm64,Apple M2 Pro,clang-17.0.0 (clang-1700.0.13.5),AES-128,aes-hw,xts-dec,65536,11,191000,262144,0.728607178,1.372481675,,ok
Darwin-arm64,Apple M2 Pro,clang-17.0.0 (clang-1700.0.13.5),AES-128,aes-hw,xts-dec,65536,12,189000,262144,0.720977783,1.387005291,,ok
Darwin-arm64,Apple M2 Pro,clang-17.0.0 (clang-1700.0.13.5),AES-128,aes-hw,xts-dec,65536,13,204000,262144,0.778198242,1.285019608,,ok
Darwin-arm64,Apple M2 Pro,clang-17.0.0 (clang-1700.0.13.5),AES-128,aes-hw,xts-dec,65536,14,196000,262144,0.747680664,1.337469388,,ok
Darwin-arm64,Apple M2 Pro,clang-17.0.0 (clang-1700.0.13.5),AES-128,aes-hw,xts-dec,65536,15,219000,262144,0.835418701,1.197004566,,ok
Darwin-arm64,Apple M2 Pro,clang-17.0.0 (clang-1700.0.13.5),AES-128,aes-hw,xts-dec,1048576,1,758000,1048576,0.722885132,1.383345646,,ok
Darwin-arm64,Apple M2 Pro,clang-17.0.0 (clang-1700.0.13.5),AES-128,aes-hw,xts-dec,1048576,2,782000,1048576,0.745773315,1.340890026,,ok
Darwin-arm64,Apple M2 Pro,clang-17.0.0 (clang-1700.0.13.5),AES-128,aes-hw,xts-dec,1048576,3,756000,1048576,0.720977783,1.387005291,,ok
Darwin-arm64,Apple M2 Pro,clang-17.0.0 (clang-1700.0.13.5),AES-128,aes-hw,xts-dec,1048576,4,771000,1048576,0.735282898,1.360020752,,ok
Darwin-arm64,Apple M2 Pro,clang-17.0.0 (clang-1700.0.13.5),AES-128,aes-hw,xts-dec,1048576,5,776000,1048576,0.740051270,1.351257732,,ok
Darwin-arm64,Apple M2 Pro,clang-17.0.0 (clang-1700.0.13.5),AES-128,aes-hw,xts-dec,1048576,6,763000,1048576,0.727653503,1.374280472,,ok
Darwin-arm64,Apple M2 Pro,clang-17.0.0 (clang-1700.0.13.5),AES-128,aes-hw,xts-dec,1048576,7,746000,1048576,0.711441040,1.405597855,,ok
Darwin-arm64,Apple M2 Pro,clang-17.0.0 (clang-1700.0.13.5),AES-128,aes-hw,xts-dec,1048576,8,742000,1048576,0.707626343,1.413175202,,ok
Darwin-arm64,Apple M2 Pro,clang-17.0.0 (clang-1700.0.13.5),AES-128,aes-hw,xts-dec,1048576,9,746000,1048576,0.711441040,1.405597855,,ok
Darwin-arm64,Apple M2 Pro,clang-17.0.0 (clang-1700.0.13.5),AES-128,aes-hw,xts-dec,1048576,10,744000,1048576,0.709533691,1.409376344,,ok
Darwin-arm64,Apple M2 Pro,clang-17.0.0 (clang-1700.0.13.5),AES-128,aes-hw,xts-dec,1048576,11,747000,1048576,0.712394714,1.403716198,,ok
Darwin-arm64,Apple M2 Pro,clang-17.0.0 (clang-1700.0.13.5),AES-128,aes-hw,xts-dec,1048576,12,773000,1048576,0.737190247,1.356501940,,ok
Darwin-arm64,Apple M2 Pro,clang-17.0.0 (clang-1700.0.13.5),AES-128,aes-hw,xts-dec,1048576,13,773000,1048576,0.737190247,1.356501940,,ok
Darwin-arm64,Apple M2 Pro,clang-17.0.0 (clang-1700.0.13.5),AES-128,aes-hw,xts-dec,1048576,14,743000,1048576,0.708580017,1.411273217,,ok
Darwin-arm64,Apple M2 Pro,clang-17.0.0 (clang-1700.0.13.5),AES-128,aes-hw,xts-dec,1048576,15,749000,1048576,0.714302063,1.399967957,,ok
Darwin-arm64,Apple M2 Pro,clang-17.0.0 (clang-1700.0.13.5),SM4-128,ref,xts-ieee,64,1,5534000,262144,21.110534668,0.047369714,,ok
Darwin-arm64,Apple M2 Pro,clang-17.0.0 (clang-1700.0.13.5),SM4-128,ref,xts-ieee,64,2,5399000,262144,20.595550537,0.048554177,,ok
Darwin-arm64,Apple M2 Pro,clang-17.0.0 (clang-1700.0.13.5),SM4-128,ref,xts-ieee,64,3,5370000,262144,20.484924316,0.048816387,,ok
Darwin-arm64,Apple M2 Pro,clang-17.0.0 (clang-1700.0.13.5),SM4-128,ref,xts-ieee,64,4,5493000,262144,20.954132080,0.047723284,,ok
Darwin-arm64,Apple M2 Pro,clang-17.0.0 (clang-1700.0.13.5),SM4-128,ref,xts-ieee,64,5,5407000,262144,20.626068115,0.048482338,,ok
Darwin-arm64,Apple M2 Pro,clang-17.0.0 (clang-1700.0.13.5),SM4-128,ref,xts-ieee,64,6,5498000,262144,20.973205566,0.047679884,,ok
Darwin-arm64,Apple M2 Pro,clang-17.0.0 (clang-1700.0.13.5),SM4-128,ref,xts-ieee,64,7,5379000,262144,20.519256592,0.048734709,,ok
Darwin-arm64,Apple M2 Pro,clang-17.0.0 (clang-1700.0.13.5),SM4-128,ref,xts-ieee,64,8,5386000,262144,20.545959473,0.048671370,,ok
Darwin-arm64,Apple M2 Pro,clang-17.0.0 (clang-1700.0.13.5),SM4-128,ref,xts-ieee,64,9,5336000,262144,20.355224609,0.049127436,,ok
Darwin-arm64,Apple M2 Pro,clang-17.0.0 (clang-1700.0.13.5),SM4-128,ref,xts-ieee,64,10,5485000,262144,20.923614502,0.047792890,,ok
Darwin-arm64,Apple M2 Pro,clang-17.0.0 (clang-1700.0.13.5),SM4-128,ref,xts-ieee,64,11,5315000,262144,20.275115967,0.049321543,,ok
Darwin-arm64,Apple M2 Pro,clang-17.0.0 (clang-1700.0.13.5),SM4-128,ref,xts-ieee,64,12,5338000,262144,20.362854004,0.049109030,,ok
Darwin-arm64,Apple M2 Pro,clang-17.0.0 (clang-1700.0.13.5),SM4-128,ref,xts-ieee,64,13,5485000,262144,20.923614502,0.047792890,,ok
Darwin-arm64,Apple M2 Pro,clang-17.0.0 (clang-1700.0.13.5),SM4-128,ref,xts-ieee,64,14,5304000,262144,20.233154297,0.049423831,,ok
Darwin-arm64,Apple M2 Pro,clang-17.0.0 (clang-1700.0.13.5),SM4-128,ref,xts-ieee,64,15,5304000,262144,20.233154297,0.049423831,,ok
Darwin-arm64,Apple M2 Pro,clang-17.0.0 (clang-1700.0.13.5),SM4-128,ref,xts-ieee,512,1,4339000,262144,16.551971436,0.060415764,,ok
Darwin-arm64,Apple M2 Pro,clang-17.0.0 (clang-1700.0.13.5),SM4-128,ref,xts-ieee,512,2,4418000,262144,16.853332520,0.059335446,,ok
Darwin-arm64,Apple M2 Pro,clang-17.0.0 (clang-1700.0.13.5),SM4-128,ref,xts-ieee,512,3,4433000,262144,16.910552979,0.059134672,,ok
Darwin-arm64,Apple M2 Pro,clang-17.0.0 (clang-1700.0.13.5),SM4-128,ref,xts-ieee,512,4,4315000,262144,16.460418701,0.060751796,,ok
Darwin-arm64,Apple M2 Pro,clang-17.0.0 (clang-1700.0.13.5),SM4-128,ref,xts-ieee,512,5,4490000,262144,17.127990723,0.058383964,,ok
Darwin-arm64,Apple M2 Pro,clang-17.0.0 (clang-1700.0.13.5),SM4-128,ref,xts-ieee,512,6,4423000,262144,16.872406006,0.059268370,,ok
Darwin-arm64,Apple M2 Pro,clang-17.0.0 (clang-1700.0.13.5),SM4-128,ref,xts-ieee,512,7,4325000,262144,16.498565674,0.060611329,,ok
Darwin-arm64,Apple M2 Pro,clang-17.0.0 (clang-1700.0.13.5),SM4-128,ref,xts-ieee,512,8,4314000,262144,16.456604004,0.060765879,,ok
Darwin-arm64,Apple M2 Pro,clang-17.0.0 (clang-1700.0.13.5),SM4-128,ref,xts-ieee,512,9,4490000,262144,17.127990723,0.058383964,,ok
Darwin-arm64,Apple M2 Pro,clang-17.0.0 (clang-1700.0.13.5),SM4-128,ref,xts-ieee,512,10,4619000,262144,17.620086670,0.056753410,,ok
Darwin-arm64,Apple M2 Pro,clang-17.0.0 (clang-1700.0.13.5),SM4-128,ref,xts-ieee,512,11,4332000,262144,16.525268555,0.060513389,,ok
Darwin-arm64,Apple M2 Pro,clang-17.0.0 (clang-1700.0.13.5),SM4-128,ref,xts-ieee,512,12,4334000,262144,16.532897949,0.060485464,,ok
Darwin-arm64,Apple M2 Pro,clang-17.0.0 (clang-1700.0.13.5),SM4-128,ref,xts-ieee,512,13,4354000,262144,16.609191895,0.060207625,,ok
Darwin-arm64,Apple M2 Pro,clang-17.0.0 (clang-1700.0.13.5),SM4-128,ref,xts-ieee,512,14,4464000,262144,17.028808594,0.058724014,,ok
Darwin-arm64,Apple M2 Pro,clang-17.0.0 (clang-1700.0.13.5),SM4-128,ref,xts-ieee,512,15,4314000,262144,16.456604004,0.060765879,,ok
Darwin-arm64,Apple M2 Pro,clang-17.0.0 (clang-1700.0.13.5),SM4-128,ref,xts-ieee,4096,1,4251000,262144,16.216278076,0.061666431,,ok
Darwin-arm64,Apple M2 Pro,clang-17.0.0 (clang-1700.0.13.5),SM4-128,ref,xts-ieee,4096,2,4202000,262144,16.029357910,0.062385531,,ok
Darwin-arm64,Apple M2 Pro,clang-17.0.0 (clang-1700.0.13.5),SM4-128,ref,xts-ieee,4096,3,4317000,262144,16.468048096,0.060723651,,ok
Darwin-arm64,Apple M2 Pro,clang-17.0.0 (clang-1700.0.13.5),SM4-128,ref,xts-ieee,4096,4,4294000,262144,16.380310059,0.061048905,,ok
Darwin-arm64,Apple M2 Pro,clang-17.0.0 (clang-1700.0.13.5),SM4-128,ref,xts-ieee,4096,5,4199000,262144,16.017913818,0.062430102,,ok
Darwin-arm64,Apple M2 Pro,clang-17.0.0 (clang-1700.0.13.5),SM4-128,ref,xts-ieee,4096,6,4263000,262144,16.262054443,0.061492845,,ok
Darwin-arm64,Apple M2 Pro,clang-17.0.0 (clang-1700.0.13.5),SM4-128,ref,xts-ieee,4096,7,4328000,262144,16.510009766,0.060569316,,ok
Darwin-arm64,Apple M2 Pro,clang-17.0.0 (clang-1700.0.13.5),SM4-128,ref,xts-ieee,4096,8,4258000,262144,16.242980957,0.061565054,,ok
Darwin-arm64,Apple M2 Pro,clang-17.0.0 (clang-1700.0.13.5),SM4-128,ref,xts-ieee,4096,9,4301000,262144,16.407012939,0.060949547,,ok
Darwin-arm64,Apple M2 Pro,clang-17.0.0 (clang-1700.0.13.5),SM4-128,ref,xts-ieee,4096,10,4242000,262144,16.181945801,0.061797265,,ok
Darwin-arm64,Apple M2 Pro,clang-17.0.0 (clang-1700.0.13.5),SM4-128,ref,xts-ieee,4096,11,4412000,262144,16.830444336,0.059416138,,ok
Darwin-arm64,Apple M2 Pro,clang-17.0.0 (clang-1700.0.13.5),SM4-128,ref,xts-ieee,4096,12,4211000,262144,16.063690186,0.062252197,,ok
Darwin-arm64,Apple M2 Pro,clang-17.0.0 (clang-1700.0.13.5),SM4-128,ref,xts-ieee,4096,13,4292000,262144,16.372680664,0.061077353,,ok
Darwin-arm64,Apple M2 Pro,clang-17.0.0 (clang-1700.0.13.5),SM4-128,ref,xts-ieee,4096,14,4318000,262144,16.471862793,0.060709588,,ok
Darwin-arm64,Apple M2 Pro,clang-17.0.0 (clang-1700.0.13.5),SM4-128,ref,xts-ieee,4096,15,4339000,262144,16.551971436,0.060415764,,ok
Darwin-arm64,Apple M2 Pro,clang-17.0.0 (clang-1700.0.13.5),SM4-128,ref,xts-ieee,8192,1,4397000,262144,16.773223877,0.059618831,,ok
Darwin-arm64,Apple M2 Pro,clang-17.0.0 (clang-1700.0.13.5),SM4-128,ref,xts-ieee,8192,2,4193000,262144,15.995025635,0.062519437,,ok
Darwin-arm64,Apple M2 Pro,clang-17.0.0 (clang-1700.0.13.5),SM4-128,ref,xts-ieee,8192,3,4170000,262144,15.907287598,0.062864269,,ok
Darwin-arm64,Apple M2 Pro,clang-17.0.0 (clang-1700.0.13.5),SM4-128,ref,xts-ieee,8192,4,4331000,262144,16.521453857,0.060527361,,ok
Darwin-arm64,Apple M2 Pro,clang-17.0.0 (clang-1700.0.13.5),SM4-128,ref,xts-ieee,8192,5,4298000,262144,16.395568848,0.060992089,,ok
Darwin-arm64,Apple M2 Pro,clang-17.0.0 (clang-1700.0.13.5),SM4-128,ref,xts-ieee,8192,6,4300000,262144,16.403198242,0.060963721,,ok
Darwin-arm64,Apple M2 Pro,clang-17.0.0 (clang-1700.0.13.5),SM4-128,ref,xts-ieee,8192,7,4215000,262144,16.078948975,0.062193120,,ok
Darwin-arm64,Apple M2 Pro,clang-17.0.0 (clang-1700.0.13.5),SM4-128,ref,xts-ieee,8192,8,4258000,262144,16.242980957,0.061565054,,ok
Darwin-arm64,Apple M2 Pro,clang-17.0.0 (clang-1700.0.13.5),SM4-128,ref,xts-ieee,8192,9,4288000,262144,16.357421875,0.061134328,,ok
Darwin-arm64,Apple M2 Pro,clang-17.0.0 (clang-1700.0.13.5),SM4-128,ref,xts-ieee,8192,10,4323000,262144,16.490936279,0.060639371,,ok
Darwin-arm64,Apple M2 Pro,clang-17.0.0 (clang-1700.0.13.5),SM4-128,ref,xts-ieee,8192,11,4214000,262144,16.075134277,0.062207879,,ok
Darwin-arm64,Apple M2 Pro,clang-17.0.0 (clang-1700.0.13.5),SM4-128,ref,xts-ieee,8192,12,4319000,262144,16.475677490,0.060695531,,ok
Darwin-arm64,Apple M2 Pro,clang-17.0.0 (clang-1700.0.13.5),SM4-128,ref,xts-ieee,8192,13,4287000,262144,16.353607178,0.061148589,,ok
Darwin-arm64,Apple M2 Pro,clang-17.0.0 (clang-1700.0.13.5),SM4-128,ref,xts-ieee,8192,14,4307000,262144,16.429901123,0.060864639,,ok
Darwin-arm64,Apple M2 Pro,clang-17.0.0 (clang-1700.0.13.5),SM4-128,ref,xts-ieee,8192,15,4249000,262144,16.208648682,0.061695458,,ok
Darwin-arm64,Apple M2 Pro,clang-17.0.0 (clang-1700.0.13.5),SM4-128,ref,xts-ieee,65536,1,4268000,262144,16.281127930,0.061420806,,ok
Darwin-arm64,Apple M2 Pro,clang-17.0.0 (clang-1700.0.13.5),SM4-128,ref,xts-ieee,65536,2,4457000,262144,17.002105713,0.058816244,,ok
Darwin-arm64,Apple M2 Pro,clang-17.0.0 (clang-1700.0.13.5),SM4-128,ref,xts-ieee,65536,3,4195000,262144,16.002655029,0.062489631,,ok
Darwin-arm64,Apple M2 Pro,clang-17.0.0 (clang-1700.0.13.5),SM4-128,ref,xts-ieee,65536,4,4205000,262144,16.040802002,0.062341023,,ok
Darwin-arm64,Apple M2 Pro,clang-17.0.0 (clang-1700.0.13.5),SM4-128,ref,xts-ieee,65536,5,4194000,262144,15.998840332,0.062504530,,ok
Darwin-arm64,Apple M2 Pro,clang-17.0.0 (clang-1700.0.13.5),SM4-128,ref,xts-ieee,65536,6,4240000,262144,16.174316406,0.061826415,,ok
Darwin-arm64,Apple M2 Pro,clang-17.0.0 (clang-1700.0.13.5),SM4-128,ref,xts-ieee,65536,7,4308000,262144,16.433715820,0.060850511,,ok
Darwin-arm64,Apple M2 Pro,clang-17.0.0 (clang-1700.0.13.5),SM4-128,ref,xts-ieee,65536,8,4197000,262144,16.010284424,0.062459852,,ok
Darwin-arm64,Apple M2 Pro,clang-17.0.0 (clang-1700.0.13.5),SM4-128,ref,xts-ieee,65536,9,4228000,262144,16.128540039,0.062001892,,ok
Darwin-arm64,Apple M2 Pro,clang-17.0.0 (clang-1700.0.13.5),SM4-128,ref,xts-ieee,65536,10,4380000,262144,16.708374023,0.059850228,,ok
Darwin-arm64,Apple M2 Pro,clang-17.0.0 (clang-1700.0.13.5),SM4-128,ref,xts-ieee,65536,11,4252000,262144,16.220092773,0.061651929,,ok
Darwin-arm64,Apple M2 Pro,clang-17.0.0 (clang-1700.0.13.5),SM4-128,ref,xts-ieee,65536,12,4293000,262144,16.376495361,0.061063126,,ok
Darwin-arm64,Apple M2 Pro,clang-17.0.0 (clang-1700.0.13.5),SM4-128,ref,xts-ieee,65536,13,4299000,262144,16.399383545,0.060977902,,ok
Darwin-arm64,Apple M2 Pro,clang-17.0.0 (clang-1700.0.13.5),SM4-128,ref,xts-ieee,65536,14,4299000,262144,16.399383545,0.060977902,,ok
Darwin-arm64,Apple M2 Pro,clang-17.0.0 (clang-1700.0.13.5),SM4-128,ref,xts-ieee,65536,15,4179000,262144,15.941619873,0.062728883,,ok
Darwin-arm64,Apple M2 Pro,clang-17.0.0 (clang-1700.0.13.5),SM4-128,ref,xts-ieee,1048576,1,17276000,1048576,16.475677490,0.060695531,,ok
Darwin-arm64,Apple M2 Pro,clang-17.0.0 (clang-1700.0.13.5),SM4-128,ref,xts-ieee,1048576,2,17143000,1048576,16.348838806,0.061166424,,ok
Darwin-arm64,Apple M2 Pro,clang-17.0.0 (clang-1700.0.13.5),SM4-128,ref,xts-ieee,1048576,3,16910000,1048576,16.126632690,0.062009225,,ok
Darwin-arm64,Apple M2 Pro,clang-17.0.0 (clang-1700.0.13.5),SM4-128,ref,xts-ieee,1048576,4,17102000,1048576,16.309738159,0.061313063,,ok
Darwin-arm64,Apple M2 Pro,clang-17.0.0 (clang-1700.0.13.5),SM4-128,ref,xts-ieee,1048576,5,16918000,1048576,16.134262085,0.061979903,,ok
Darwin-arm64,Apple M2 Pro,clang-17.0.0 (clang-1700.0.13.5),SM4-128,ref,xts-ieee,1048576,6,17139000,1048576,16.345024109,0.061180699,,ok
Darwin-arm64,Apple M2 Pro,clang-17.0.0 (clang-1700.0.13.5),SM4-128,ref,xts-ieee,1048576,7,17039000,1048576,16.249656677,0.061539762,,ok
Darwin-arm64,Apple M2 Pro,clang-17.0.0 (clang-1700.0.13.5),SM4-128,ref,xts-ieee,1048576,8,17140000,1048576,16.345977783,0.061177130,,ok
Darwin-arm64,Apple M2 Pro,clang-17.0.0 (clang-1700.0.13.5),SM4-128,ref,xts-ieee,1048576,9,17232000,1048576,16.433715820,0.060850511,,ok
Darwin-arm64,Apple M2 Pro,clang-17.0.0 (clang-1700.0.13.5),SM4-128,ref,xts-ieee,1048576,10,17082000,1048576,16.290664673,0.061384850,,ok
Darwin-arm64,Apple M2 Pro,clang-17.0.0 (clang-1700.0.13.5),SM4-128,ref,xts-ieee,1048576,11,17088000,1048576,16.296386719,0.061363296,,ok
Darwin-arm64,Apple M2 Pro,clang-17.0.0 (clang-1700.0.13.5),SM4-128,ref,xts-ieee,1048576,12,16962000,1048576,16.176223755,0.061819125,,ok
Darwin-arm64,Apple M2 Pro,clang-17.0.0 (clang-1700.0.13.5),SM4-128,ref,xts-ieee,1048576,13,17283000,1048576,16.482353210,0.060670948,,ok
Darwin-arm64,Apple M2 Pro,clang-17.0.0 (clang-1700.0.13.5),SM4-128,ref,xts-ieee,1048576,14,17018000,1048576,16.229629517,0.061615701,,ok
Darwin-arm64,Apple M2 Pro,clang-17.0.0 (clang-1700.0.13.5),SM4-128,ref,xts-ieee,1048576,15,17233000,1048576,16.434669495,0.060846980,,ok
Darwin-arm64,Apple M2 Pro,clang-17.0.0 (clang-1700.0.13.5),SM4-128,ref,xts-gb,64,1,5395000,262144,20.580291748,0.048590176,,ok
Darwin-arm64,Apple M2 Pro,clang-17.0.0 (clang-1700.0.13.5),SM4-128,ref,xts-gb,64,2,5401000,262144,20.603179932,0.048536197,,ok
Darwin-arm64,Apple M2 Pro,clang-17.0.0 (clang-1700.0.13.5),SM4-128,ref,xts-gb,64,3,5362000,262144,20.454406738,0.048889220,,ok
Darwin-arm64,Apple M2 Pro,clang-17.0.0 (clang-1700.0.13.5),SM4-128,ref,xts-gb,64,4,5416000,262144,20.660400391,0.048401773,,ok
Darwin-arm64,Apple M2 Pro,clang-17.0.0 (clang-1700.0.13.5),SM4-128,ref,xts-gb,64,5,5324000,262144,20.309448242,0.049238167,,ok
Darwin-arm64,Apple M2 Pro,clang-17.0.0 (clang-1700.0.13.5),SM4-128,ref,xts-gb,64,6,5435000,262144,20.732879639,0.048232567,,ok
Darwin-arm64,Apple M2 Pro,clang-17.0.0 (clang-1700.0.13.5),SM4-128,ref,xts-gb,64,7,5493000,262144,20.954132080,0.047723284,,ok
Darwin-arm64,Apple M2 Pro,clang-17.0.0 (clang-1700.0.13.5),SM4-128,ref,xts-gb,64,8,5410000,262144,20.637512207,0.048455453,,ok
Darwin-arm64,Apple M2 Pro,clang-17.0.0 (clang-1700.0.13.5),SM4-128,ref,xts-gb,64,9,5295000,262144,20.198822021,0.049507838,,ok
Darwin-arm64,Apple M2 Pro,clang-17.0.0 (clang-1700.0.13.5),SM4-128,ref,xts-gb,64,10,5302000,262144,20.225524902,0.049442475,,ok
Darwin-arm64,Apple M2 Pro,clang-17.0.0 (clang-1700.0.13.5),SM4-128,ref,xts-gb,64,11,5293000,262144,20.191192627,0.049526544,,ok
Darwin-arm64,Apple M2 Pro,clang-17.0.0 (clang-1700.0.13.5),SM4-128,ref,xts-gb,64,12,5391000,262144,20.565032959,0.048626229,,ok
Darwin-arm64,Apple M2 Pro,clang-17.0.0 (clang-1700.0.13.5),SM4-128,ref,xts-gb,64,13,5363000,262144,20.458221436,0.048880104,,ok
Darwin-arm64,Apple M2 Pro,clang-17.0.0 (clang-1700.0.13.5),SM4-128,ref,xts-gb,64,14,5440000,262144,20.751953125,0.048188235,,ok
Darwin-arm64,Apple M2 Pro,clang-17.0.0 (clang-1700.0.13.5),SM4-128,ref,xts-gb,64,15,5311000,262144,20.259857178,0.049358690,,ok
Darwin-arm64,Apple M2 Pro,clang-17.0.0 (clang-1700.0.13.5),SM4-128,ref,xts-gb,512,1,4362000,262144,16.639709473,0.060097203,,ok
Darwin-arm64,Apple M2 Pro,clang-17.0.0 (clang-1700.0.13.5),SM4-128,ref,xts-gb,512,2,4455000,262144,16.994476318,0.058842649,,ok
Darwin-arm64,Apple M2 Pro,clang-17.0.0 (clang-1700.0.13.5),SM4-128,ref,xts-gb,512,3,4350000,262144,16.593933105,0.060262989,,ok
Darwin-arm64,Apple M2 Pro,clang-17.0.0 (clang-1700.0.13.5),SM4-128,ref,xts-gb,512,4,4380000,262144,16.708374023,0.059850228,,ok
Darwin-arm64,Apple M2 Pro,clang-17.0.0 (clang-1700.0.13.5),SM4-128,ref,xts-gb,512,5,4397000,262144,16.773223877,0.059618831,,ok
Darwin-arm64,Apple M2 Pro,clang-17.0.0 (clang-1700.0.13.5),SM4-128,ref,xts-gb,512,6,4626000,262144,17.646789551,0.056667531,,ok
Darwin-arm64,Apple M2 Pro,clang-17.0.0 (clang-1700.0.13.5),SM4-128,ref,xts-gb,512,7,4382000,262144,16.716003418,0.059822912,,ok
Darwin-arm64,Apple M2 Pro,clang-17.0.0 (clang-1700.0.13.5),SM4-128,ref,xts-gb,512,8,4365000,262144,16.651153564,0.060055899,,ok
Darwin-arm64,Apple M2 Pro,clang-17.0.0 (clang-1700.0.13.5),SM4-128,ref,xts-gb,512,9,4359000,262144,16.628265381,0.060138564,,ok
Darwin-arm64,Apple M2 Pro,clang-17.0.0 (clang-1700.0.13.5),SM4-128,ref,xts-gb,512,10,4467000,262144,17.040252686,0.058684576,,ok
Darwin-arm64,Apple M2 Pro,clang-17.0.0 (clang-1700.0.13.5),SM4-128,ref,xts-gb,512,11,4398000,262144,16.777038574,0.059605275,,ok
Darwin-arm64,Apple M2 Pro,clang-17.0.0 (clang-1700.0.13.5),SM4-128,ref,xts-gb,512,12,4348000,262144,16.586303711,0.060290708,,ok
Darwin-arm64,Apple M2 Pro,clang-17.0.0 (clang-1700.0.13.5),SM4-128,ref,xts-gb,512,13,4461000,262144,17.017364502,0.058763506,,ok
Darwin-arm64,Apple M2 Pro,clang-17.0.0 (clang-1700.0.13.5),SM4-128,ref,xts-gb,512,14,4369000,262144,16.666412354,0.060000916,,ok
Darwin-arm64,Apple M2 Pro,clang-17.0.0 (clang-1700.0.13.5),SM4-128,ref,xts-gb,512,15,4443000,262144,16.948699951,0.059001576,,ok
Darwin-arm64,Apple M2 Pro,clang-17.0.0 (clang-1700.0.13.5),SM4-128,ref,xts-gb,4096,1,4320000,262144,16.479492188,0.060681481,,ok
Darwin-arm64,Apple M2 Pro,clang-17.0.0 (clang-1700.0.13.5),SM4-128,ref,xts-gb,4096,2,4207000,262144,16.048431396,0.062311386,,ok
Darwin-arm64,Apple M2 Pro,clang-17.0.0 (clang-1700.0.13.5),SM4-128,ref,xts-gb,4096,3,4331000,262144,16.521453857,0.060527361,,ok
Darwin-arm64,Apple M2 Pro,clang-17.0.0 (clang-1700.0.13.5),SM4-128,ref,xts-gb,4096,4,4241000,262144,16.178131104,0.061811837,,ok
Darwin-arm64,Apple M2 Pro,clang-17.0.0 (clang-1700.0.13.5),SM4-128,ref,xts-gb,4096,5,4341000,262144,16.559600830,0.060387929,,ok
Darwin-arm64,Apple M2 Pro,clang-17.0.0 (clang-1700.0.13.5),SM4-128,ref,xts-gb,4096,6,4247000,262144,16.201019287,0.061724511,,ok
Darwin-arm64,Apple M2 Pro,clang-17.0.0 (clang-1700.0.13.5),SM4-128,ref,xts-gb,4096,7,4354000,262144,16.609191895,0.060207625,,ok
Darwin-arm64,Apple M2 Pro,clang-17.0.0 (clang-1700.0.13.5),SM4-128,ref,xts-gb,4096,8,4260000,262144,16.250610352,0.061536150,,ok
Darwin-arm64,Apple M2 Pro,clang-17.0.0 (clang-1700.0.13.5),SM4-128,ref,xts-gb,4096,9,4248000,262144,16.204833984,0.061709981,,ok
Darwin-arm64,Apple M2 Pro,clang-17.0.0 (clang-1700.0.13.5),SM4-128,ref,xts-gb,4096,10,4212000,262144,16.067504883,0.062237417,,ok
Darwin-arm64,Apple M2 Pro,clang-17.0.0 (clang-1700.0.13.5),SM4-128,ref,xts-gb,4096,11,4374000,262144,16.685485840,0.059932327,,ok
Darwin-arm64,Apple M2 Pro,clang-17.0.0 (clang-1700.0.13.5),SM4-128,ref,xts-gb,4096,12,4195000,262144,16.002655029,0.062489631,,ok
Darwin-arm64,Apple M2 Pro,clang-17.0.0 (clang-1700.0.13.5),SM4-128,ref,xts-gb,4096,13,4342000,262144,16.563415527,0.060374021,,ok
Darwin-arm64,Apple M2 Pro,clang-17.0.0 (clang-1700.0.13.5),SM4-128,ref,xts-gb,4096,14,4293000,262144,16.376495361,0.061063126,,ok
Darwin-arm64,Apple M2 Pro,clang-17.0.0 (clang-1700.0.13.5),SM4-128,ref,xts-gb,4096,15,4289000,262144,16.361236572,0.061120075,,ok
Darwin-arm64,Apple M2 Pro,clang-17.0.0 (clang-1700.0.13.5),SM4-128,ref,xts-gb,8192,1,4326000,262144,16.502380371,0.060597319,,ok
Darwin-arm64,Apple M2 Pro,clang-17.0.0 (clang-1700.0.13.5),SM4-128,ref,xts-gb,8192,2,4246000,262144,16.197204590,0.061739049,,ok
Darwin-arm64,Apple M2 Pro,clang-17.0.0 (clang-1700.0.13.5),SM4-128,ref,xts-gb,8192,3,4296000,262144,16.387939453,0.061020484,,ok
Darwin-arm64,Apple M2 Pro,clang-17.0.0 (clang-1700.0.13.5),SM4-128,ref,xts-gb,8192,4,4229000,262144,16.132354736,0.061987231,,ok
Darwin-arm64,Apple M2 Pro,clang-17.0.0 (clang-1700.0.13.5),SM4-128,ref,xts-gb,8192,5,4301000,262144,16.407012939,0.060949547,,ok
Darwin-arm64,Apple M2 Pro,clang-17.0.0 (clang-1700.0.13.5),SM4-128,ref,xts-gb,8192,6,4294000,262144,16.380310059,0.061048905,,ok
Darwin-arm64,Apple M2 Pro,clang-17.0.0 (clang-1700.0.13.5),SM4-128,ref,xts-gb,8192,7,4228000,262144,16.128540039,0.062001892,,ok
Darwin-arm64,Apple M2 Pro,clang-17.0.0 (clang-1700.0.13.5),SM4-128,ref,xts-gb,8192,8,4297000,262144,16.391754150,0.061006283,,ok
Darwin-arm64,Apple M2 Pro,clang-17.0.0 (clang-1700.0.13.5),SM4-128,ref,xts-gb,8192,9,4181000,262144,15.949249268,0.062698876,,ok
Darwin-arm64,Apple M2 Pro,clang-17.0.0 (clang-1700.0.13.5),SM4-128,ref,xts-gb,8192,10,4316000,262144,16.464233398,0.060737720,,ok
Darwin-arm64,Apple M2 Pro,clang-17.0.0 (clang-1700.0.13.5),SM4-128,ref,xts-gb,8192,11,4272000,262144,16.296386719,0.061363296,,ok
Darwin-arm64,Apple M2 Pro,clang-17.0.0 (clang-1700.0.13.5),SM4-128,ref,xts-gb,8192,12,4244000,262144,16.189575195,0.061768143,,ok
Darwin-arm64,Apple M2 Pro,clang-17.0.0 (clang-1700.0.13.5),SM4-128,ref,xts-gb,8192,13,4295000,262144,16.384124756,0.061034692,,ok
Darwin-arm64,Apple M2 Pro,clang-17.0.0 (clang-1700.0.13.5),SM4-128,ref,xts-gb,8192,14,4300000,262144,16.403198242,0.060963721,,ok
Darwin-arm64,Apple M2 Pro,clang-17.0.0 (clang-1700.0.13.5),SM4-128,ref,xts-gb,8192,15,4242000,262144,16.181945801,0.061797265,,ok
Darwin-arm64,Apple M2 Pro,clang-17.0.0 (clang-1700.0.13.5),SM4-128,ref,xts-gb,65536,1,4205000,262144,16.040802002,0.062341023,,ok
Darwin-arm64,Apple M2 Pro,clang-17.0.0 (clang-1700.0.13.5),SM4-128,ref,xts-gb,65536,2,4320000,262144,16.479492188,0.060681481,,ok
Darwin-arm64,Apple M2 Pro,clang-17.0.0 (clang-1700.0.13.5),SM4-128,ref,xts-gb,65536,3,4254000,262144,16.227722168,0.061622943,,ok
Darwin-arm64,Apple M2 Pro,clang-17.0.0 (clang-1700.0.13.5),SM4-128,ref,xts-gb,65536,4,4211000,262144,16.063690186,0.062252197,,ok
Darwin-arm64,Apple M2 Pro,clang-17.0.0 (clang-1700.0.13.5),SM4-128,ref,xts-gb,65536,5,4191000,262144,15.987396240,0.062549272,,ok
Darwin-arm64,Apple M2 Pro,clang-17.0.0 (clang-1700.0.13.5),SM4-128,ref,xts-gb,65536,6,4313000,262144,16.452789307,0.060779968,,ok
Darwin-arm64,Apple M2 Pro,clang-17.0.0 (clang-1700.0.13.5),SM4-128,ref,xts-gb,65536,7,4196000,262144,16.006469727,0.062474738,,ok
Darwin-arm64,Apple M2 Pro,clang-17.0.0 (clang-1700.0.13.5),SM4-128,ref,xts-gb,65536,8,4339000,262144,16.551971436,0.060415764,,ok
Darwin-arm64,Apple M2 Pro,clang-17.0.0 (clang-1700.0.13.5),SM4-128,ref,xts-gb,65536,9,4193000,262144,15.995025635,0.062519437,,ok
Darwin-arm64,Apple M2 Pro,clang-17.0.0 (clang-1700.0.13.5),SM4-128,ref,xts-gb,65536,10,4355000,262144,16.613006592,0.060193800,,ok
Darwin-arm64,Apple M2 Pro,clang-17.0.0 (clang-1700.0.13.5),SM4-128,ref,xts-gb,65536,11,4252000,262144,16.220092773,0.061651929,,ok
Darwin-arm64,Apple M2 Pro,clang-17.0.0 (clang-1700.0.13.5),SM4-128,ref,xts-gb,65536,12,4343000,262144,16.567230225,0.060360120,,ok
Darwin-arm64,Apple M2 Pro,clang-17.0.0 (clang-1700.0.13.5),SM4-128,ref,xts-gb,65536,13,4205000,262144,16.040802002,0.062341023,,ok
Darwin-arm64,Apple M2 Pro,clang-17.0.0 (clang-1700.0.13.5),SM4-128,ref,xts-gb,65536,14,4323000,262144,16.490936279,0.060639371,,ok
Darwin-arm64,Apple M2 Pro,clang-17.0.0 (clang-1700.0.13.5),SM4-128,ref,xts-gb,65536,15,4343000,262144,16.567230225,0.060360120,,ok
Darwin-arm64,Apple M2 Pro,clang-17.0.0 (clang-1700.0.13.5),SM4-128,ref,xts-gb,1048576,1,17263000,1048576,16.463279724,0.060741238,,ok
Darwin-arm64,Apple M2 Pro,clang-17.0.0 (clang-1700.0.13.5),SM4-128,ref,xts-gb,1048576,2,17243000,1048576,16.444206238,0.060811692,,ok
Darwin-arm64,Apple M2 Pro,clang-17.0.0 (clang-1700.0.13.5),SM4-128,ref,xts-gb,1048576,3,17130000,1048576,16.336441040,0.061212843,,ok
Darwin-arm64,Apple M2 Pro,clang-17.0.0 (clang-1700.0.13.5),SM4-128,ref,xts-gb,1048576,4,17221000,1048576,16.423225403,0.060889379,,ok
Darwin-arm64,Apple M2 Pro,clang-17.0.0 (clang-1700.0.13.5),SM4-128,ref,xts-gb,1048576,5,17139000,1048576,16.345024109,0.061180699,,ok
Darwin-arm64,Apple M2 Pro,clang-17.0.0 (clang-1700.0.13.5),SM4-128,ref,xts-gb,1048576,6,17254000,1048576,16.454696655,0.060772922,,ok
Darwin-arm64,Apple M2 Pro,clang-17.0.0 (clang-1700.0.13.5),SM4-128,ref,xts-gb,1048576,7,17152000,1048576,16.357421875,0.061134328,,ok
Darwin-arm64,Apple M2 Pro,clang-17.0.0 (clang-1700.0.13.5),SM4-128,ref,xts-gb,1048576,8,17029000,1048576,16.240119934,0.061575900,,ok
Darwin-arm64,Apple M2 Pro,clang-17.0.0 (clang-1700.0.13.5),SM4-128,ref,xts-gb,1048576,9,17135000,1048576,16.341209412,0.061194981,,ok
Darwin-arm64,Apple M2 Pro,clang-17.0.0 (clang-1700.0.13.5),SM4-128,ref,xts-gb,1048576,10,17054000,1048576,16.263961792,0.061485634,,ok
Darwin-arm64,Apple M2 Pro,clang-17.0.0 (clang-1700.0.13.5),SM4-128,ref,xts-gb,1048576,11,17156000,1048576,16.361236572,0.061120075,,ok
Darwin-arm64,Apple M2 Pro,clang-17.0.0 (clang-1700.0.13.5),SM4-128,ref,xts-gb,1048576,12,17068000,1048576,16.277313232,0.061435200,,ok
Darwin-arm64,Apple M2 Pro,clang-17.0.0 (clang-1700.0.13.5),SM4-128,ref,xts-gb,1048576,13,17218000,1048576,16.420364380,0.060899988,,ok
Darwin-arm64,Apple M2 Pro,clang-17.0.0 (clang-1700.0.13.5),SM4-128,ref,xts-gb,1048576,14,17184000,1048576,16.387939453,0.061020484,,ok
Darwin-arm64,Apple M2 Pro,clang-17.0.0 (clang-1700.0.13.5),SM4-128,ref,xts-gb,1048576,15,17308000,1048576,16.506195068,0.060583314,,ok
Darwin-arm64,Apple M2 Pro,clang-17.0.0 (clang-1700.0.13.5),SM4-128,ref,xts-gb-dec,64,1,5415000,262144,20.656585693,0.048410711,,ok
Darwin-arm64,Apple M2 Pro,clang-17.0.0 (clang-1700.0.13.5),SM4-128,ref,xts-gb-dec,64,2,5346000,262144,20.393371582,0.049035541,,ok
Darwin-arm64,Apple M2 Pro,clang-17.0.0 (clang-1700.0.13.5),SM4-128,ref,xts-gb-dec,64,3,5414000,262144,20.652770996,0.048419653,,ok
Darwin-arm64,Apple M2 Pro,clang-17.0.0 (clang-1700.0.13.5),SM4-128,ref,xts-gb-dec,64,4,5412000,262144,20.645141602,0.048437546,,ok
Darwin-arm64,Apple M2 Pro,clang-17.0.0 (clang-1700.0.13.5),SM4-128,ref,xts-gb-dec,64,5,5410000,262144,20.637512207,0.048455453,,ok
Darwin-arm64,Apple M2 Pro,clang-17.0.0 (clang-1700.0.13.5),SM4-128,ref,xts-gb-dec,64,6,5388000,262144,20.553588867,0.048653304,,ok
Darwin-arm64,Apple M2 Pro,clang-17.0.0 (clang-1700.0.13.5),SM4-128,ref,xts-gb-dec,64,7,5447000,262144,20.778656006,0.048126308,,ok
Darwin-arm64,Apple M2 Pro,clang-17.0.0 (clang-1700.0.13.5),SM4-128,ref,xts-gb-dec,64,8,5478000,262144,20.896911621,0.047853961,,ok
Darwin-arm64,Apple M2 Pro,clang-17.0.0 (clang-1700.0.13.5),SM4-128,ref,xts-gb-dec,64,9,5364000,262144,20.462036133,0.048870992,,ok
Darwin-arm64,Apple M2 Pro,clang-17.0.0 (clang-1700.0.13.5),SM4-128,ref,xts-gb-dec,64,10,5299000,262144,20.214080811,0.049470466,,ok
Darwin-arm64,Apple M2 Pro,clang-17.0.0 (clang-1700.0.13.5),SM4-128,ref,xts-gb-dec,64,11,5323000,262144,20.305633545,0.049247417,,ok
Darwin-arm64,Apple M2 Pro,clang-17.0.0 (clang-1700.0.13.5),SM4-128,ref,xts-gb-dec,64,12,5344000,262144,20.385742188,0.049053892,,ok
Darwin-arm64,Apple M2 Pro,clang-17.0.0 (clang-1700.0.13.5),SM4-128,ref,xts-gb-dec,64,13,5531000,262144,21.099090576,0.047395408,,ok
Darwin-arm64,Apple M2 Pro,clang-17.0.0 (clang-1700.0.13.5),SM4-128,ref,xts-gb-dec,64,14,5328000,262144,20.324707031,0.049201201,,ok
Darwin-arm64,Apple M2 Pro,clang-17.0.0 (clang-1700.0.13.5),SM4-128,ref,xts-gb-dec,64,15,5283000,262144,20.153045654,0.049620292,,ok
Darwin-arm64,Apple M2 Pro,clang-17.0.0 (clang-1700.0.13.5),SM4-128,ref,xts-gb-dec,512,1,4489000,262144,17.124176025,0.058396970,,ok
Darwin-arm64,Apple M2 Pro,clang-17.0.0 (clang-1700.0.13.5),SM4-128,ref,xts-gb-dec,512,2,4342000,262144,16.563415527,0.060374021,,ok
Darwin-arm64,Apple M2 Pro,clang-17.0.0 (clang-1700.0.13.5),SM4-128,ref,xts-gb-dec,512,3,4393000,262144,16.757965088,0.059673116,,ok
Darwin-arm64,Apple M2 Pro,clang-17.0.0 (clang-1700.0.13.5),SM4-128,ref,xts-gb-dec,512,4,4521000,262144,17.246246338,0.057983632,,ok
Darwin-arm64,Apple M2 Pro,clang-17.0.0 (clang-1700.0.13.5),SM4-128,ref,xts-gb-dec,512,5,4549000,262144,17.353057861,0.057626731,,ok
Darwin-arm64,Apple M2 Pro,clang-17.0.0 (clang-1700.0.13.5),SM4-128,ref,xts-gb-dec,512,6,4501000,262144,17.169952393,0.058241280,,ok
Darwin-arm64,Apple M2 Pro,clang-17.0.0 (clang-1700.0.13.5),SM4-128,ref,xts-gb-dec,512,7,4396000,262144,16.769409180,0.059632393,,ok
Darwin-arm64,Apple M2 Pro,clang-17.0.0 (clang-1700.0.13.5),SM4-128,ref,xts-gb-dec,512,8,4308000,262144,16.433715820,0.060850511,,ok
Darwin-arm64,Apple M2 Pro,clang-17.0.0 (clang-1700.0.13.5),SM4-128,ref,xts-gb-dec,512,9,4557000,262144,17.383575439,0.057525565,,ok
Darwin-arm64,Apple M2 Pro,clang-17.0.0 (clang-1700.0.13.5),SM4-128,ref,xts-gb-dec,512,10,4335000,262144,16.536712646,0.060471511,,ok
Darwin-arm64,Apple M2 Pro,clang-17.0.0 (clang-1700.0.13.5),SM4-128,ref,xts-gb-dec,512,11,4369000,262144,16.666412354,0.060000916,,ok
Darwin-arm64,Apple M2 Pro,clang-17.0.0 (clang-1700.0.13.5),SM4-128,ref,xts-gb-dec,512,12,4335000,262144,16.536712646,0.060471511,,ok
Darwin-arm64,Apple M2 Pro,clang-17.0.0 (clang-1700.0.13.5),SM4-128,ref,xts-gb-dec,512,13,4318000,262144,16.471862793,0.060709588,,ok
Darwin-arm64,Apple M2 Pro,clang-17.0.0 (clang-1700.0.13.5),SM4-128,ref,xts-gb-dec,512,14,4423000,262144,16.872406006,0.059268370,,ok
Darwin-arm64,Apple M2 Pro,clang-17.0.0 (clang-1700.0.13.5),SM4-128,ref,xts-gb-dec,512,15,4384000,262144,16.723632812,0.059795620,,ok
Darwin-arm64,Apple M2 Pro,clang-17.0.0 (clang-1700.0.13.5),SM4-128,ref,xts-gb-dec,4096,1,4219000,262144,16.094207764,0.062134155,,ok
Darwin-arm64,Apple M2 Pro,clang-17.0.0 (clang-1700.0.13.5),SM4-128,ref,xts-gb-dec,4096,2,4193000,262144,15.995025635,0.062519437,,ok
Darwin-arm64,Apple M2 Pro,clang-17.0.0 (clang-1700.0.13.5),SM4-128,ref,xts-gb-dec,4096,3,4342000,262144,16.563415527,0.060374021,,ok
Darwin-arm64,Apple M2 Pro,clang-17.0.0 (clang-1700.0.13.5),SM4-128,ref,xts-gb-dec,4096,4,4231000,262144,16.139984131,0.061957930,,ok
Darwin-arm64,Apple M2 Pro,clang-17.0.0 (clang-1700.0.13.5),SM4-128,ref,xts-gb-dec,4096,5,4533000,262144,17.292022705,0.057830135,,ok
Darwin-arm64,Apple M2 Pro,clang-17.0.0 (clang-1700.0.13.5),SM4-128,ref,xts-gb-dec,4096,6,4205000,262144,16.040802002,0.062341023,,ok
Darwin-arm64,Apple M2 Pro,clang-17.0.0 (clang-1700.0.13.5),SM4-128,ref,xts-gb-dec,4096,7,4333000,262144,16.529083252,0.060499423,,ok
Darwin-arm64,Apple M2 Pro,clang-17.0.0 (clang-1700.0.13.5),SM4-128,ref,xts-gb-dec,4096,8,4224000,262144,16.113281250,0.062060606,,ok
Darwin-arm64,Apple M2 Pro,clang-17.0.0 (clang-1700.0.13.5),SM4-128,ref,xts-gb-dec,4096,9,4344000,262144,16.571044922,0.060346225,,ok
Darwin-arm64,Apple M2 Pro,clang-17.0.0 (clang-1700.0.13.5),SM4-128,ref,xts-gb-dec,4096,10,4256000,262144,16.235351562,0.061593985,,ok
Darwin-arm64,Apple M2 Pro,clang-17.0.0 (clang-1700.0.13.5),SM4-128,ref,xts-gb-dec,4096,11,4283000,262144,16.338348389,0.061205697,,ok
Darwin-arm64,Apple M2 Pro,clang-17.0.0 (clang-1700.0.13.5),SM4-128,ref,xts-gb-dec,4096,12,4219000,262144,16.094207764,0.062134155,,ok
Darwin-arm64,Apple M2 Pro,clang-17.0.0 (clang-1700.0.13.5),SM4-128,ref,xts-gb-dec,4096,13,4309000,262144,16.437530518,0.060836389,,ok
Darwin-arm64,Apple M2 Pro,clang-17.0.0 (clang-1700.0.13.5),SM4-128,ref,xts-gb-dec,4096,14,4294000,262144,16.380310059,0.061048905,,ok
Darwin-arm64,Apple M2 Pro,clang-17.0.0 (clang-1700.0.13.5),SM4-128,ref,xts-gb-dec,4096,15,4302000,262144,16.410827637,0.060935379,,ok
Darwin-arm64,Apple M2 Pro,clang-17.0.0 (clang-1700.0.13.5),SM4-128,ref,xts-gb-dec,8192,1,4338000,262144,16.548156738,0.060429691,,ok
Darwin-arm64,Apple M2 Pro,clang-17.0.0 (clang-1700.0.13.5),SM4-128,ref,xts-gb-dec,8192,2,4206000,262144,16.044616699,0.062326201,,ok
Darwin-arm64,Apple M2 Pro,clang-17.0.0 (clang-1700.0.13.5),SM4-128,ref,xts-gb-dec,8192,3,4223000,262144,16.109466553,0.062075302,,ok
Darwin-arm64,Apple M2 Pro,clang-17.0.0 (clang-1700.0.13.5),SM4-128,ref,xts-gb-dec,8192,4,4287000,262144,16.353607178,0.061148589,,ok
Darwin-arm64,Apple M2 Pro,clang-17.0.0 (clang-1700.0.13.5),SM4-128,ref,xts-gb-dec,8192,5,4288000,262144,16.357421875,0.061134328,,ok
Darwin-arm64,Apple M2 Pro,clang-17.0.0 (clang-1700.0.13.5),SM4-128,ref,xts-gb-dec,8192,6,4389000,262144,16.742706299,0.059727501,,ok
Darwin-arm64,Apple M2 Pro,clang-17.0.0 (clang-1700.0.13.5),SM4-128,ref,xts-gb-dec,8192,7,4318000,262144,16.471862793,0.060709588,,ok
Darwin-arm64,Apple M2 Pro,clang-17.0.0 (clang-1700.0.13.5),SM4-128,ref,xts-gb-dec,8192,8,4194000,262144,15.998840332,0.062504530,,ok
Darwin-arm64,Apple M2 Pro,clang-17.0.0 (clang-1700.0.13.5),SM4-128,ref,xts-gb-dec,8192,9,4386000,262144,16.731262207,0.059768354,,ok
Darwin-arm64,Apple M2 Pro,clang-17.0.0 (clang-1700.0.13.5),SM4-128,ref,xts-gb-dec,8192,10,4191000,262144,15.987396240,0.062549272,,ok
Darwin-arm64,Apple M2 Pro,clang-17.0.0 (clang-1700.0.13.5),SM4-128,ref,xts-gb-dec,8192,11,4423000,262144,16.872406006,0.059268370,,ok
Darwin-arm64,Apple M2 Pro,clang-17.0.0 (clang-1700.0.13.5),SM4-128,ref,xts-gb-dec,8192,12,4303000,262144,16.414642334,0.060921218,,ok
Darwin-arm64,Apple M2 Pro,clang-17.0.0 (clang-1700.0.13.5),SM4-128,ref,xts-gb-dec,8192,13,4304000,262144,16.418457031,0.060907063,,ok
Darwin-arm64,Apple M2 Pro,clang-17.0.0 (clang-1700.0.13.5),SM4-128,ref,xts-gb-dec,8192,14,4206000,262144,16.044616699,0.062326201,,ok
Darwin-arm64,Apple M2 Pro,clang-17.0.0 (clang-1700.0.13.5),SM4-128,ref,xts-gb-dec,8192,15,4230000,262144,16.136169434,0.061972577,,ok
Darwin-arm64,Apple M2 Pro,clang-17.0.0 (clang-1700.0.13.5),SM4-128,ref,xts-gb-dec,65536,1,4194000,262144,15.998840332,0.062504530,,ok
Darwin-arm64,Apple M2 Pro,clang-17.0.0 (clang-1700.0.13.5),SM4-128,ref,xts-gb-dec,65536,2,4311000,262144,16.445159912,0.060808165,,ok
Darwin-arm64,Apple M2 Pro,clang-17.0.0 (clang-1700.0.13.5),SM4-128,ref,xts-gb-dec,65536,3,4212000,262144,16.067504883,0.062237417,,ok
Darwin-arm64,Apple M2 Pro,clang-17.0.0 (clang-1700.0.13.5),SM4-128,ref,xts-gb-dec,65536,4,4175000,262144,15.926361084,0.062788982,,ok
Darwin-arm64,Apple M2 Pro,clang-17.0.0 (clang-1700.0.13.5),SM4-128,ref,xts-gb-dec,65536,5,4211000,262144,16.063690186,0.062252197,,ok
Darwin-arm64,Apple M2 Pro,clang-17.0.0 (clang-1700.0.13.5),SM4-128,ref,xts-gb-dec,65536,6,4196000,262144,16.006469727,0.062474738,,ok
Darwin-arm64,Apple M2 Pro,clang-17.0.0 (clang-1700.0.13.5),SM4-128,ref,xts-gb-dec,65536,7,4309000,262144,16.437530518,0.060836389,,ok
Darwin-arm64,Apple M2 Pro,clang-17.0.0 (clang-1700.0.13.5),SM4-128,ref,xts-gb-dec,65536,8,4193000,262144,15.995025635,0.062519437,,ok
Darwin-arm64,Apple M2 Pro,clang-17.0.0 (clang-1700.0.13.5),SM4-128,ref,xts-gb-dec,65536,9,4261000,262144,16.254425049,0.061521709,,ok
Darwin-arm64,Apple M2 Pro,clang-17.0.0 (clang-1700.0.13.5),SM4-128,ref,xts-gb-dec,65536,10,4323000,262144,16.490936279,0.060639371,,ok
Darwin-arm64,Apple M2 Pro,clang-17.0.0 (clang-1700.0.13.5),SM4-128,ref,xts-gb-dec,65536,11,4247000,262144,16.201019287,0.061724511,,ok
Darwin-arm64,Apple M2 Pro,clang-17.0.0 (clang-1700.0.13.5),SM4-128,ref,xts-gb-dec,65536,12,4250000,262144,16.212463379,0.061680941,,ok
Darwin-arm64,Apple M2 Pro,clang-17.0.0 (clang-1700.0.13.5),SM4-128,ref,xts-gb-dec,65536,13,4227000,262144,16.124725342,0.062016560,,ok
Darwin-arm64,Apple M2 Pro,clang-17.0.0 (clang-1700.0.13.5),SM4-128,ref,xts-gb-dec,65536,14,4325000,262144,16.498565674,0.060611329,,ok
Darwin-arm64,Apple M2 Pro,clang-17.0.0 (clang-1700.0.13.5),SM4-128,ref,xts-gb-dec,65536,15,4210000,262144,16.059875488,0.062266983,,ok
Darwin-arm64,Apple M2 Pro,clang-17.0.0 (clang-1700.0.13.5),SM4-128,ref,xts-gb-dec,1048576,1,17101000,1048576,16.308784485,0.061316648,,ok
Darwin-arm64,Apple M2 Pro,clang-17.0.0 (clang-1700.0.13.5),SM4-128,ref,xts-gb-dec,1048576,2,17142000,1048576,16.347885132,0.061169992,,ok
Darwin-arm64,Apple M2 Pro,clang-17.0.0 (clang-1700.0.13.5),SM4-128,ref,xts-gb-dec,1048576,3,17132000,1048576,16.338348389,0.061205697,,ok
Darwin-arm64,Apple M2 Pro,clang-17.0.0 (clang-1700.0.13.5),SM4-128,ref,xts-gb-dec,1048576,4,17185000,1048576,16.388893127,0.061016933,,ok
Darwin-arm64,Apple M2 Pro,clang-17.0.0 (clang-1700.0.13.5),SM4-128,ref,xts-gb-dec,1048576,5,17183000,1048576,16.386985779,0.061024035,,ok
Darwin-arm64,Apple M2 Pro,clang-17.0.0 (clang-1700.0.13.5),SM4-128,ref,xts-gb-dec,1048576,6,17116000,1048576,16.323089600,0.061262912,,ok
Darwin-arm64,Apple M2 Pro,clang-17.0.0 (clang-1700.0.13.5),SM4-128,ref,xts-gb-dec,1048576,7,17139000,1048576,16.345024109,0.061180699,,ok
Darwin-arm64,Apple M2 Pro,clang-17.0.0 (clang-1700.0.13.5),SM4-128,ref,xts-gb-dec,1048576,8,17196000,1048576,16.399383545,0.060977902,,ok
Darwin-arm64,Apple M2 Pro,clang-17.0.0 (clang-1700.0.13.5),SM4-128,ref,xts-gb-dec,1048576,9,17246000,1048576,16.447067261,0.060801113,,ok
Darwin-arm64,Apple M2 Pro,clang-17.0.0 (clang-1700.0.13.5),SM4-128,ref,xts-gb-dec,1048576,10,17250000,1048576,16.450881958,0.060787014,,ok
Darwin-arm64,Apple M2 Pro,clang-17.0.0 (clang-1700.0.13.5),SM4-128,ref,xts-gb-dec,1048576,11,17136000,1048576,16.342163086,0.061191410,,ok
Darwin-arm64,Apple M2 Pro,clang-17.0.0 (clang-1700.0.13.5),SM4-128,ref,xts-gb-dec,1048576,12,17170000,1048576,16.374588013,0.061070239,,ok
Darwin-arm64,Apple M2 Pro,clang-17.0.0 (clang-1700.0.13.5),SM4-128,ref,xts-gb-dec,1048576,13,17205000,1048576,16.407966614,0.060946004,,ok
Darwin-arm64,Apple M2 Pro,clang-17.0.0 (clang-1700.0.13.5),SM4-128,ref,xts-gb-dec,1048576,14,17105000,1048576,16.312599182,0.061302309,,ok
Darwin-arm64,Apple M2 Pro,clang-17.0.0 (clang-1700.0.13.5),SM4-128,ref,xts-gb-dec,1048576,15,17000000,1048576,16.212463379,0.061680941,,ok
