platform,cpu,compiler,algorithm,backend,operation,size_bytes,sample,elapsed_ns,bytes_processed,ns_per_byte,gbps,cycles_per_byte,status
Windows-x86_64,13th Gen Intel(R) Core(TM) i9-13900H,clang-22.1.8 (https://github.com/msys2/MINGW-packages 6e4e79c2f86eeb534e324e583f2057dc9fd5ecab),AES-128,ref,block,64,1,1880300,262144,7.172775269,0.139416051,21.510253906,ok
Windows-x86_64,13th Gen Intel(R) Core(TM) i9-13900H,clang-22.1.8 (https://github.com/msys2/MINGW-packages 6e4e79c2f86eeb534e324e583f2057dc9fd5ecab),AES-128,ref,block,64,2,2008500,262144,7.661819458,0.130517301,22.949794769,ok
Windows-x86_64,13th Gen Intel(R) Core(TM) i9-13900H,clang-22.1.8 (https://github.com/msys2/MINGW-packages 6e4e79c2f86eeb534e324e583f2057dc9fd5ecab),AES-128,ref,block,64,3,2032400,262144,7.752990723,0.128982484,23.222640991,ok
Windows-x86_64,13th Gen Intel(R) Core(TM) i9-13900H,clang-22.1.8 (https://github.com/msys2/MINGW-packages 6e4e79c2f86eeb534e324e583f2057dc9fd5ecab),AES-128,ref,block,64,4,1958400,262144,7.470703125,0.133856209,22.376625061,ok
Windows-x86_64,13th Gen Intel(R) Core(TM) i9-13900H,clang-22.1.8 (https://github.com/msys2/MINGW-packages 6e4e79c2f86eeb534e324e583f2057dc9fd5ecab),AES-128,ref,block,64,5,2021600,262144,7.711791992,0.129671547,23.098724365,ok
Windows-x86_64,13th Gen Intel(R) Core(TM) i9-13900H,clang-22.1.8 (https://github.com/msys2/MINGW-packages 6e4e79c2f86eeb534e324e583f2057dc9fd5ecab),AES-128,ref,block,64,6,2013800,262144,7.682037354,0.130173801,23.009910583,ok
Windows-x86_64,13th Gen Intel(R) Core(TM) i9-13900H,clang-22.1.8 (https://github.com/msys2/MINGW-packages 6e4e79c2f86eeb534e324e583f2057dc9fd5ecab),AES-128,ref,block,64,7,1970600,262144,7.517242432,0.133027504,22.516792297,ok
Windows-x86_64,13th Gen Intel(R) Core(TM) i9-13900H,clang-22.1.8 (https://github.com/msys2/MINGW-packages 6e4e79c2f86eeb534e324e583f2057dc9fd5ecab),AES-128,ref,block,64,8,2237800,262144,8.536529541,0.117143623,25.568786621,ok
Windows-x86_64,13th Gen Intel(R) Core(TM) i9-13900H,clang-22.1.8 (https://github.com/msys2/MINGW-packages 6e4e79c2f86eeb534e324e583f2057dc9fd5ecab),AES-128,ref,block,64,9,2377700,262144,9.070205688,0.110251083,27.167411804,ok
Windows-x86_64,13th Gen Intel(R) Core(TM) i9-13900H,clang-22.1.8 (https://github.com/msys2/MINGW-packages 6e4e79c2f86eeb534e324e583f2057dc9fd5ecab),AES-128,ref,block,64,10,2194000,262144,8.369445801,0.119482224,25.068740845,ok
Windows-x86_64,13th Gen Intel(R) Core(TM) i9-13900H,clang-22.1.8 (https://github.com/msys2/MINGW-packages 6e4e79c2f86eeb534e324e583f2057dc9fd5ecab),AES-128,ref,block,64,11,1785900,262144,6.812667847,0.146785374,20.405761719,ok
Windows-x86_64,13th Gen Intel(R) Core(TM) i9-13900H,clang-22.1.8 (https://github.com/msys2/MINGW-packages 6e4e79c2f86eeb534e324e583f2057dc9fd5ecab),AES-128,ref,block,64,12,1966700,262144,7.502365112,0.133291300,22.471149445,ok
Windows-x86_64,13th Gen Intel(R) Core(TM) i9-13900H,clang-22.1.8 (https://github.com/msys2/MINGW-packages 6e4e79c2f86eeb534e324e583f2057dc9fd5ecab),AES-128,ref,block,64,13,1896000,262144,7.232666016,0.138261603,21.664154053,ok
Windows-x86_64,13th Gen Intel(R) Core(TM) i9-13900H,clang-22.1.8 (https://github.com/msys2/MINGW-packages 6e4e79c2f86eeb534e324e583f2057dc9fd5ecab),AES-128,ref,block,64,14,1925400,262144,7.344818115,0.136150410,21.999809265,ok
Windows-x86_64,13th Gen Intel(R) Core(TM) i9-13900H,clang-22.1.8 (https://github.com/msys2/MINGW-packages 6e4e79c2f86eeb534e324e583f2057dc9fd5ecab),AES-128,ref,block,64,15,1922700,262144,7.334518433,0.136341603,21.968582153,ok
Windows-x86_64,13th Gen Intel(R) Core(TM) i9-13900H,clang-22.1.8 (https://github.com/msys2/MINGW-packages 6e4e79c2f86eeb534e324e583f2057dc9fd5ecab),AES-128,ref,block,512,1,1882300,262144,7.180404663,0.139267917,21.523284912,ok
Windows-x86_64,13th Gen Intel(R) Core(TM) i9-13900H,clang-22.1.8 (https://github.com/msys2/MINGW-packages 6e4e79c2f86eeb534e324e583f2057dc9fd5ecab),AES-128,ref,block,512,2,1912300,262144,7.294845581,0.137083094,21.850662231,ok
Windows-x86_64,13th Gen Intel(R) Core(TM) i9-13900H,clang-22.1.8 (https://github.com/msys2/MINGW-packages 6e4e79c2f86eeb534e324e583f2057dc9fd5ecab),AES-128,ref,block,512,3,1757100,262144,6.702804565,0.149191281,20.076736450,ok
Windows-x86_64,13th Gen Intel(R) Core(TM) i9-13900H,clang-22.1.8 (https://github.com/msys2/MINGW-packages 6e4e79c2f86eeb534e324e583f2057dc9fd5ecab),AES-128,ref,block,512,4,1973800,262144,7.529449463,0.132811835,22.555053711,ok
Windows-x86_64,13th Gen Intel(R) Core(TM) i9-13900H,clang-22.1.8 (https://github.com/msys2/MINGW-packages 6e4e79c2f86eeb534e324e583f2057dc9fd5ecab),AES-128,ref,block,512,5,2068300,262144,7.889938354,0.126743703,23.632247925,ok
Windows-x86_64,13th Gen Intel(R) Core(TM) i9-13900H,clang-22.1.8 (https://github.com/msys2/MINGW-packages 6e4e79c2f86eeb534e324e583f2057dc9fd5ecab),AES-128,ref,block,512,6,2191600,262144,8.360290527,0.119613068,25.041305542,ok
Windows-x86_64,13th Gen Intel(R) Core(TM) i9-13900H,clang-22.1.8 (https://github.com/msys2/MINGW-packages 6e4e79c2f86eeb534e324e583f2057dc9fd5ecab),AES-128,ref,block,512,7,2143200,262144,8.175659180,0.122314296,24.488288879,ok
Windows-x86_64,13th Gen Intel(R) Core(TM) i9-13900H,clang-22.1.8 (https://github.com/msys2/MINGW-packages 6e4e79c2f86eeb534e324e583f2057dc9fd5ecab),AES-128,ref,block,512,8,2193700,262144,8.368301392,0.119498564,25.065803528,ok
Windows-x86_64,13th Gen Intel(R) Core(TM) i9-13900H,clang-22.1.8 (https://github.com/msys2/MINGW-packages 6e4e79c2f86eeb534e324e583f2057dc9fd5ecab),AES-128,ref,block,512,9,2205200,262144,8.412170410,0.118875385,25.196327209,ok
Windows-x86_64,13th Gen Intel(R) Core(TM) i9-13900H,clang-22.1.8 (https://github.com/msys2/MINGW-packages 6e4e79c2f86eeb534e324e583f2057dc9fd5ecab),AES-128,ref,block,512,10,2177000,262144,8.304595947,0.120415250,24.874504089,ok
Windows-x86_64,13th Gen Intel(R) Core(TM) i9-13900H,clang-22.1.8 (https://github.com/msys2/MINGW-packages 6e4e79c2f86eeb534e324e583f2057dc9fd5ecab),AES-128,ref,block,512,11,2064900,262144,7.876968384,0.126952395,23.593643188,ok
Windows-x86_64,13th Gen Intel(R) Core(TM) i9-13900H,clang-22.1.8 (https://github.com/msys2/MINGW-packages 6e4e79c2f86eeb534e324e583f2057dc9fd5ecab),AES-128,ref,block,512,12,2081600,262144,7.940673828,0.125933897,23.785079956,ok
Windows-x86_64,13th Gen Intel(R) Core(TM) i9-13900H,clang-22.1.8 (https://github.com/msys2/MINGW-packages 6e4e79c2f86eeb534e324e583f2057dc9fd5ecab),AES-128,ref,block,512,13,2037200,262144,7.771301270,0.128678578,23.276748657,ok
Windows-x86_64,13th Gen Intel(R) Core(TM) i9-13900H,clang-22.1.8 (https://github.com/msys2/MINGW-packages 6e4e79c2f86eeb534e324e583f2057dc9fd5ecab),AES-128,ref,block,512,14,2020200,262144,7.706451416,0.129761410,23.082015991,ok
Windows-x86_64,13th Gen Intel(R) Core(TM) i9-13900H,clang-22.1.8 (https://github.com/msys2/MINGW-packages 6e4e79c2f86eeb534e324e583f2057dc9fd5ecab),AES-128,ref,block,512,15,2010500,262144,7.669448853,0.130387466,22.971763611,ok
Windows-x86_64,13th Gen Intel(R) Core(TM) i9-13900H,clang-22.1.8 (https://github.com/msys2/MINGW-packages 6e4e79c2f86eeb534e324e583f2057dc9fd5ecab),AES-128,ref,block,4096,1,2272300,262144,8.668136597,0.115365049,25.964904785,ok
Windows-x86_64,13th Gen Intel(R) Core(TM) i9-13900H,clang-22.1.8 (https://github.com/msys2/MINGW-packages 6e4e79c2f86eeb534e324e583f2057dc9fd5ecab),AES-128,ref,block,4096,2,2089000,262144,7.968902588,0.125487793,23.869407654,ok
Windows-x86_64,13th Gen Intel(R) Core(TM) i9-13900H,clang-22.1.8 (https://github.com/msys2/MINGW-packages 6e4e79c2f86eeb534e324e583f2057dc9fd5ecab),AES-128,ref,block,4096,3,2059000,262144,7.854461670,0.127316173,23.526428223,ok
Windows-x86_64,13th Gen Intel(R) Core(TM) i9-13900H,clang-22.1.8 (https://github.com/msys2/MINGW-packages 6e4e79c2f86eeb534e324e583f2057dc9fd5ecab),AES-128,ref,block,4096,4,2091000,262144,7.976531982,0.125367767,23.892341614,ok
Windows-x86_64,13th Gen Intel(R) Core(TM) i9-13900H,clang-22.1.8 (https://github.com/msys2/MINGW-packages 6e4e79c2f86eeb534e324e583f2057dc9fd5ecab),AES-128,ref,block,4096,5,2082400,262144,7.943725586,0.125885517,23.793861389,ok
Windows-x86_64,13th Gen Intel(R) Core(TM) i9-13900H,clang-22.1.8 (https://github.com/msys2/MINGW-packages 6e4e79c2f86eeb534e324e583f2057dc9fd5ecab),AES-128,ref,block,4096,6,2099700,262144,8.009719849,0.124848312,23.991897583,ok
Windows-x86_64,13th Gen Intel(R) Core(TM) i9-13900H,clang-22.1.8 (https://github.com/msys2/MINGW-packages 6e4e79c2f86eeb534e324e583f2057dc9fd5ecab),AES-128,ref,block,4096,7,2137700,262144,8.154678345,0.122628994,24.425453186,ok
Windows-x86_64,13th Gen Intel(R) Core(TM) i9-13900H,clang-22.1.8 (https://github.com/msys2/MINGW-packages 6e4e79c2f86eeb534e324e583f2057dc9fd5ecab),AES-128,ref,block,4096,8,2009800,262144,7.666778564,0.130432879,22.964714050,ok
Windows-x86_64,13th Gen Intel(R) Core(TM) i9-13900H,clang-22.1.8 (https://github.com/msys2/MINGW-packages 6e4e79c2f86eeb534e324e583f2057dc9fd5ecab),AES-128,ref,block,4096,9,2160700,262144,8.242416382,0.121323645,24.688255310,ok
Windows-x86_64,13th Gen Intel(R) Core(TM) i9-13900H,clang-22.1.8 (https://github.com/msys2/MINGW-packages 6e4e79c2f86eeb534e324e583f2057dc9fd5ecab),AES-128,ref,block,4096,10,2169300,262144,8.275222778,0.120842668,24.786636353,ok
Windows-x86_64,13th Gen Intel(R) Core(TM) i9-13900H,clang-22.1.8 (https://github.com/msys2/MINGW-packages 6e4e79c2f86eeb534e324e583f2057dc9fd5ecab),AES-128,ref,block,4096,11,2158000,262144,8.232116699,0.121475440,24.656761169,ok
Windows-x86_64,13th Gen Intel(R) Core(TM) i9-13900H,clang-22.1.8 (https://github.com/msys2/MINGW-packages 6e4e79c2f86eeb534e324e583f2057dc9fd5ecab),AES-128,ref,block,4096,12,2022700,262144,7.715988159,0.129601028,23.111923218,ok
Windows-x86_64,13th Gen Intel(R) Core(TM) i9-13900H,clang-22.1.8 (https://github.com/msys2/MINGW-packages 6e4e79c2f86eeb534e324e583f2057dc9fd5ecab),AES-128,ref,block,4096,13,2181600,262144,8.322143555,0.120161349,24.926200867,ok
Windows-x86_64,13th Gen Intel(R) Core(TM) i9-13900H,clang-22.1.8 (https://github.com/msys2/MINGW-packages 6e4e79c2f86eeb534e324e583f2057dc9fd5ecab),AES-128,ref,block,4096,14,2192300,262144,8.362960815,0.119574876,25.049629211,ok
Windows-x86_64,13th Gen Intel(R) Core(TM) i9-13900H,clang-22.1.8 (https://github.com/msys2/MINGW-packages 6e4e79c2f86eeb534e324e583f2057dc9fd5ecab),AES-128,ref,block,4096,15,2255900,262144,8.605575562,0.116203732,25.776039124,ok
Windows-x86_64,13th Gen Intel(R) Core(TM) i9-13900H,clang-22.1.8 (https://github.com/msys2/MINGW-packages 6e4e79c2f86eeb534e324e583f2057dc9fd5ecab),AES-128,ref,block,8192,1,2258000,262144,8.613586426,0.116095660,25.802227020,ok
Windows-x86_64,13th Gen Intel(R) Core(TM) i9-13900H,clang-22.1.8 (https://github.com/msys2/MINGW-packages 6e4e79c2f86eeb534e324e583f2057dc9fd5ecab),AES-128,ref,block,8192,2,1961300,262144,7.481765747,0.133658288,22.410041809,ok
Windows-x86_64,13th Gen Intel(R) Core(TM) i9-13900H,clang-22.1.8 (https://github.com/msys2/MINGW-packages 6e4e79c2f86eeb534e324e583f2057dc9fd5ecab),AES-128,ref,block,8192,3,1935300,262144,7.382583618,0.135453935,22.112743378,ok
Windows-x86_64,13th Gen Intel(R) Core(TM) i9-13900H,clang-22.1.8 (https://github.com/msys2/MINGW-packages 6e4e79c2f86eeb534e324e583f2057dc9fd5ecab),AES-128,ref,block,8192,4,1956300,262144,7.462692261,0.133999898,22.353172302,ok
Windows-x86_64,13th Gen Intel(R) Core(TM) i9-13900H,clang-22.1.8 (https://github.com/msys2/MINGW-packages 6e4e79c2f86eeb534e324e583f2057dc9fd5ecab),AES-128,ref,block,8192,5,1880400,262144,7.173156738,0.139408636,21.485183716,ok
Windows-x86_64,13th Gen Intel(R) Core(TM) i9-13900H,clang-22.1.8 (https://github.com/msys2/MINGW-packages 6e4e79c2f86eeb534e324e583f2057dc9fd5ecab),AES-128,ref,block,8192,6,1912800,262144,7.296752930,0.137047261,21.855880737,ok
Windows-x86_64,13th Gen Intel(R) Core(TM) i9-13900H,clang-22.1.8 (https://github.com/msys2/MINGW-packages 6e4e79c2f86eeb534e324e583f2057dc9fd5ecab),AES-128,ref,block,8192,7,1938900,262144,7.396316528,0.135202434,22.153236389,ok
Windows-x86_64,13th Gen Intel(R) Core(TM) i9-13900H,clang-22.1.8 (https://github.com/msys2/MINGW-packages 6e4e79c2f86eeb534e324e583f2057dc9fd5ecab),AES-128,ref,block,8192,8,2778600,262144,10.599517822,0.094343914,31.748714447,ok
Windows-x86_64,13th Gen Intel(R) Core(TM) i9-13900H,clang-22.1.8 (https://github.com/msys2/MINGW-packages 6e4e79c2f86eeb534e324e583f2057dc9fd5ecab),AES-128,ref,block,8192,9,2320100,262144,8.850479126,0.112988233,26.509925842,ok
Windows-x86_64,13th Gen Intel(R) Core(TM) i9-13900H,clang-22.1.8 (https://github.com/msys2/MINGW-packages 6e4e79c2f86eeb534e324e583f2057dc9fd5ecab),AES-128,ref,block,8192,10,2056800,262144,7.846069336,0.127452353,23.502204895,ok
Windows-x86_64,13th Gen Intel(R) Core(TM) i9-13900H,clang-22.1.8 (https://github.com/msys2/MINGW-packages 6e4e79c2f86eeb534e324e583f2057dc9fd5ecab),AES-128,ref,block,8192,11,1805600,262144,6.887817383,0.145183872,20.631385803,ok
Windows-x86_64,13th Gen Intel(R) Core(TM) i9-13900H,clang-22.1.8 (https://github.com/msys2/MINGW-packages 6e4e79c2f86eeb534e324e583f2057dc9fd5ecab),AES-128,ref,block,8192,12,1874100,262144,7.149124146,0.139877274,21.413635254,ok
Windows-x86_64,13th Gen Intel(R) Core(TM) i9-13900H,clang-22.1.8 (https://github.com/msys2/MINGW-packages 6e4e79c2f86eeb534e324e583f2057dc9fd5ecab),AES-128,ref,block,8192,13,1876000,262144,7.156372070,0.139735608,21.434852600,ok
Windows-x86_64,13th Gen Intel(R) Core(TM) i9-13900H,clang-22.1.8 (https://github.com/msys2/MINGW-packages 6e4e79c2f86eeb534e324e583f2057dc9fd5ecab),AES-128,ref,block,8192,14,1832800,262144,6.991577148,0.143029245,20.942672729,ok
Windows-x86_64,13th Gen Intel(R) Core(TM) i9-13900H,clang-22.1.8 (https://github.com/msys2/MINGW-packages 6e4e79c2f86eeb534e324e583f2057dc9fd5ecab),AES-128,ref,block,8192,15,1801700,262144,6.872940063,0.145498141,20.586776733,ok
Windows-x86_64,13th Gen Intel(R) Core(TM) i9-13900H,clang-22.1.8 (https://github.com/msys2/MINGW-packages 6e4e79c2f86eeb534e324e583f2057dc9fd5ecab),AES-128,ref,block,65536,1,1878600,262144,7.166290283,0.139542212,21.480995178,ok
Windows-x86_64,13th Gen Intel(R) Core(TM) i9-13900H,clang-22.1.8 (https://github.com/msys2/MINGW-packages 6e4e79c2f86eeb534e324e583f2057dc9fd5ecab),AES-128,ref,block,65536,2,1990700,262144,7.593917847,0.131684332,22.745719910,ok
Windows-x86_64,13th Gen Intel(R) Core(TM) i9-13900H,clang-22.1.8 (https://github.com/msys2/MINGW-packages 6e4e79c2f86eeb534e324e583f2057dc9fd5ecab),AES-128,ref,block,65536,3,1927700,262144,7.353591919,0.135987965,22.025306702,ok
Windows-x86_64,13th Gen Intel(R) Core(TM) i9-13900H,clang-22.1.8 (https://github.com/msys2/MINGW-packages 6e4e79c2f86eeb534e324e583f2057dc9fd5ecab),AES-128,ref,block,65536,4,2665900,262144,10.169601440,0.098332271,30.460586548,ok
Windows-x86_64,13th Gen Intel(R) Core(TM) i9-13900H,clang-22.1.8 (https://github.com/msys2/MINGW-packages 6e4e79c2f86eeb534e324e583f2057dc9fd5ecab),AES-128,ref,block,65536,5,2691000,262144,10.265350342,0.097415087,30.748046875,ok
Windows-x86_64,13th Gen Intel(R) Core(TM) i9-13900H,clang-22.1.8 (https://github.com/msys2/MINGW-packages 6e4e79c2f86eeb534e324e583f2057dc9fd5ecab),AES-128,ref,block,65536,6,2544500,262144,9.706497192,0.103023777,29.073291779,ok
Windows-x86_64,13th Gen Intel(R) Core(TM) i9-13900H,clang-22.1.8 (https://github.com/msys2/MINGW-packages 6e4e79c2f86eeb534e324e583f2057dc9fd5ecab),AES-128,ref,block,65536,7,2003600,262144,7.643127441,0.130836494,22.893295288,ok
Windows-x86_64,13th Gen Intel(R) Core(TM) i9-13900H,clang-22.1.8 (https://github.com/msys2/MINGW-packages 6e4e79c2f86eeb534e324e583f2057dc9fd5ecab),AES-128,ref,block,65536,8,1835300,262144,7.001113892,0.142834414,20.970077515,ok
Windows-x86_64,13th Gen Intel(R) Core(TM) i9-13900H,clang-22.1.8 (https://github.com/msys2/MINGW-packages 6e4e79c2f86eeb534e324e583f2057dc9fd5ecab),AES-128,ref,block,65536,9,1895500,262144,7.230758667,0.138298074,21.657669067,ok
Windows-x86_64,13th Gen Intel(R) Core(TM) i9-13900H,clang-22.1.8 (https://github.com/msys2/MINGW-packages 6e4e79c2f86eeb534e324e583f2057dc9fd5ecab),AES-128,ref,block,65536,10,1895100,262144,7.229232788,0.138327265,21.653160095,ok
Windows-x86_64,13th Gen Intel(R) Core(TM) i9-13900H,clang-22.1.8 (https://github.com/msys2/MINGW-packages 6e4e79c2f86eeb534e324e583f2057dc9fd5ecab),AES-128,ref,block,65536,11,1874400,262144,7.150268555,0.139854887,21.417243958,ok
Windows-x86_64,13th Gen Intel(R) Core(TM) i9-13900H,clang-22.1.8 (https://github.com/msys2/MINGW-packages 6e4e79c2f86eeb534e324e583f2057dc9fd5ecab),AES-128,ref,block,65536,12,1868200,262144,7.126617432,0.140319024,21.345878601,ok
Windows-x86_64,13th Gen Intel(R) Core(TM) i9-13900H,clang-22.1.8 (https://github.com/msys2/MINGW-packages 6e4e79c2f86eeb534e324e583f2057dc9fd5ecab),AES-128,ref,block,65536,13,1943100,262144,7.412338257,0.134910195,22.202747345,ok
Windows-x86_64,13th Gen Intel(R) Core(TM) i9-13900H,clang-22.1.8 (https://github.com/msys2/MINGW-packages 6e4e79c2f86eeb534e324e583f2057dc9fd5ecab),AES-128,ref,block,65536,14,1932500,262144,7.371902466,0.135650194,22.081165314,ok
Windows-x86_64,13th Gen Intel(R) Core(TM) i9-13900H,clang-22.1.8 (https://github.com/msys2/MINGW-packages 6e4e79c2f86eeb534e324e583f2057dc9fd5ecab),AES-128,ref,block,65536,15,1877200,262144,7.160949707,0.139646282,21.450401306,ok
Windows-x86_64,13th Gen Intel(R) Core(TM) i9-13900H,clang-22.1.8 (https://github.com/msys2/MINGW-packages 6e4e79c2f86eeb534e324e583f2057dc9fd5ecab),AES-128,ref,block,1048576,1,7709400,1048576,7.352256775,0.136012660,22.028278351,ok
Windows-x86_64,13th Gen Intel(R) Core(TM) i9-13900H,clang-22.1.8 (https://github.com/msys2/MINGW-packages 6e4e79c2f86eeb534e324e583f2057dc9fd5ecab),AES-128,ref,block,1048576,2,7318200,1048576,6.979179382,0.143283321,20.904167175,ok
Windows-x86_64,13th Gen Intel(R) Core(TM) i9-13900H,clang-22.1.8 (https://github.com/msys2/MINGW-packages 6e4e79c2f86eeb534e324e583f2057dc9fd5ecab),AES-128,ref,block,1048576,3,7909700,1048576,7.543277740,0.132568365,22.593916893,ok
Windows-x86_64,13th Gen Intel(R) Core(TM) i9-13900H,clang-22.1.8 (https://github.com/msys2/MINGW-packages 6e4e79c2f86eeb534e324e583f2057dc9fd5ecab),AES-128,ref,block,1048576,4,7219500,1048576,6.885051727,0.145242191,20.622089386,ok
Windows-x86_64,13th Gen Intel(R) Core(TM) i9-13900H,clang-22.1.8 (https://github.com/msys2/MINGW-packages 6e4e79c2f86eeb534e324e583f2057dc9fd5ecab),AES-128,ref,block,1048576,5,9439900,1048576,9.002590179,0.111079143,26.964601517,ok
Windows-x86_64,13th Gen Intel(R) Core(TM) i9-13900H,clang-22.1.8 (https://github.com/msys2/MINGW-packages 6e4e79c2f86eeb534e324e583f2057dc9fd5ecab),AES-128,ref,block,1048576,6,8060200,1048576,7.686805725,0.130093050,23.023778915,ok
Windows-x86_64,13th Gen Intel(R) Core(TM) i9-13900H,clang-22.1.8 (https://github.com/msys2/MINGW-packages 6e4e79c2f86eeb534e324e583f2057dc9fd5ecab),AES-128,ref,block,1048576,7,8278000,1048576,7.894515991,0.126670210,23.646082878,ok
Windows-x86_64,13th Gen Intel(R) Core(TM) i9-13900H,clang-22.1.8 (https://github.com/msys2/MINGW-packages 6e4e79c2f86eeb534e324e583f2057dc9fd5ecab),AES-128,ref,block,1048576,8,7643100,1048576,7.289028168,0.137192500,21.832464218,ok
Windows-x86_64,13th Gen Intel(R) Core(TM) i9-13900H,clang-22.1.8 (https://github.com/msys2/MINGW-packages 6e4e79c2f86eeb534e324e583f2057dc9fd5ecab),AES-128,ref,block,1048576,9,7732900,1048576,7.374668121,0.135599322,22.089010239,ok
Windows-x86_64,13th Gen Intel(R) Core(TM) i9-13900H,clang-22.1.8 (https://github.com/msys2/MINGW-packages 6e4e79c2f86eeb534e324e583f2057dc9fd5ecab),AES-128,ref,block,1048576,10,7430100,1048576,7.085895538,0.141125422,21.224370956,ok
Windows-x86_64,13th Gen Intel(R) Core(TM) i9-13900H,clang-22.1.8 (https://github.com/msys2/MINGW-packages 6e4e79c2f86eeb534e324e583f2057dc9fd5ecab),AES-128,ref,block,1048576,11,7472100,1048576,7.125949860,0.140332169,21.343767166,ok
Windows-x86_64,13th Gen Intel(R) Core(TM) i9-13900H,clang-22.1.8 (https://github.com/msys2/MINGW-packages 6e4e79c2f86eeb534e324e583f2057dc9fd5ecab),AES-128,ref,block,1048576,12,7172900,1048576,6.840610504,0.146185783,20.489454269,ok
Windows-x86_64,13th Gen Intel(R) Core(TM) i9-13900H,clang-22.1.8 (https://github.com/msys2/MINGW-packages 6e4e79c2f86eeb534e324e583f2057dc9fd5ecab),AES-128,ref,block,1048576,13,7608200,1048576,7.255744934,0.137821824,21.734045982,ok
Windows-x86_64,13th Gen Intel(R) Core(TM) i9-13900H,clang-22.1.8 (https://github.com/msys2/MINGW-packages 6e4e79c2f86eeb534e324e583f2057dc9fd5ecab),AES-128,ref,block,1048576,14,7526600,1048576,7.177925110,0.139316026,21.499652863,ok
Windows-x86_64,13th Gen Intel(R) Core(TM) i9-13900H,clang-22.1.8 (https://github.com/msys2/MINGW-packages 6e4e79c2f86eeb534e324e583f2057dc9fd5ecab),AES-128,ref,block,1048576,15,8711200,1048576,8.307647705,0.120371017,24.883663177,ok
Windows-x86_64,13th Gen Intel(R) Core(TM) i9-13900H,clang-22.1.8 (https://github.com/msys2/MINGW-packages 6e4e79c2f86eeb534e324e583f2057dc9fd5ecab),AES-128,ttable-4k,block,64,1,1039300,262144,3.964614868,0.252231310,11.878852844,ok
Windows-x86_64,13th Gen Intel(R) Core(TM) i9-13900H,clang-22.1.8 (https://github.com/msys2/MINGW-packages 6e4e79c2f86eeb534e324e583f2057dc9fd5ecab),AES-128,ttable-4k,block,64,2,1014800,262144,3.871154785,0.258320851,11.595634460,ok
Windows-x86_64,13th Gen Intel(R) Core(TM) i9-13900H,clang-22.1.8 (https://github.com/msys2/MINGW-packages 6e4e79c2f86eeb534e324e583f2057dc9fd5ecab),AES-128,ttable-4k,block,64,3,1006900,262144,3.841018677,0.260347602,11.505737305,ok
Windows-x86_64,13th Gen Intel(R) Core(TM) i9-13900H,clang-22.1.8 (https://github.com/msys2/MINGW-packages 6e4e79c2f86eeb534e324e583f2057dc9fd5ecab),AES-128,ttable-4k,block,64,4,982600,262144,3.748321533,0.266786078,11.227928162,ok
Windows-x86_64,13th Gen Intel(R) Core(TM) i9-13900H,clang-22.1.8 (https://github.com/msys2/MINGW-packages 6e4e79c2f86eeb534e324e583f2057dc9fd5ecab),AES-128,ttable-4k,block,64,5,980800,262144,3.741455078,0.267275693,11.206748962,ok
Windows-x86_64,13th Gen Intel(R) Core(TM) i9-13900H,clang-22.1.8 (https://github.com/msys2/MINGW-packages 6e4e79c2f86eeb534e324e583f2057dc9fd5ecab),AES-128,ttable-4k,block,64,6,984900,262144,3.757095337,0.266163062,11.253585815,ok
Windows-x86_64,13th Gen Intel(R) Core(TM) i9-13900H,clang-22.1.8 (https://github.com/msys2/MINGW-packages 6e4e79c2f86eeb534e324e583f2057dc9fd5ecab),AES-128,ttable-4k,block,64,7,982100,262144,3.746414185,0.266921902,11.221725464,ok
Windows-x86_64,13th Gen Intel(R) Core(TM) i9-13900H,clang-22.1.8 (https://github.com/msys2/MINGW-packages 6e4e79c2f86eeb534e324e583f2057dc9fd5ecab),AES-128,ttable-4k,block,64,8,992000,262144,3.784179688,0.264258065,11.334884644,ok
Windows-x86_64,13th Gen Intel(R) Core(TM) i9-13900H,clang-22.1.8 (https://github.com/msys2/MINGW-packages 6e4e79c2f86eeb534e324e583f2057dc9fd5ecab),AES-128,ttable-4k,block,64,9,983700,262144,3.752517700,0.266487750,11.240028381,ok
Windows-x86_64,13th Gen Intel(R) Core(TM) i9-13900H,clang-22.1.8 (https://github.com/msys2/MINGW-packages 6e4e79c2f86eeb534e324e583f2057dc9fd5ecab),AES-128,ttable-4k,block,64,10,1006600,262144,3.839874268,0.260425194,11.501632690,ok
Windows-x86_64,13th Gen Intel(R) Core(TM) i9-13900H,clang-22.1.8 (https://github.com/msys2/MINGW-packages 6e4e79c2f86eeb534e324e583f2057dc9fd5ecab),AES-128,ttable-4k,block,64,11,983600,262144,3.752136230,0.266514843,11.238739014,ok
Windows-x86_64,13th Gen Intel(R) Core(TM) i9-13900H,clang-22.1.8 (https://github.com/msys2/MINGW-packages 6e4e79c2f86eeb534e324e583f2057dc9fd5ecab),AES-128,ttable-4k,block,64,12,985300,262144,3.758621216,0.266055009,11.258499146,ok
Windows-x86_64,13th Gen Intel(R) Core(TM) i9-13900H,clang-22.1.8 (https://github.com/msys2/MINGW-packages 6e4e79c2f86eeb534e324e583f2057dc9fd5ecab),AES-128,ttable-4k,block,64,13,984000,262144,3.753662109,0.266406504,11.242919922,ok
Windows-x86_64,13th Gen Intel(R) Core(TM) i9-13900H,clang-22.1.8 (https://github.com/msys2/MINGW-packages 6e4e79c2f86eeb534e324e583f2057dc9fd5ecab),AES-128,ttable-4k,block,64,14,986700,262144,3.763961792,0.265677511,11.274902344,ok
Windows-x86_64,13th Gen Intel(R) Core(TM) i9-13900H,clang-22.1.8 (https://github.com/msys2/MINGW-packages 6e4e79c2f86eeb534e324e583f2057dc9fd5ecab),AES-128,ttable-4k,block,64,15,983600,262144,3.752136230,0.266514843,11.238777161,ok
Windows-x86_64,13th Gen Intel(R) Core(TM) i9-13900H,clang-22.1.8 (https://github.com/msys2/MINGW-packages 6e4e79c2f86eeb534e324e583f2057dc9fd5ecab),AES-128,ttable-4k,block,512,1,984000,262144,3.753662109,0.266406504,11.244010925,ok
Windows-x86_64,13th Gen Intel(R) Core(TM) i9-13900H,clang-22.1.8 (https://github.com/msys2/MINGW-packages 6e4e79c2f86eeb534e324e583f2057dc9fd5ecab),AES-128,ttable-4k,block,512,2,977700,262144,3.729629517,0.268123146,11.172416687,ok
Windows-x86_64,13th Gen Intel(R) Core(TM) i9-13900H,clang-22.1.8 (https://github.com/msys2/MINGW-packages 6e4e79c2f86eeb534e324e583f2057dc9fd5ecab),AES-128,ttable-4k,block,512,3,1004500,262144,3.831863403,0.260969637,11.477890015,ok
Windows-x86_64,13th Gen Intel(R) Core(TM) i9-13900H,clang-22.1.8 (https://github.com/msys2/MINGW-packages 6e4e79c2f86eeb534e324e583f2057dc9fd5ecab),AES-128,ttable-4k,block,512,4,1023200,262144,3.903198242,0.256200156,11.691619873,ok
Windows-x86_64,13th Gen Intel(R) Core(TM) i9-13900H,clang-22.1.8 (https://github.com/msys2/MINGW-packages 6e4e79c2f86eeb534e324e583f2057dc9fd5ecab),AES-128,ttable-4k,block,512,5,1027100,262144,3.918075562,0.255227339,11.736236572,ok
Windows-x86_64,13th Gen Intel(R) Core(TM) i9-13900H,clang-22.1.8 (https://github.com/msys2/MINGW-packages 6e4e79c2f86eeb534e324e583f2057dc9fd5ecab),AES-128,ttable-4k,block,512,6,1021500,262144,3.896713257,0.256626530,11.671363831,ok
Windows-x86_64,13th Gen Intel(R) Core(TM) i9-13900H,clang-22.1.8 (https://github.com/msys2/MINGW-packages 6e4e79c2f86eeb534e324e583f2057dc9fd5ecab),AES-128,ttable-4k,block,512,7,1088700,262144,4.153060913,0.240786259,12.440071106,ok
Windows-x86_64,13th Gen Intel(R) Core(TM) i9-13900H,clang-22.1.8 (https://github.com/msys2/MINGW-packages 6e4e79c2f86eeb534e324e583f2057dc9fd5ecab),AES-128,ttable-4k,block,512,8,1010800,262144,3.855895996,0.259343095,11.549842834,ok
Windows-x86_64,13th Gen Intel(R) Core(TM) i9-13900H,clang-22.1.8 (https://github.com/msys2/MINGW-packages 6e4e79c2f86eeb534e324e583f2057dc9fd5ecab),AES-128,ttable-4k,block,512,9,1015400,262144,3.873443604,0.258168210,11.602283478,ok
Windows-x86_64,13th Gen Intel(R) Core(TM) i9-13900H,clang-22.1.8 (https://github.com/msys2/MINGW-packages 6e4e79c2f86eeb534e324e583f2057dc9fd5ecab),AES-128,ttable-4k,block,512,10,953700,262144,3.638076782,0.274870504,10.897468567,ok
Windows-x86_64,13th Gen Intel(R) Core(TM) i9-13900H,clang-22.1.8 (https://github.com/msys2/MINGW-packages 6e4e79c2f86eeb534e324e583f2057dc9fd5ecab),AES-128,ttable-4k,block,512,11,912300,262144,3.480148315,0.287344075,10.424499512,ok
Windows-x86_64,13th Gen Intel(R) Core(TM) i9-13900H,clang-22.1.8 (https://github.com/msys2/MINGW-packages 6e4e79c2f86eeb534e324e583f2057dc9fd5ecab),AES-128,ttable-4k,block,512,12,889500,262144,3.393173218,0.294709387,10.163497925,ok
Windows-x86_64,13th Gen Intel(R) Core(TM) i9-13900H,clang-22.1.8 (https://github.com/msys2/MINGW-packages 6e4e79c2f86eeb534e324e583f2057dc9fd5ecab),AES-128,ttable-4k,block,512,13,889800,262144,3.394317627,0.294610025,10.167701721,ok
Windows-x86_64,13th Gen Intel(R) Core(TM) i9-13900H,clang-22.1.8 (https://github.com/msys2/MINGW-packages 6e4e79c2f86eeb534e324e583f2057dc9fd5ecab),AES-128,ttable-4k,block,512,14,885300,262144,3.377151489,0.296107534,10.116279602,ok
Windows-x86_64,13th Gen Intel(R) Core(TM) i9-13900H,clang-22.1.8 (https://github.com/msys2/MINGW-packages 6e4e79c2f86eeb534e324e583f2057dc9fd5ecab),AES-128,ttable-4k,block,512,15,899600,262144,3.431701660,0.291400622,10.278366089,ok
Windows-x86_64,13th Gen Intel(R) Core(TM) i9-13900H,clang-22.1.8 (https://github.com/msys2/MINGW-packages 6e4e79c2f86eeb534e324e583f2057dc9fd5ecab),AES-128,ttable-4k,block,4096,1,874600,262144,3.336334229,0.299730162,9.996124268,ok
Windows-x86_64,13th Gen Intel(R) Core(TM) i9-13900H,clang-22.1.8 (https://github.com/msys2/MINGW-packages 6e4e79c2f86eeb534e324e583f2057dc9fd5ecab),AES-128,ttable-4k,block,4096,2,870800,262144,3.321838379,0.301038126,9.950134277,ok
Windows-x86_64,13th Gen Intel(R) Core(TM) i9-13900H,clang-22.1.8 (https://github.com/msys2/MINGW-packages 6e4e79c2f86eeb534e324e583f2057dc9fd5ecab),AES-128,ttable-4k,block,4096,3,852800,262144,3.253173828,0.307392120,9.744842529,ok
Windows-x86_64,13th Gen Intel(R) Core(TM) i9-13900H,clang-22.1.8 (https://github.com/msys2/MINGW-packages 6e4e79c2f86eeb534e324e583f2057dc9fd5ecab),AES-128,ttable-4k,block,4096,4,864500,262144,3.297805786,0.303231926,9.877708435,ok
Windows-x86_64,13th Gen Intel(R) Core(TM) i9-13900H,clang-22.1.8 (https://github.com/msys2/MINGW-packages 6e4e79c2f86eeb534e324e583f2057dc9fd5ecab),AES-128,ttable-4k,block,4096,5,855800,262144,3.264617920,0.306314559,9.778533936,ok
Windows-x86_64,13th Gen Intel(R) Core(TM) i9-13900H,clang-22.1.8 (https://github.com/msys2/MINGW-packages 6e4e79c2f86eeb534e324e583f2057dc9fd5ecab),AES-128,ttable-4k,block,4096,6,871200,262144,3.323364258,0.300899908,9.955688477,ok
Windows-x86_64,13th Gen Intel(R) Core(TM) i9-13900H,clang-22.1.8 (https://github.com/msys2/MINGW-packages 6e4e79c2f86eeb534e324e583f2057dc9fd5ecab),AES-128,ttable-4k,block,4096,7,981900,262144,3.745651245,0.266976270,11.219413757,ok
Windows-x86_64,13th Gen Intel(R) Core(TM) i9-13900H,clang-22.1.8 (https://github.com/msys2/MINGW-packages 6e4e79c2f86eeb534e324e583f2057dc9fd5ecab),AES-128,ttable-4k,block,4096,8,1013200,262144,3.865051270,0.258728780,11.576972961,ok
Windows-x86_64,13th Gen Intel(R) Core(TM) i9-13900H,clang-22.1.8 (https://github.com/msys2/MINGW-packages 6e4e79c2f86eeb534e324e583f2057dc9fd5ecab),AES-128,ttable-4k,block,4096,9,968700,262144,3.695297241,0.270614225,11.068145752,ok
Windows-x86_64,13th Gen Intel(R) Core(TM) i9-13900H,clang-22.1.8 (https://github.com/msys2/MINGW-packages 6e4e79c2f86eeb534e324e583f2057dc9fd5ecab),AES-128,ttable-4k,block,4096,10,854400,262144,3.259277344,0.306816479,9.762924194,ok
Windows-x86_64,13th Gen Intel(R) Core(TM) i9-13900H,clang-22.1.8 (https://github.com/msys2/MINGW-packages 6e4e79c2f86eeb534e324e583f2057dc9fd5ecab),AES-128,ttable-4k,block,4096,11,865900,262144,3.303146362,0.302741656,9.893646240,ok
Windows-x86_64,13th Gen Intel(R) Core(TM) i9-13900H,clang-22.1.8 (https://github.com/msys2/MINGW-packages 6e4e79c2f86eeb534e324e583f2057dc9fd5ecab),AES-128,ttable-4k,block,4096,12,868900,262144,3.314590454,0.301696398,9.927749634,ok
Windows-x86_64,13th Gen Intel(R) Core(TM) i9-13900H,clang-22.1.8 (https://github.com/msys2/MINGW-packages 6e4e79c2f86eeb534e324e583f2057dc9fd5ecab),AES-128,ttable-4k,block,4096,13,874900,262144,3.337478638,0.299627386,9.996330261,ok
Windows-x86_64,13th Gen Intel(R) Core(TM) i9-13900H,clang-22.1.8 (https://github.com/msys2/MINGW-packages 6e4e79c2f86eeb534e324e583f2057dc9fd5ecab),AES-128,ttable-4k,block,4096,14,848400,262144,3.236389160,0.308986327,9.693946838,ok
Windows-x86_64,13th Gen Intel(R) Core(TM) i9-13900H,clang-22.1.8 (https://github.com/msys2/MINGW-packages 6e4e79c2f86eeb534e324e583f2057dc9fd5ecab),AES-128,ttable-4k,block,4096,15,865600,262144,3.302001953,0.302846580,9.889892578,ok
Windows-x86_64,13th Gen Intel(R) Core(TM) i9-13900H,clang-22.1.8 (https://github.com/msys2/MINGW-packages 6e4e79c2f86eeb534e324e583f2057dc9fd5ecab),AES-128,ttable-4k,block,8192,1,858300,262144,3.274154663,0.305422346,9.808563232,ok
Windows-x86_64,13th Gen Intel(R) Core(TM) i9-13900H,clang-22.1.8 (https://github.com/msys2/MINGW-packages 6e4e79c2f86eeb534e324e583f2057dc9fd5ecab),AES-128,ttable-4k,block,8192,2,869800,262144,3.318023682,0.301384226,9.939239502,ok
Windows-x86_64,13th Gen Intel(R) Core(TM) i9-13900H,clang-22.1.8 (https://github.com/msys2/MINGW-packages 6e4e79c2f86eeb534e324e583f2057dc9fd5ecab),AES-128,ttable-4k,block,8192,3,850000,262144,3.242492676,0.308404706,9.712684631,ok
Windows-x86_64,13th Gen Intel(R) Core(TM) i9-13900H,clang-22.1.8 (https://github.com/msys2/MINGW-packages 6e4e79c2f86eeb534e324e583f2057dc9fd5ecab),AES-128,ttable-4k,block,8192,4,868200,262144,3.311920166,0.301939645,9.920166016,ok
Windows-x86_64,13th Gen Intel(R) Core(TM) i9-13900H,clang-22.1.8 (https://github.com/msys2/MINGW-packages 6e4e79c2f86eeb534e324e583f2057dc9fd5ecab),AES-128,ttable-4k,block,8192,5,851100,262144,3.246688843,0.308006110,9.725990295,ok
Windows-x86_64,13th Gen Intel(R) Core(TM) i9-13900H,clang-22.1.8 (https://github.com/msys2/MINGW-packages 6e4e79c2f86eeb534e324e583f2057dc9fd5ecab),AES-128,ttable-4k,block,8192,6,931700,262144,3.554153442,0.281360953,10.646114349,ok
Windows-x86_64,13th Gen Intel(R) Core(TM) i9-13900H,clang-22.1.8 (https://github.com/msys2/MINGW-packages 6e4e79c2f86eeb534e324e583f2057dc9fd5ecab),AES-128,ttable-4k,block,8192,7,909000,262144,3.467559814,0.288387239,10.386878967,ok
Windows-x86_64,13th Gen Intel(R) Core(TM) i9-13900H,clang-22.1.8 (https://github.com/msys2/MINGW-packages 6e4e79c2f86eeb534e324e583f2057dc9fd5ecab),AES-128,ttable-4k,block,8192,8,920200,262144,3.510284424,0.284877201,10.514904022,ok
Windows-x86_64,13th Gen Intel(R) Core(TM) i9-13900H,clang-22.1.8 (https://github.com/msys2/MINGW-packages 6e4e79c2f86eeb534e324e583f2057dc9fd5ecab),AES-128,ttable-4k,block,8192,9,850500,262144,3.244400024,0.308223398,9.718299866,ok
Windows-x86_64,13th Gen Intel(R) Core(TM) i9-13900H,clang-22.1.8 (https://github.com/msys2/MINGW-packages 6e4e79c2f86eeb534e324e583f2057dc9fd5ecab),AES-128,ttable-4k,block,8192,10,872600,262144,3.328704834,0.300417144,9.971260071,ok
Windows-x86_64,13th Gen Intel(R) Core(TM) i9-13900H,clang-22.1.8 (https://github.com/msys2/MINGW-packages 6e4e79c2f86eeb534e324e583f2057dc9fd5ecab),AES-128,ttable-4k,block,8192,11,841900,262144,3.211593628,0.311371897,9.619155884,ok
Windows-x86_64,13th Gen Intel(R) Core(TM) i9-13900H,clang-22.1.8 (https://github.com/msys2/MINGW-packages 6e4e79c2f86eeb534e324e583f2057dc9fd5ecab),AES-128,ttable-4k,block,8192,12,866000,262144,3.303527832,0.302706697,9.895561218,ok
Windows-x86_64,13th Gen Intel(R) Core(TM) i9-13900H,clang-22.1.8 (https://github.com/msys2/MINGW-packages 6e4e79c2f86eeb534e324e583f2057dc9fd5ecab),AES-128,ttable-4k,block,8192,13,842700,262144,3.214645386,0.311076302,9.629241943,ok
Windows-x86_64,13th Gen Intel(R) Core(TM) i9-13900H,clang-22.1.8 (https://github.com/msys2/MINGW-packages 6e4e79c2f86eeb534e324e583f2057dc9fd5ecab),AES-128,ttable-4k,block,8192,14,853100,262144,3.254318237,0.307284023,9.747550964,ok
Windows-x86_64,13th Gen Intel(R) Core(TM) i9-13900H,clang-22.1.8 (https://github.com/msys2/MINGW-packages 6e4e79c2f86eeb534e324e583f2057dc9fd5ecab),AES-128,ttable-4k,block,8192,15,852500,262144,3.252029419,0.307500293,9.741233826,ok
Windows-x86_64,13th Gen Intel(R) Core(TM) i9-13900H,clang-22.1.8 (https://github.com/msys2/MINGW-packages 6e4e79c2f86eeb534e324e583f2057dc9fd5ecab),AES-128,ttable-4k,block,65536,1,857700,262144,3.271865845,0.305636003,9.806808472,ok
Windows-x86_64,13th Gen Intel(R) Core(TM) i9-13900H,clang-22.1.8 (https://github.com/msys2/MINGW-packages 6e4e79c2f86eeb534e324e583f2057dc9fd5ecab),AES-128,ttable-4k,block,65536,2,874700,262144,3.336715698,0.299695896,9.995269775,ok
Windows-x86_64,13th Gen Intel(R) Core(TM) i9-13900H,clang-22.1.8 (https://github.com/msys2/MINGW-packages 6e4e79c2f86eeb534e324e583f2057dc9fd5ecab),AES-128,ttable-4k,block,65536,3,861700,262144,3.287124634,0.304217245,9.846107483,ok
Windows-x86_64,13th Gen Intel(R) Core(TM) i9-13900H,clang-22.1.8 (https://github.com/msys2/MINGW-packages 6e4e79c2f86eeb534e324e583f2057dc9fd5ecab),AES-128,ttable-4k,block,65536,4,850000,262144,3.242492676,0.308404706,9.711814880,ok
Windows-x86_64,13th Gen Intel(R) Core(TM) i9-13900H,clang-22.1.8 (https://github.com/msys2/MINGW-packages 6e4e79c2f86eeb534e324e583f2057dc9fd5ecab),AES-128,ttable-4k,block,65536,5,889400,262144,3.392791748,0.294742523,10.162590027,ok
Windows-x86_64,13th Gen Intel(R) Core(TM) i9-13900H,clang-22.1.8 (https://github.com/msys2/MINGW-packages 6e4e79c2f86eeb534e324e583f2057dc9fd5ecab),AES-128,ttable-4k,block,65536,6,998500,262144,3.808975220,0.262537807,11.408935547,ok
Windows-x86_64,13th Gen Intel(R) Core(TM) i9-13900H,clang-22.1.8 (https://github.com/msys2/MINGW-packages 6e4e79c2f86eeb534e324e583f2057dc9fd5ecab),AES-128,ttable-4k,block,65536,7,878100,262144,3.349685669,0.298535474,10.034156799,ok
Windows-x86_64,13th Gen Intel(R) Core(TM) i9-13900H,clang-22.1.8 (https://github.com/msys2/MINGW-packages 6e4e79c2f86eeb534e324e583f2057dc9fd5ecab),AES-128,ttable-4k,block,65536,8,844500,262144,3.221511841,0.310413262,9.648941040,ok
Windows-x86_64,13th Gen Intel(R) Core(TM) i9-13900H,clang-22.1.8 (https://github.com/msys2/MINGW-packages 6e4e79c2f86eeb534e324e583f2057dc9fd5ecab),AES-128,ttable-4k,block,65536,9,872000,262144,3.326416016,0.300623853,9.963928223,ok
Windows-x86_64,13th Gen Intel(R) Core(TM) i9-13900H,clang-22.1.8 (https://github.com/msys2/MINGW-packages 6e4e79c2f86eeb534e324e583f2057dc9fd5ecab),AES-128,ttable-4k,block,65536,10,869500,262144,3.316879272,0.301488212,9.935211182,ok
Windows-x86_64,13th Gen Intel(R) Core(TM) i9-13900H,clang-22.1.8 (https://github.com/msys2/MINGW-packages 6e4e79c2f86eeb534e324e583f2057dc9fd5ecab),AES-128,ttable-4k,block,65536,11,877700,262144,3.348159790,0.298671528,10.029373169,ok
Windows-x86_64,13th Gen Intel(R) Core(TM) i9-13900H,clang-22.1.8 (https://github.com/msys2/MINGW-packages 6e4e79c2f86eeb534e324e583f2057dc9fd5ecab),AES-128,ttable-4k,block,65536,12,858900,262144,3.276443481,0.305208988,9.813751221,ok
Windows-x86_64,13th Gen Intel(R) Core(TM) i9-13900H,clang-22.1.8 (https://github.com/msys2/MINGW-packages 6e4e79c2f86eeb534e324e583f2057dc9fd5ecab),AES-128,ttable-4k,block,65536,13,861900,262144,3.287887573,0.304146653,9.848335266,ok
Windows-x86_64,13th Gen Intel(R) Core(TM) i9-13900H,clang-22.1.8 (https://github.com/msys2/MINGW-packages 6e4e79c2f86eeb534e324e583f2057dc9fd5ecab),AES-128,ttable-4k,block,65536,14,869300,262144,3.316116333,0.301557575,9.933235168,ok
Windows-x86_64,13th Gen Intel(R) Core(TM) i9-13900H,clang-22.1.8 (https://github.com/msys2/MINGW-packages 6e4e79c2f86eeb534e324e583f2057dc9fd5ecab),AES-128,ttable-4k,block,65536,15,854100,262144,3.258132935,0.306924248,9.759460449,ok
Windows-x86_64,13th Gen Intel(R) Core(TM) i9-13900H,clang-22.1.8 (https://github.com/msys2/MINGW-packages 6e4e79c2f86eeb534e324e583f2057dc9fd5ecab),AES-128,ttable-4k,block,1048576,1,3438000,1048576,3.278732300,0.304995928,9.828365326,ok
Windows-x86_64,13th Gen Intel(R) Core(TM) i9-13900H,clang-22.1.8 (https://github.com/msys2/MINGW-packages 6e4e79c2f86eeb534e324e583f2057dc9fd5ecab),AES-128,ttable-4k,block,1048576,2,3445300,1048576,3.285694122,0.304349694,9.841722488,ok
Windows-x86_64,13th Gen Intel(R) Core(TM) i9-13900H,clang-22.1.8 (https://github.com/msys2/MINGW-packages 6e4e79c2f86eeb534e324e583f2057dc9fd5ecab),AES-128,ttable-4k,block,1048576,3,3418900,1048576,3.260517120,0.306699816,9.766119003,ok
Windows-x86_64,13th Gen Intel(R) Core(TM) i9-13900H,clang-22.1.8 (https://github.com/msys2/MINGW-packages 6e4e79c2f86eeb534e324e583f2057dc9fd5ecab),AES-128,ttable-4k,block,1048576,4,3954800,1048576,3.771591187,0.265140083,11.297204018,ok
Windows-x86_64,13th Gen Intel(R) Core(TM) i9-13900H,clang-22.1.8 (https://github.com/msys2/MINGW-packages 6e4e79c2f86eeb534e324e583f2057dc9fd5ecab),AES-128,ttable-4k,block,1048576,5,3939800,1048576,3.757286072,0.266149551,11.254373550,ok
Windows-x86_64,13th Gen Intel(R) Core(TM) i9-13900H,clang-22.1.8 (https://github.com/msys2/MINGW-packages 6e4e79c2f86eeb534e324e583f2057dc9fd5ecab),AES-128,ttable-4k,block,1048576,6,3690300,1048576,3.519344330,0.284143837,10.541202545,ok
Windows-x86_64,13th Gen Intel(R) Core(TM) i9-13900H,clang-22.1.8 (https://github.com/msys2/MINGW-packages 6e4e79c2f86eeb534e324e583f2057dc9fd5ecab),AES-128,ttable-4k,block,1048576,7,3573100,1048576,3.407573700,0.293463939,10.206619263,ok
Windows-x86_64,13th Gen Intel(R) Core(TM) i9-13900H,clang-22.1.8 (https://github.com/msys2/MINGW-packages 6e4e79c2f86eeb534e324e583f2057dc9fd5ecab),AES-128,ttable-4k,block,1048576,8,3573400,1048576,3.407859802,0.293439302,10.207513809,ok
Windows-x86_64,13th Gen Intel(R) Core(TM) i9-13900H,clang-22.1.8 (https://github.com/msys2/MINGW-packages 6e4e79c2f86eeb534e324e583f2057dc9fd5ecab),AES-128,ttable-4k,block,1048576,9,3912800,1048576,3.731536865,0.267986097,11.176811218,ok
Windows-x86_64,13th Gen Intel(R) Core(TM) i9-13900H,clang-22.1.8 (https://github.com/msys2/MINGW-packages 6e4e79c2f86eeb534e324e583f2057dc9fd5ecab),AES-128,ttable-4k,block,1048576,10,3923800,1048576,3.742027283,0.267234823,11.208166122,ok
Windows-x86_64,13th Gen Intel(R) Core(TM) i9-13900H,clang-22.1.8 (https://github.com/msys2/MINGW-packages 6e4e79c2f86eeb534e324e583f2057dc9fd5ecab),AES-128,ttable-4k,block,1048576,11,3988700,1048576,3.803920746,0.262886655,11.393804550,ok
Windows-x86_64,13th Gen Intel(R) Core(TM) i9-13900H,clang-22.1.8 (https://github.com/msys2/MINGW-packages 6e4e79c2f86eeb534e324e583f2057dc9fd5ecab),AES-128,ttable-4k,block,1048576,12,4125300,1048576,3.934192657,0.254181756,11.783775330,ok
Windows-x86_64,13th Gen Intel(R) Core(TM) i9-13900H,clang-22.1.8 (https://github.com/msys2/MINGW-packages 6e4e79c2f86eeb534e324e583f2057dc9fd5ecab),AES-128,ttable-4k,block,1048576,13,4029300,1048576,3.842639923,0.260237758,11.509880066,ok
Windows-x86_64,13th Gen Intel(R) Core(TM) i9-13900H,clang-22.1.8 (https://github.com/msys2/MINGW-packages 6e4e79c2f86eeb534e324e583f2057dc9fd5ecab),AES-128,ttable-4k,block,1048576,14,4045300,1048576,3.857898712,0.259208464,11.555440903,ok
Windows-x86_64,13th Gen Intel(R) Core(TM) i9-13900H,clang-22.1.8 (https://github.com/msys2/MINGW-packages 6e4e79c2f86eeb534e324e583f2057dc9fd5ecab),AES-128,ttable-4k,block,1048576,15,4036500,1048576,3.849506378,0.259773566,11.530103683,ok
Windows-x86_64,13th Gen Intel(R) Core(TM) i9-13900H,clang-22.1.8 (https://github.com/msys2/MINGW-packages 6e4e79c2f86eeb534e324e583f2057dc9fd5ecab),AES-128,aes-hw,block,64,1,48400,262144,0.184631348,5.416198347,0.554107666,ok
Windows-x86_64,13th Gen Intel(R) Core(TM) i9-13900H,clang-22.1.8 (https://github.com/msys2/MINGW-packages 6e4e79c2f86eeb534e324e583f2057dc9fd5ecab),AES-128,aes-hw,block,64,2,48900,262144,0.186538696,5.360817996,0.558654785,ok
Windows-x86_64,13th Gen Intel(R) Core(TM) i9-13900H,clang-22.1.8 (https://github.com/msys2/MINGW-packages 6e4e79c2f86eeb534e324e583f2057dc9fd5ecab),AES-128,aes-hw,block,64,3,48900,262144,0.186538696,5.360817996,0.559295654,ok
Windows-x86_64,13th Gen Intel(R) Core(TM) i9-13900H,clang-22.1.8 (https://github.com/msys2/MINGW-packages 6e4e79c2f86eeb534e324e583f2057dc9fd5ecab),AES-128,aes-hw,block,64,4,48800,262144,0.186157227,5.371803279,0.558166504,ok
Windows-x86_64,13th Gen Intel(R) Core(TM) i9-13900H,clang-22.1.8 (https://github.com/msys2/MINGW-packages 6e4e79c2f86eeb534e324e583f2057dc9fd5ecab),AES-128,aes-hw,block,64,5,48300,262144,0.184249878,5.427412008,0.553070068,ok
Windows-x86_64,13th Gen Intel(R) Core(TM) i9-13900H,clang-22.1.8 (https://github.com/msys2/MINGW-packages 6e4e79c2f86eeb534e324e583f2057dc9fd5ecab),AES-128,aes-hw,block,64,6,48700,262144,0.185775757,5.382833676,0.557502747,ok
Windows-x86_64,13th Gen Intel(R) Core(TM) i9-13900H,clang-22.1.8 (https://github.com/msys2/MINGW-packages 6e4e79c2f86eeb534e324e583f2057dc9fd5ecab),AES-128,aes-hw,block,64,7,48600,262144,0.185394287,5.393909465,0.555351257,ok
Windows-x86_64,13th Gen Intel(R) Core(TM) i9-13900H,clang-22.1.8 (https://github.com/msys2/MINGW-packages 6e4e79c2f86eeb534e324e583f2057dc9fd5ecab),AES-128,aes-hw,block,64,8,48300,262144,0.184249878,5.427412008,0.552864075,ok
Windows-x86_64,13th Gen Intel(R) Core(TM) i9-13900H,clang-22.1.8 (https://github.com/msys2/MINGW-packages 6e4e79c2f86eeb534e324e583f2057dc9fd5ecab),AES-128,aes-hw,block,64,9,48800,262144,0.186157227,5.371803279,0.557533264,ok
Windows-x86_64,13th Gen Intel(R) Core(TM) i9-13900H,clang-22.1.8 (https://github.com/msys2/MINGW-packages 6e4e79c2f86eeb534e324e583f2057dc9fd5ecab),AES-128,aes-hw,block,64,10,48300,262144,0.184249878,5.427412008,0.552864075,ok
Windows-x86_64,13th Gen Intel(R) Core(TM) i9-13900H,clang-22.1.8 (https://github.com/msys2/MINGW-packages 6e4e79c2f86eeb534e324e583f2057dc9fd5ecab),AES-128,aes-hw,block,64,11,48700,262144,0.185775757,5.382833676,0.557258606,ok
Windows-x86_64,13th Gen Intel(R) Core(TM) i9-13900H,clang-22.1.8 (https://github.com/msys2/MINGW-packages 6e4e79c2f86eeb534e324e583f2057dc9fd5ecab),AES-128,aes-hw,block,64,12,48700,262144,0.185775757,5.382833676,0.556785583,ok
Windows-x86_64,13th Gen Intel(R) Core(TM) i9-13900H,clang-22.1.8 (https://github.com/msys2/MINGW-packages 6e4e79c2f86eeb534e324e583f2057dc9fd5ecab),AES-128,aes-hw,block,64,13,48800,262144,0.186157227,5.371803279,0.558113098,ok
Windows-x86_64,13th Gen Intel(R) Core(TM) i9-13900H,clang-22.1.8 (https://github.com/msys2/MINGW-packages 6e4e79c2f86eeb534e324e583f2057dc9fd5ecab),AES-128,aes-hw,block,64,14,48800,262144,0.186157227,5.371803279,0.557899475,ok
Windows-x86_64,13th Gen Intel(R) Core(TM) i9-13900H,clang-22.1.8 (https://github.com/msys2/MINGW-packages 6e4e79c2f86eeb534e324e583f2057dc9fd5ecab),AES-128,aes-hw,block,64,15,48500,262144,0.185012817,5.405030928,0.554931641,ok
Windows-x86_64,13th Gen Intel(R) Core(TM) i9-13900H,clang-22.1.8 (https://github.com/msys2/MINGW-packages 6e4e79c2f86eeb534e324e583f2057dc9fd5ecab),AES-128,aes-hw,block,512,1,18000,262144,0.068664551,14.563555556,0.205863953,ok
Windows-x86_64,13th Gen Intel(R) Core(TM) i9-13900H,clang-22.1.8 (https://github.com/msys2/MINGW-packages 6e4e79c2f86eeb534e324e583f2057dc9fd5ecab),AES-128,aes-hw,block,512,2,17900,262144,0.068283081,14.644916201,0.205497742,ok
Windows-x86_64,13th Gen Intel(R) Core(TM) i9-13900H,clang-22.1.8 (https://github.com/msys2/MINGW-packages 6e4e79c2f86eeb534e324e583f2057dc9fd5ecab),AES-128,aes-hw,block,512,3,18100,262144,0.069046021,14.483093923,0.207489014,ok
Windows-x86_64,13th Gen Intel(R) Core(TM) i9-13900H,clang-22.1.8 (https://github.com/msys2/MINGW-packages 6e4e79c2f86eeb534e324e583f2057dc9fd5ecab),AES-128,aes-hw,block,512,4,17900,262144,0.068283081,14.644916201,0.205619812,ok
Windows-x86_64,13th Gen Intel(R) Core(TM) i9-13900H,clang-22.1.8 (https://github.com/msys2/MINGW-packages 6e4e79c2f86eeb534e324e583f2057dc9fd5ecab),AES-128,aes-hw,block,512,5,18100,262144,0.069046021,14.483093923,0.206909180,ok
Windows-x86_64,13th Gen Intel(R) Core(TM) i9-13900H,clang-22.1.8 (https://github.com/msys2/MINGW-packages 6e4e79c2f86eeb534e324e583f2057dc9fd5ecab),AES-128,aes-hw,block,512,6,18000,262144,0.068664551,14.563555556,0.205772400,ok
Windows-x86_64,13th Gen Intel(R) Core(TM) i9-13900H,clang-22.1.8 (https://github.com/msys2/MINGW-packages 6e4e79c2f86eeb534e324e583f2057dc9fd5ecab),AES-128,aes-hw,block,512,7,13800,262144,0.052642822,18.995942029,0.158706665,ok
Windows-x86_64,13th Gen Intel(R) Core(TM) i9-13900H,clang-22.1.8 (https://github.com/msys2/MINGW-packages 6e4e79c2f86eeb534e324e583f2057dc9fd5ecab),AES-128,aes-hw,block,512,8,13800,262144,0.052642822,18.995942029,0.157455444,ok
Windows-x86_64,13th Gen Intel(R) Core(TM) i9-13900H,clang-22.1.8 (https://github.com/msys2/MINGW-packages 6e4e79c2f86eeb534e324e583f2057dc9fd5ecab),AES-128,aes-hw,block,512,9,13800,262144,0.052642822,18.995942029,0.158332825,ok
Windows-x86_64,13th Gen Intel(R) Core(TM) i9-13900H,clang-22.1.8 (https://github.com/msys2/MINGW-packages 6e4e79c2f86eeb534e324e583f2057dc9fd5ecab),AES-128,aes-hw,block,512,10,13700,262144,0.052261353,19.134598540,0.157173157,ok
Windows-x86_64,13th Gen Intel(R) Core(TM) i9-13900H,clang-22.1.8 (https://github.com/msys2/MINGW-packages 6e4e79c2f86eeb534e324e583f2057dc9fd5ecab),AES-128,aes-hw,block,512,11,13800,262144,0.052642822,18.995942029,0.158470154,ok
Windows-x86_64,13th Gen Intel(R) Core(TM) i9-13900H,clang-22.1.8 (https://github.com/msys2/MINGW-packages 6e4e79c2f86eeb534e324e583f2057dc9fd5ecab),AES-128,aes-hw,block,512,12,13900,262144,0.053024292,18.859280576,0.158500671,ok
Windows-x86_64,13th Gen Intel(R) Core(TM) i9-13900H,clang-22.1.8 (https://github.com/msys2/MINGW-packages 6e4e79c2f86eeb534e324e583f2057dc9fd5ecab),AES-128,aes-hw,block,512,13,13800,262144,0.052642822,18.995942029,0.158660889,ok
Windows-x86_64,13th Gen Intel(R) Core(TM) i9-13900H,clang-22.1.8 (https://github.com/msys2/MINGW-packages 6e4e79c2f86eeb534e324e583f2057dc9fd5ecab),AES-128,aes-hw,block,512,14,14000,262144,0.053405762,18.724571429,0.159812927,ok
Windows-x86_64,13th Gen Intel(R) Core(TM) i9-13900H,clang-22.1.8 (https://github.com/msys2/MINGW-packages 6e4e79c2f86eeb534e324e583f2057dc9fd5ecab),AES-128,aes-hw,block,512,15,13800,262144,0.052642822,18.995942029,0.157546997,ok
Windows-x86_64,13th Gen Intel(R) Core(TM) i9-13900H,clang-22.1.8 (https://github.com/msys2/MINGW-packages 6e4e79c2f86eeb534e324e583f2057dc9fd5ecab),AES-128,aes-hw,block,4096,1,11700,262144,0.044631958,22.405470085,0.133903503,ok
Windows-x86_64,13th Gen Intel(R) Core(TM) i9-13900H,clang-22.1.8 (https://github.com/msys2/MINGW-packages 6e4e79c2f86eeb534e324e583f2057dc9fd5ecab),AES-128,aes-hw,block,4096,2,11800,262144,0.045013428,22.215593220,0.135368347,ok
Windows-x86_64,13th Gen Intel(R) Core(TM) i9-13900H,clang-22.1.8 (https://github.com/msys2/MINGW-packages 6e4e79c2f86eeb534e324e583f2057dc9fd5ecab),AES-128,aes-hw,block,4096,3,11800,262144,0.045013428,22.215593220,0.134780884,ok
Windows-x86_64,13th Gen Intel(R) Core(TM) i9-13900H,clang-22.1.8 (https://github.com/msys2/MINGW-packages 6e4e79c2f86eeb534e324e583f2057dc9fd5ecab),AES-128,aes-hw,block,4096,4,11800,262144,0.045013428,22.215593220,0.135543823,ok
Windows-x86_64,13th Gen Intel(R) Core(TM) i9-13900H,clang-22.1.8 (https://github.com/msys2/MINGW-packages 6e4e79c2f86eeb534e324e583f2057dc9fd5ecab),AES-128,aes-hw,block,4096,5,11800,262144,0.045013428,22.215593220,0.134590149,ok
Windows-x86_64,13th Gen Intel(R) Core(TM) i9-13900H,clang-22.1.8 (https://github.com/msys2/MINGW-packages 6e4e79c2f86eeb534e324e583f2057dc9fd5ecab),AES-128,aes-hw,block,4096,6,11800,262144,0.045013428,22.215593220,0.135101318,ok
Windows-x86_64,13th Gen Intel(R) Core(TM) i9-13900H,clang-22.1.8 (https://github.com/msys2/MINGW-packages 6e4e79c2f86eeb534e324e583f2057dc9fd5ecab),AES-128,aes-hw,block,4096,7,11700,262144,0.044631958,22.405470085,0.134536743,ok
Windows-x86_64,13th Gen Intel(R) Core(TM) i9-13900H,clang-22.1.8 (https://github.com/msys2/MINGW-packages 6e4e79c2f86eeb534e324e583f2057dc9fd5ecab),AES-128,aes-hw,block,4096,8,11800,262144,0.045013428,22.215593220,0.134620667,ok
Windows-x86_64,13th Gen Intel(R) Core(TM) i9-13900H,clang-22.1.8 (https://github.com/msys2/MINGW-packages 6e4e79c2f86eeb534e324e583f2057dc9fd5ecab),AES-128,aes-hw,block,4096,9,11700,262144,0.044631958,22.405470085,0.135070801,ok
Windows-x86_64,13th Gen Intel(R) Core(TM) i9-13900H,clang-22.1.8 (https://github.com/msys2/MINGW-packages 6e4e79c2f86eeb534e324e583f2057dc9fd5ecab),AES-128,aes-hw,block,4096,10,11800,262144,0.045013428,22.215593220,0.134567261,ok
Windows-x86_64,13th Gen Intel(R) Core(TM) i9-13900H,clang-22.1.8 (https://github.com/msys2/MINGW-packages 6e4e79c2f86eeb534e324e583f2057dc9fd5ecab),AES-128,aes-hw,block,4096,11,11700,262144,0.044631958,22.405470085,0.134971619,ok
Windows-x86_64,13th Gen Intel(R) Core(TM) i9-13900H,clang-22.1.8 (https://github.com/msys2/MINGW-packages 6e4e79c2f86eeb534e324e583f2057dc9fd5ecab),AES-128,aes-hw,block,4096,12,11700,262144,0.044631958,22.405470085,0.134757996,ok
Windows-x86_64,13th Gen Intel(R) Core(TM) i9-13900H,clang-22.1.8 (https://github.com/msys2/MINGW-packages 6e4e79c2f86eeb534e324e583f2057dc9fd5ecab),AES-128,aes-hw,block,4096,13,11700,262144,0.044631958,22.405470085,0.135086060,ok
Windows-x86_64,13th Gen Intel(R) Core(TM) i9-13900H,clang-22.1.8 (https://github.com/msys2/MINGW-packages 6e4e79c2f86eeb534e324e583f2057dc9fd5ecab),AES-128,aes-hw,block,4096,14,11800,262144,0.045013428,22.215593220,0.135116577,ok
Windows-x86_64,13th Gen Intel(R) Core(TM) i9-13900H,clang-22.1.8 (https://github.com/msys2/MINGW-packages 6e4e79c2f86eeb534e324e583f2057dc9fd5ecab),AES-128,aes-hw,block,4096,15,11800,262144,0.045013428,22.215593220,0.134712219,ok
Windows-x86_64,13th Gen Intel(R) Core(TM) i9-13900H,clang-22.1.8 (https://github.com/msys2/MINGW-packages 6e4e79c2f86eeb534e324e583f2057dc9fd5ecab),AES-128,aes-hw,block,8192,1,11200,262144,0.042724609,23.405714286,0.129127502,ok
Windows-x86_64,13th Gen Intel(R) Core(TM) i9-13900H,clang-22.1.8 (https://github.com/msys2/MINGW-packages 6e4e79c2f86eeb534e324e583f2057dc9fd5ecab),AES-128,aes-hw,block,8192,2,16100,262144,0.061416626,16.282236025,0.184577942,ok
Windows-x86_64,13th Gen Intel(R) Core(TM) i9-13900H,clang-22.1.8 (https://github.com/msys2/MINGW-packages 6e4e79c2f86eeb534e324e583f2057dc9fd5ecab),AES-128,aes-hw,block,8192,3,11300,262144,0.043106079,23.198584071,0.129493713,ok
Windows-x86_64,13th Gen Intel(R) Core(TM) i9-13900H,clang-22.1.8 (https://github.com/msys2/MINGW-packages 6e4e79c2f86eeb534e324e583f2057dc9fd5ecab),AES-128,aes-hw,block,8192,4,11200,262144,0.042724609,23.405714286,0.129135132,ok
Windows-x86_64,13th Gen Intel(R) Core(TM) i9-13900H,clang-22.1.8 (https://github.com/msys2/MINGW-packages 6e4e79c2f86eeb534e324e583f2057dc9fd5ecab),AES-128,aes-hw,block,8192,5,11300,262144,0.043106079,23.198584071,0.129638672,ok
Windows-x86_64,13th Gen Intel(R) Core(TM) i9-13900H,clang-22.1.8 (https://github.com/msys2/MINGW-packages 6e4e79c2f86eeb534e324e583f2057dc9fd5ecab),AES-128,aes-hw,block,8192,6,11300,262144,0.043106079,23.198584071,0.129776001,ok
Windows-x86_64,13th Gen Intel(R) Core(TM) i9-13900H,clang-22.1.8 (https://github.com/msys2/MINGW-packages 6e4e79c2f86eeb534e324e583f2057dc9fd5ecab),AES-128,aes-hw,block,8192,7,11400,262144,0.043487549,22.995087719,0.130210876,ok
Windows-x86_64,13th Gen Intel(R) Core(TM) i9-13900H,clang-22.1.8 (https://github.com/msys2/MINGW-packages 6e4e79c2f86eeb534e324e583f2057dc9fd5ecab),AES-128,aes-hw,block,8192,8,11300,262144,0.043106079,23.198584071,0.129173279,ok
Windows-x86_64,13th Gen Intel(R) Core(TM) i9-13900H,clang-22.1.8 (https://github.com/msys2/MINGW-packages 6e4e79c2f86eeb534e324e583f2057dc9fd5ecab),AES-128,aes-hw,block,8192,9,11300,262144,0.043106079,23.198584071,0.129722595,ok
Windows-x86_64,13th Gen Intel(R) Core(TM) i9-13900H,clang-22.1.8 (https://github.com/msys2/MINGW-packages 6e4e79c2f86eeb534e324e583f2057dc9fd5ecab),AES-128,aes-hw,block,8192,10,11300,262144,0.043106079,23.198584071,0.129501343,ok
Windows-x86_64,13th Gen Intel(R) Core(TM) i9-13900H,clang-22.1.8 (https://github.com/msys2/MINGW-packages 6e4e79c2f86eeb534e324e583f2057dc9fd5ecab),AES-128,aes-hw,block,8192,11,11300,262144,0.043106079,23.198584071,0.129798889,ok
Windows-x86_64,13th Gen Intel(R) Core(TM) i9-13900H,clang-22.1.8 (https://github.com/msys2/MINGW-packages 6e4e79c2f86eeb534e324e583f2057dc9fd5ecab),AES-128,aes-hw,block,8192,12,11300,262144,0.043106079,23.198584071,0.129570007,ok
Windows-x86_64,13th Gen Intel(R) Core(TM) i9-13900H,clang-22.1.8 (https://github.com/msys2/MINGW-packages 6e4e79c2f86eeb534e324e583f2057dc9fd5ecab),AES-128,aes-hw,block,8192,13,11300,262144,0.043106079,23.198584071,0.129676819,ok
Windows-x86_64,13th Gen Intel(R) Core(TM) i9-13900H,clang-22.1.8 (https://github.com/msys2/MINGW-packages 6e4e79c2f86eeb534e324e583f2057dc9fd5ecab),AES-128,aes-hw,block,8192,14,11300,262144,0.043106079,23.198584071,0.129623413,ok
Windows-x86_64,13th Gen Intel(R) Core(TM) i9-13900H,clang-22.1.8 (https://github.com/msys2/MINGW-packages 6e4e79c2f86eeb534e324e583f2057dc9fd5ecab),AES-128,aes-hw,block,8192,15,11300,262144,0.043106079,23.198584071,0.129936218,ok
Windows-x86_64,13th Gen Intel(R) Core(TM) i9-13900H,clang-22.1.8 (https://github.com/msys2/MINGW-packages 6e4e79c2f86eeb534e324e583f2057dc9fd5ecab),AES-128,aes-hw,block,65536,1,11000,262144,0.041961670,23.831272727,0.125686646,ok
Windows-x86_64,13th Gen Intel(R) Core(TM) i9-13900H,clang-22.1.8 (https://github.com/msys2/MINGW-packages 6e4e79c2f86eeb534e324e583f2057dc9fd5ecab),AES-128,aes-hw,block,65536,2,10900,262144,0.041580200,24.049908257,0.125175476,ok
Windows-x86_64,13th Gen Intel(R) Core(TM) i9-13900H,clang-22.1.8 (https://github.com/msys2/MINGW-packages 6e4e79c2f86eeb534e324e583f2057dc9fd5ecab),AES-128,aes-hw,block,65536,3,10900,262144,0.041580200,24.049908257,0.125610352,ok
Windows-x86_64,13th Gen Intel(R) Core(TM) i9-13900H,clang-22.1.8 (https://github.com/msys2/MINGW-packages 6e4e79c2f86eeb534e324e583f2057dc9fd5ecab),AES-128,aes-hw,block,65536,4,10900,262144,0.041580200,24.049908257,0.125411987,ok
Windows-x86_64,13th Gen Intel(R) Core(TM) i9-13900H,clang-22.1.8 (https://github.com/msys2/MINGW-packages 6e4e79c2f86eeb534e324e583f2057dc9fd5ecab),AES-128,aes-hw,block,65536,5,10900,262144,0.041580200,24.049908257,0.125762939,ok
Windows-x86_64,13th Gen Intel(R) Core(TM) i9-13900H,clang-22.1.8 (https://github.com/msys2/MINGW-packages 6e4e79c2f86eeb534e324e583f2057dc9fd5ecab),AES-128,aes-hw,block,65536,6,10900,262144,0.041580200,24.049908257,0.124977112,ok
Windows-x86_64,13th Gen Intel(R) Core(TM) i9-13900H,clang-22.1.8 (https://github.com/msys2/MINGW-packages 6e4e79c2f86eeb534e324e583f2057dc9fd5ecab),AES-128,aes-hw,block,65536,7,11000,262144,0.041961670,23.831272727,0.125785828,ok
Windows-x86_64,13th Gen Intel(R) Core(TM) i9-13900H,clang-22.1.8 (https://github.com/msys2/MINGW-packages 6e4e79c2f86eeb534e324e583f2057dc9fd5ecab),AES-128,aes-hw,block,65536,8,10900,262144,0.041580200,24.049908257,0.125541687,ok
Windows-x86_64,13th Gen Intel(R) Core(TM) i9-13900H,clang-22.1.8 (https://github.com/msys2/MINGW-packages 6e4e79c2f86eeb534e324e583f2057dc9fd5ecab),AES-128,aes-hw,block,65536,9,10900,262144,0.041580200,24.049908257,0.125518799,ok
Windows-x86_64,13th Gen Intel(R) Core(TM) i9-13900H,clang-22.1.8 (https://github.com/msys2/MINGW-packages 6e4e79c2f86eeb534e324e583f2057dc9fd5ecab),AES-128,aes-hw,block,65536,10,11000,262144,0.041961670,23.831272727,0.125541687,ok
Windows-x86_64,13th Gen Intel(R) Core(TM) i9-13900H,clang-22.1.8 (https://github.com/msys2/MINGW-packages 6e4e79c2f86eeb534e324e583f2057dc9fd5ecab),AES-128,aes-hw,block,65536,11,10900,262144,0.041580200,24.049908257,0.125610352,ok
Windows-x86_64,13th Gen Intel(R) Core(TM) i9-13900H,clang-22.1.8 (https://github.com/msys2/MINGW-packages 6e4e79c2f86eeb534e324e583f2057dc9fd5ecab),AES-128,aes-hw,block,65536,12,10900,262144,0.041580200,24.049908257,0.125495911,ok
Windows-x86_64,13th Gen Intel(R) Core(TM) i9-13900H,clang-22.1.8 (https://github.com/msys2/MINGW-packages 6e4e79c2f86eeb534e324e583f2057dc9fd5ecab),AES-128,aes-hw,block,65536,13,10900,262144,0.041580200,24.049908257,0.125572205,ok
Windows-x86_64,13th Gen Intel(R) Core(TM) i9-13900H,clang-22.1.8 (https://github.com/msys2/MINGW-packages 6e4e79c2f86eeb534e324e583f2057dc9fd5ecab),AES-128,aes-hw,block,65536,14,10900,262144,0.041580200,24.049908257,0.125289917,ok
Windows-x86_64,13th Gen Intel(R) Core(TM) i9-13900H,clang-22.1.8 (https://github.com/msys2/MINGW-packages 6e4e79c2f86eeb534e324e583f2057dc9fd5ecab),AES-128,aes-hw,block,65536,15,10900,262144,0.041580200,24.049908257,0.125808716,ok
Windows-x86_64,13th Gen Intel(R) Core(TM) i9-13900H,clang-22.1.8 (https://github.com/msys2/MINGW-packages 6e4e79c2f86eeb534e324e583f2057dc9fd5ecab),AES-128,aes-hw,block,1048576,1,49200,1048576,0.046920776,21.312520325,0.141109467,ok
Windows-x86_64,13th Gen Intel(R) Core(TM) i9-13900H,clang-22.1.8 (https://github.com/msys2/MINGW-packages 6e4e79c2f86eeb534e324e583f2057dc9fd5ecab),AES-128,aes-hw,block,1048576,2,49200,1048576,0.046920776,21.312520325,0.140882492,ok
Windows-x86_64,13th Gen Intel(R) Core(TM) i9-13900H,clang-22.1.8 (https://github.com/msys2/MINGW-packages 6e4e79c2f86eeb534e324e583f2057dc9fd5ecab),AES-128,aes-hw,block,1048576,3,51400,1048576,0.049018860,20.400311284,0.146945953,ok
Windows-x86_64,13th Gen Intel(R) Core(TM) i9-13900H,clang-22.1.8 (https://github.com/msys2/MINGW-packages 6e4e79c2f86eeb534e324e583f2057dc9fd5ecab),AES-128,aes-hw,block,1048576,4,51100,1048576,0.048732758,20.520078278,0.145948410,ok
Windows-x86_64,13th Gen Intel(R) Core(TM) i9-13900H,clang-22.1.8 (https://github.com/msys2/MINGW-packages 6e4e79c2f86eeb534e324e583f2057dc9fd5ecab),AES-128,aes-hw,block,1048576,5,49300,1048576,0.047016144,21.269290061,0.141044617,ok
Windows-x86_64,13th Gen Intel(R) Core(TM) i9-13900H,clang-22.1.8 (https://github.com/msys2/MINGW-packages 6e4e79c2f86eeb534e324e583f2057dc9fd5ecab),AES-128,aes-hw,block,1048576,6,49800,1048576,0.047492981,21.055742972,0.142593384,ok
Windows-x86_64,13th Gen Intel(R) Core(TM) i9-13900H,clang-22.1.8 (https://github.com/msys2/MINGW-packages 6e4e79c2f86eeb534e324e583f2057dc9fd5ecab),AES-128,aes-hw,block,1048576,7,51100,1048576,0.048732758,20.520078278,0.146322250,ok
Windows-x86_64,13th Gen Intel(R) Core(TM) i9-13900H,clang-22.1.8 (https://github.com/msys2/MINGW-packages 6e4e79c2f86eeb534e324e583f2057dc9fd5ecab),AES-128,aes-hw,block,1048576,8,51300,1048576,0.048923492,20.440077973,0.146957397,ok
Windows-x86_64,13th Gen Intel(R) Core(TM) i9-13900H,clang-22.1.8 (https://github.com/msys2/MINGW-packages 6e4e79c2f86eeb534e324e583f2057dc9fd5ecab),AES-128,aes-hw,block,1048576,9,48800,1048576,0.046539307,21.487213115,0.139636993,ok
Windows-x86_64,13th Gen Intel(R) Core(TM) i9-13900H,clang-22.1.8 (https://github.com/msys2/MINGW-packages 6e4e79c2f86eeb534e324e583f2057dc9fd5ecab),AES-128,aes-hw,block,1048576,10,48300,1048576,0.046062469,21.709648033,0.138000488,ok
Windows-x86_64,13th Gen Intel(R) Core(TM) i9-13900H,clang-22.1.8 (https://github.com/msys2/MINGW-packages 6e4e79c2f86eeb534e324e583f2057dc9fd5ecab),AES-128,aes-hw,block,1048576,11,48300,1048576,0.046062469,21.709648033,0.138000488,ok
Windows-x86_64,13th Gen Intel(R) Core(TM) i9-13900H,clang-22.1.8 (https://github.com/msys2/MINGW-packages 6e4e79c2f86eeb534e324e583f2057dc9fd5ecab),AES-128,aes-hw,block,1048576,12,47100,1048576,0.044918060,22.262760085,0.134845734,ok
Windows-x86_64,13th Gen Intel(R) Core(TM) i9-13900H,clang-22.1.8 (https://github.com/msys2/MINGW-packages 6e4e79c2f86eeb534e324e583f2057dc9fd5ecab),AES-128,aes-hw,block,1048576,13,47200,1048576,0.045013428,22.215593220,0.135059357,ok
Windows-x86_64,13th Gen Intel(R) Core(TM) i9-13900H,clang-22.1.8 (https://github.com/msys2/MINGW-packages 6e4e79c2f86eeb534e324e583f2057dc9fd5ecab),AES-128,aes-hw,block,1048576,14,50100,1048576,0.047779083,20.929660679,0.143354416,ok
Windows-x86_64,13th Gen Intel(R) Core(TM) i9-13900H,clang-22.1.8 (https://github.com/msys2/MINGW-packages 6e4e79c2f86eeb534e324e583f2057dc9fd5ecab),AES-128,aes-hw,block,1048576,15,48300,1048576,0.046062469,21.709648033,0.138282776,ok
Windows-x86_64,13th Gen Intel(R) Core(TM) i9-13900H,clang-22.1.8 (https://github.com/msys2/MINGW-packages 6e4e79c2f86eeb534e324e583f2057dc9fd5ecab),AES-128,aes-hw,block-dec,64,1,54100,262144,0.206375122,4.845545287,0.619255066,ok
Windows-x86_64,13th Gen Intel(R) Core(TM) i9-13900H,clang-22.1.8 (https://github.com/msys2/MINGW-packages 6e4e79c2f86eeb534e324e583f2057dc9fd5ecab),AES-128,aes-hw,block-dec,64,2,60200,262144,0.229644775,4.354551495,0.687896729,ok
Windows-x86_64,13th Gen Intel(R) Core(TM) i9-13900H,clang-22.1.8 (https://github.com/msys2/MINGW-packages 6e4e79c2f86eeb534e324e583f2057dc9fd5ecab),AES-128,aes-hw,block-dec,64,3,54100,262144,0.206375122,4.845545287,0.618591309,ok
Windows-x86_64,13th Gen Intel(R) Core(TM) i9-13900H,clang-22.1.8 (https://github.com/msys2/MINGW-packages 6e4e79c2f86eeb534e324e583f2057dc9fd5ecab),AES-128,aes-hw,block-dec,64,4,53000,262144,0.202178955,4.946113208,0.606201172,ok
Windows-x86_64,13th Gen Intel(R) Core(TM) i9-13900H,clang-22.1.8 (https://github.com/msys2/MINGW-packages 6e4e79c2f86eeb534e324e583f2057dc9fd5ecab),AES-128,aes-hw,block-dec,64,5,54000,262144,0.205993652,4.854518519,0.618339539,ok
Windows-x86_64,13th Gen Intel(R) Core(TM) i9-13900H,clang-22.1.8 (https://github.com/msys2/MINGW-packages 6e4e79c2f86eeb534e324e583f2057dc9fd5ecab),AES-128,aes-hw,block-dec,64,6,55200,262144,0.210571289,4.748985507,0.630897522,ok
Windows-x86_64,13th Gen Intel(R) Core(TM) i9-13900H,clang-22.1.8 (https://github.com/msys2/MINGW-packages 6e4e79c2f86eeb534e324e583f2057dc9fd5ecab),AES-128,aes-hw,block-dec,64,7,53000,262144,0.202178955,4.946113208,0.606231689,ok
Windows-x86_64,13th Gen Intel(R) Core(TM) i9-13900H,clang-22.1.8 (https://github.com/msys2/MINGW-packages 6e4e79c2f86eeb534e324e583f2057dc9fd5ecab),AES-128,aes-hw,block-dec,64,8,55200,262144,0.210571289,4.748985507,0.631034851,ok
Windows-x86_64,13th Gen Intel(R) Core(TM) i9-13900H,clang-22.1.8 (https://github.com/msys2/MINGW-packages 6e4e79c2f86eeb534e324e583f2057dc9fd5ecab),AES-128,aes-hw,block-dec,64,9,55100,262144,0.210189819,4.757604356,0.630943298,ok
Windows-x86_64,13th Gen Intel(R) Core(TM) i9-13900H,clang-22.1.8 (https://github.com/msys2/MINGW-packages 6e4e79c2f86eeb534e324e583f2057dc9fd5ecab),AES-128,aes-hw,block-dec,64,10,54100,262144,0.206375122,4.845545287,0.618797302,ok
Windows-x86_64,13th Gen Intel(R) Core(TM) i9-13900H,clang-22.1.8 (https://github.com/msys2/MINGW-packages 6e4e79c2f86eeb534e324e583f2057dc9fd5ecab),AES-128,aes-hw,block-dec,64,11,55100,262144,0.210189819,4.757604356,0.630981445,ok
Windows-x86_64,13th Gen Intel(R) Core(TM) i9-13900H,clang-22.1.8 (https://github.com/msys2/MINGW-packages 6e4e79c2f86eeb534e324e583f2057dc9fd5ecab),AES-128,aes-hw,block-dec,64,12,54100,262144,0.206375122,4.845545287,0.618629456,ok
Windows-x86_64,13th Gen Intel(R) Core(TM) i9-13900H,clang-22.1.8 (https://github.com/msys2/MINGW-packages 6e4e79c2f86eeb534e324e583f2057dc9fd5ecab),AES-128,aes-hw,block-dec,64,13,54100,262144,0.206375122,4.845545287,0.618583679,ok
Windows-x86_64,13th Gen Intel(R) Core(TM) i9-13900H,clang-22.1.8 (https://github.com/msys2/MINGW-packages 6e4e79c2f86eeb534e324e583f2057dc9fd5ecab),AES-128,aes-hw,block-dec,64,14,54000,262144,0.205993652,4.854518519,0.618293762,ok
Windows-x86_64,13th Gen Intel(R) Core(TM) i9-13900H,clang-22.1.8 (https://github.com/msys2/MINGW-packages 6e4e79c2f86eeb534e324e583f2057dc9fd5ecab),AES-128,aes-hw,block-dec,64,15,53100,262144,0.202560425,4.936798493,0.609161377,ok
Windows-x86_64,13th Gen Intel(R) Core(TM) i9-13900H,clang-22.1.8 (https://github.com/msys2/MINGW-packages 6e4e79c2f86eeb534e324e583f2057dc9fd5ecab),AES-128,aes-hw,block-dec,512,1,18400,262144,0.070190430,14.246956522,0.211410522,ok
Windows-x86_64,13th Gen Intel(R) Core(TM) i9-13900H,clang-22.1.8 (https://github.com/msys2/MINGW-packages 6e4e79c2f86eeb534e324e583f2057dc9fd5ecab),AES-128,aes-hw,block-dec,512,2,22100,262144,0.084304810,11.861719457,0.253890991,ok
Windows-x86_64,13th Gen Intel(R) Core(TM) i9-13900H,clang-22.1.8 (https://github.com/msys2/MINGW-packages 6e4e79c2f86eeb534e324e583f2057dc9fd5ecab),AES-128,aes-hw,block-dec,512,3,18500,262144,0.070571899,14.169945946,0.211845398,ok
Windows-x86_64,13th Gen Intel(R) Core(TM) i9-13900H,clang-22.1.8 (https://github.com/msys2/MINGW-packages 6e4e79c2f86eeb534e324e583f2057dc9fd5ecab),AES-128,aes-hw,block-dec,512,4,18500,262144,0.070571899,14.169945946,0.211837769,ok
Windows-x86_64,13th Gen Intel(R) Core(TM) i9-13900H,clang-22.1.8 (https://github.com/msys2/MINGW-packages 6e4e79c2f86eeb534e324e583f2057dc9fd5ecab),AES-128,aes-hw,block-dec,512,5,18400,262144,0.070190430,14.246956522,0.211143494,ok
Windows-x86_64,13th Gen Intel(R) Core(TM) i9-13900H,clang-22.1.8 (https://github.com/msys2/MINGW-packages 6e4e79c2f86eeb534e324e583f2057dc9fd5ecab),AES-128,aes-hw,block-dec,512,6,18700,262144,0.071334839,14.018395722,0.213523865,ok
Windows-x86_64,13th Gen Intel(R) Core(TM) i9-13900H,clang-22.1.8 (https://github.com/msys2/MINGW-packages 6e4e79c2f86eeb534e324e583f2057dc9fd5ecab),AES-128,aes-hw,block-dec,512,7,18400,262144,0.070190430,14.246956522,0.211479187,ok
Windows-x86_64,13th Gen Intel(R) Core(TM) i9-13900H,clang-22.1.8 (https://github.com/msys2/MINGW-packages 6e4e79c2f86eeb534e324e583f2057dc9fd5ecab),AES-128,aes-hw,block-dec,512,8,18400,262144,0.070190430,14.246956522,0.211074829,ok
Windows-x86_64,13th Gen Intel(R) Core(TM) i9-13900H,clang-22.1.8 (https://github.com/msys2/MINGW-packages 6e4e79c2f86eeb534e324e583f2057dc9fd5ecab),AES-128,aes-hw,block-dec,512,9,18400,262144,0.070190430,14.246956522,0.211776733,ok
Windows-x86_64,13th Gen Intel(R) Core(TM) i9-13900H,clang-22.1.8 (https://github.com/msys2/MINGW-packages 6e4e79c2f86eeb534e324e583f2057dc9fd5ecab),AES-128,aes-hw,block-dec,512,10,21400,262144,0.081634521,12.249719626,0.245330811,ok
Windows-x86_64,13th Gen Intel(R) Core(TM) i9-13900H,clang-22.1.8 (https://github.com/msys2/MINGW-packages 6e4e79c2f86eeb534e324e583f2057dc9fd5ecab),AES-128,aes-hw,block-dec,512,11,20900,262144,0.079727173,12.542775120,0.239425659,ok
Windows-x86_64,13th Gen Intel(R) Core(TM) i9-13900H,clang-22.1.8 (https://github.com/msys2/MINGW-packages 6e4e79c2f86eeb534e324e583f2057dc9fd5ecab),AES-128,aes-hw,block-dec,512,12,19700,262144,0.075149536,13.306802030,0.225776672,ok
Windows-x86_64,13th Gen Intel(R) Core(TM) i9-13900H,clang-22.1.8 (https://github.com/msys2/MINGW-packages 6e4e79c2f86eeb534e324e583f2057dc9fd5ecab),AES-128,aes-hw,block-dec,512,13,18500,262144,0.070571899,14.169945946,0.212120056,ok
Windows-x86_64,13th Gen Intel(R) Core(TM) i9-13900H,clang-22.1.8 (https://github.com/msys2/MINGW-packages 6e4e79c2f86eeb534e324e583f2057dc9fd5ecab),AES-128,aes-hw,block-dec,512,14,18500,262144,0.070571899,14.169945946,0.211952209,ok
Windows-x86_64,13th Gen Intel(R) Core(TM) i9-13900H,clang-22.1.8 (https://github.com/msys2/MINGW-packages 6e4e79c2f86eeb534e324e583f2057dc9fd5ecab),AES-128,aes-hw,block-dec,512,15,18500,262144,0.070571899,14.169945946,0.211578369,ok
Windows-x86_64,13th Gen Intel(R) Core(TM) i9-13900H,clang-22.1.8 (https://github.com/msys2/MINGW-packages 6e4e79c2f86eeb534e324e583f2057dc9fd5ecab),AES-128,aes-hw,block-dec,4096,1,16900,262144,0.064468384,15.511479290,0.194442749,ok
Windows-x86_64,13th Gen Intel(R) Core(TM) i9-13900H,clang-22.1.8 (https://github.com/msys2/MINGW-packages 6e4e79c2f86eeb534e324e583f2057dc9fd5ecab),AES-128,aes-hw,block-dec,4096,2,17300,262144,0.065994263,15.152832370,0.198242188,ok
Windows-x86_64,13th Gen Intel(R) Core(TM) i9-13900H,clang-22.1.8 (https://github.com/msys2/MINGW-packages 6e4e79c2f86eeb534e324e583f2057dc9fd5ecab),AES-128,aes-hw,block-dec,4096,3,17000,262144,0.064849854,15.420235294,0.194999695,ok
Windows-x86_64,13th Gen Intel(R) Core(TM) i9-13900H,clang-22.1.8 (https://github.com/msys2/MINGW-packages 6e4e79c2f86eeb534e324e583f2057dc9fd5ecab),AES-128,aes-hw,block-dec,4096,4,16900,262144,0.064468384,15.511479290,0.193252563,ok
Windows-x86_64,13th Gen Intel(R) Core(TM) i9-13900H,clang-22.1.8 (https://github.com/msys2/MINGW-packages 6e4e79c2f86eeb534e324e583f2057dc9fd5ecab),AES-128,aes-hw,block-dec,4096,5,17000,262144,0.064849854,15.420235294,0.195373535,ok
Windows-x86_64,13th Gen Intel(R) Core(TM) i9-13900H,clang-22.1.8 (https://github.com/msys2/MINGW-packages 6e4e79c2f86eeb534e324e583f2057dc9fd5ecab),AES-128,aes-hw,block-dec,4096,6,17200,262144,0.065612793,15.240930233,0.197494507,ok
Windows-x86_64,13th Gen Intel(R) Core(TM) i9-13900H,clang-22.1.8 (https://github.com/msys2/MINGW-packages 6e4e79c2f86eeb534e324e583f2057dc9fd5ecab),AES-128,aes-hw,block-dec,4096,7,17000,262144,0.064849854,15.420235294,0.194778442,ok
Windows-x86_64,13th Gen Intel(R) Core(TM) i9-13900H,clang-22.1.8 (https://github.com/msys2/MINGW-packages 6e4e79c2f86eeb534e324e583f2057dc9fd5ecab),AES-128,aes-hw,block-dec,4096,8,16900,262144,0.064468384,15.511479290,0.194274902,ok
Windows-x86_64,13th Gen Intel(R) Core(TM) i9-13900H,clang-22.1.8 (https://github.com/msys2/MINGW-packages 6e4e79c2f86eeb534e324e583f2057dc9fd5ecab),AES-128,aes-hw,block-dec,4096,9,16900,262144,0.064468384,15.511479290,0.193962097,ok
Windows-x86_64,13th Gen Intel(R) Core(TM) i9-13900H,clang-22.1.8 (https://github.com/msys2/MINGW-packages 6e4e79c2f86eeb534e324e583f2057dc9fd5ecab),AES-128,aes-hw,block-dec,4096,10,17000,262144,0.064849854,15.420235294,0.194465637,ok
Windows-x86_64,13th Gen Intel(R) Core(TM) i9-13900H,clang-22.1.8 (https://github.com/msys2/MINGW-packages 6e4e79c2f86eeb534e324e583f2057dc9fd5ecab),AES-128,aes-hw,block-dec,4096,11,17000,262144,0.064849854,15.420235294,0.194145203,ok
Windows-x86_64,13th Gen Intel(R) Core(TM) i9-13900H,clang-22.1.8 (https://github.com/msys2/MINGW-packages 6e4e79c2f86eeb534e324e583f2057dc9fd5ecab),AES-128,aes-hw,block-dec,4096,12,16900,262144,0.064468384,15.511479290,0.194053650,ok
Windows-x86_64,13th Gen Intel(R) Core(TM) i9-13900H,clang-22.1.8 (https://github.com/msys2/MINGW-packages 6e4e79c2f86eeb534e324e583f2057dc9fd5ecab),AES-128,aes-hw,block-dec,4096,13,17000,262144,0.064849854,15.420235294,0.194511414,ok
Windows-x86_64,13th Gen Intel(R) Core(TM) i9-13900H,clang-22.1.8 (https://github.com/msys2/MINGW-packages 6e4e79c2f86eeb534e324e583f2057dc9fd5ecab),AES-128,aes-hw,block-dec,4096,14,17000,262144,0.064849854,15.420235294,0.194374084,ok
Windows-x86_64,13th Gen Intel(R) Core(TM) i9-13900H,clang-22.1.8 (https://github.com/msys2/MINGW-packages 6e4e79c2f86eeb534e324e583f2057dc9fd5ecab),AES-128,aes-hw,block-dec,4096,15,16900,262144,0.064468384,15.511479290,0.194145203,ok
Windows-x86_64,13th Gen Intel(R) Core(TM) i9-13900H,clang-22.1.8 (https://github.com/msys2/MINGW-packages 6e4e79c2f86eeb534e324e583f2057dc9fd5ecab),AES-128,aes-hw,block-dec,8192,1,16500,262144,0.062942505,15.887515152,0.190414429,ok
Windows-x86_64,13th Gen Intel(R) Core(TM) i9-13900H,clang-22.1.8 (https://github.com/msys2/MINGW-packages 6e4e79c2f86eeb534e324e583f2057dc9fd5ecab),AES-128,aes-hw,block-dec,8192,2,16600,262144,0.063323975,15.791807229,0.190116882,ok
Windows-x86_64,13th Gen Intel(R) Core(TM) i9-13900H,clang-22.1.8 (https://github.com/msys2/MINGW-packages 6e4e79c2f86eeb534e324e583f2057dc9fd5ecab),AES-128,aes-hw,block-dec,8192,3,16700,262144,0.063705444,15.697245509,0.192092896,ok
Windows-x86_64,13th Gen Intel(R) Core(TM) i9-13900H,clang-22.1.8 (https://github.com/msys2/MINGW-packages 6e4e79c2f86eeb534e324e583f2057dc9fd5ecab),AES-128,aes-hw,block-dec,8192,4,16600,262144,0.063323975,15.791807229,0.190246582,ok
Windows-x86_64,13th Gen Intel(R) Core(TM) i9-13900H,clang-22.1.8 (https://github.com/msys2/MINGW-packages 6e4e79c2f86eeb534e324e583f2057dc9fd5ecab),AES-128,aes-hw,block-dec,8192,5,16700,262144,0.063705444,15.697245509,0.190956116,ok
Windows-x86_64,13th Gen Intel(R) Core(TM) i9-13900H,clang-22.1.8 (https://github.com/msys2/MINGW-packages 6e4e79c2f86eeb534e324e583f2057dc9fd5ecab),AES-128,aes-hw,block-dec,8192,6,16600,262144,0.063323975,15.791807229,0.189994812,ok
Windows-x86_64,13th Gen Intel(R) Core(TM) i9-13900H,clang-22.1.8 (https://github.com/msys2/MINGW-packages 6e4e79c2f86eeb534e324e583f2057dc9fd5ecab),AES-128,aes-hw,block-dec,8192,7,16600,262144,0.063323975,15.791807229,0.190307617,ok
Windows-x86_64,13th Gen Intel(R) Core(TM) i9-13900H,clang-22.1.8 (https://github.com/msys2/MINGW-packages 6e4e79c2f86eeb534e324e583f2057dc9fd5ecab),AES-128,aes-hw,block-dec,8192,8,16700,262144,0.063705444,15.697245509,0.191596985,ok
Windows-x86_64,13th Gen Intel(R) Core(TM) i9-13900H,clang-22.1.8 (https://github.com/msys2/MINGW-packages 6e4e79c2f86eeb534e324e583f2057dc9fd5ecab),AES-128,aes-hw,block-dec,8192,9,16700,262144,0.063705444,15.697245509,0.190322876,ok
Windows-x86_64,13th Gen Intel(R) Core(TM) i9-13900H,clang-22.1.8 (https://github.com/msys2/MINGW-packages 6e4e79c2f86eeb534e324e583f2057dc9fd5ecab),AES-128,aes-hw,block-dec,8192,10,17500,262144,0.066757202,14.979657143,0.200942993,ok
Windows-x86_64,13th Gen Intel(R) Core(TM) i9-13900H,clang-22.1.8 (https://github.com/msys2/MINGW-packages 6e4e79c2f86eeb534e324e583f2057dc9fd5ecab),AES-128,aes-hw,block-dec,8192,11,16400,262144,0.062561035,15.984390244,0.187500000,ok
Windows-x86_64,13th Gen Intel(R) Core(TM) i9-13900H,clang-22.1.8 (https://github.com/msys2/MINGW-packages 6e4e79c2f86eeb534e324e583f2057dc9fd5ecab),AES-128,aes-hw,block-dec,8192,12,16100,262144,0.061416626,16.282236025,0.185462952,ok
Windows-x86_64,13th Gen Intel(R) Core(TM) i9-13900H,clang-22.1.8 (https://github.com/msys2/MINGW-packages 6e4e79c2f86eeb534e324e583f2057dc9fd5ecab),AES-128,aes-hw,block-dec,8192,13,16200,262144,0.061798096,16.181728395,0.185432434,ok
Windows-x86_64,13th Gen Intel(R) Core(TM) i9-13900H,clang-22.1.8 (https://github.com/msys2/MINGW-packages 6e4e79c2f86eeb534e324e583f2057dc9fd5ecab),AES-128,aes-hw,block-dec,8192,14,16200,262144,0.061798096,16.181728395,0.185867310,ok
Windows-x86_64,13th Gen Intel(R) Core(TM) i9-13900H,clang-22.1.8 (https://github.com/msys2/MINGW-packages 6e4e79c2f86eeb534e324e583f2057dc9fd5ecab),AES-128,aes-hw,block-dec,8192,15,16200,262144,0.061798096,16.181728395,0.185371399,ok
Windows-x86_64,13th Gen Intel(R) Core(TM) i9-13900H,clang-22.1.8 (https://github.com/msys2/MINGW-packages 6e4e79c2f86eeb534e324e583f2057dc9fd5ecab),AES-128,aes-hw,block-dec,65536,1,15800,262144,0.060272217,16.591392405,0.182258606,ok
Windows-x86_64,13th Gen Intel(R) Core(TM) i9-13900H,clang-22.1.8 (https://github.com/msys2/MINGW-packages 6e4e79c2f86eeb534e324e583f2057dc9fd5ecab),AES-128,aes-hw,block-dec,65536,2,15900,262144,0.060653687,16.487044025,0.182556152,ok
Windows-x86_64,13th Gen Intel(R) Core(TM) i9-13900H,clang-22.1.8 (https://github.com/msys2/MINGW-packages 6e4e79c2f86eeb534e324e583f2057dc9fd5ecab),AES-128,aes-hw,block-dec,65536,3,15900,262144,0.060653687,16.487044025,0.182540894,ok
Windows-x86_64,13th Gen Intel(R) Core(TM) i9-13900H,clang-22.1.8 (https://github.com/msys2/MINGW-packages 6e4e79c2f86eeb534e324e583f2057dc9fd5ecab),AES-128,aes-hw,block-dec,65536,4,15900,262144,0.060653687,16.487044025,0.182441711,ok
Windows-x86_64,13th Gen Intel(R) Core(TM) i9-13900H,clang-22.1.8 (https://github.com/msys2/MINGW-packages 6e4e79c2f86eeb534e324e583f2057dc9fd5ecab),AES-128,aes-hw,block-dec,65536,5,15900,262144,0.060653687,16.487044025,0.182617188,ok
Windows-x86_64,13th Gen Intel(R) Core(TM) i9-13900H,clang-22.1.8 (https://github.com/msys2/MINGW-packages 6e4e79c2f86eeb534e324e583f2057dc9fd5ecab),AES-128,aes-hw,block-dec,65536,6,15900,262144,0.060653687,16.487044025,0.182357788,ok
Windows-x86_64,13th Gen Intel(R) Core(TM) i9-13900H,clang-22.1.8 (https://github.com/msys2/MINGW-packages 6e4e79c2f86eeb534e324e583f2057dc9fd5ecab),AES-128,aes-hw,block-dec,65536,7,15900,262144,0.060653687,16.487044025,0.182388306,ok
Windows-x86_64,13th Gen Intel(R) Core(TM) i9-13900H,clang-22.1.8 (https://github.com/msys2/MINGW-packages 6e4e79c2f86eeb534e324e583f2057dc9fd5ecab),AES-128,aes-hw,block-dec,65536,8,15800,262144,0.060272217,16.591392405,0.181320190,ok
Windows-x86_64,13th Gen Intel(R) Core(TM) i9-13900H,clang-22.1.8 (https://github.com/msys2/MINGW-packages 6e4e79c2f86eeb534e324e583f2057dc9fd5ecab),AES-128,aes-hw,block-dec,65536,9,15800,262144,0.060272217,16.591392405,0.181030273,ok
Windows-x86_64,13th Gen Intel(R) Core(TM) i9-13900H,clang-22.1.8 (https://github.com/msys2/MINGW-packages 6e4e79c2f86eeb534e324e583f2057dc9fd5ecab),AES-128,aes-hw,block-dec,65536,10,15900,262144,0.060653687,16.487044025,0.181411743,ok
Windows-x86_64,13th Gen Intel(R) Core(TM) i9-13900H,clang-22.1.8 (https://github.com/msys2/MINGW-packages 6e4e79c2f86eeb534e324e583f2057dc9fd5ecab),AES-128,aes-hw,block-dec,65536,11,15900,262144,0.060653687,16.487044025,0.181663513,ok
Windows-x86_64,13th Gen Intel(R) Core(TM) i9-13900H,clang-22.1.8 (https://github.com/msys2/MINGW-packages 6e4e79c2f86eeb534e324e583f2057dc9fd5ecab),AES-128,aes-hw,block-dec,65536,12,15800,262144,0.060272217,16.591392405,0.181320190,ok
Windows-x86_64,13th Gen Intel(R) Core(TM) i9-13900H,clang-22.1.8 (https://github.com/msys2/MINGW-packages 6e4e79c2f86eeb534e324e583f2057dc9fd5ecab),AES-128,aes-hw,block-dec,65536,13,15800,262144,0.060272217,16.591392405,0.181724548,ok
Windows-x86_64,13th Gen Intel(R) Core(TM) i9-13900H,clang-22.1.8 (https://github.com/msys2/MINGW-packages 6e4e79c2f86eeb534e324e583f2057dc9fd5ecab),AES-128,aes-hw,block-dec,65536,14,15800,262144,0.060272217,16.591392405,0.181304932,ok
Windows-x86_64,13th Gen Intel(R) Core(TM) i9-13900H,clang-22.1.8 (https://github.com/msys2/MINGW-packages 6e4e79c2f86eeb534e324e583f2057dc9fd5ecab),AES-128,aes-hw,block-dec,65536,15,15900,262144,0.060653687,16.487044025,0.181213379,ok
Windows-x86_64,13th Gen Intel(R) Core(TM) i9-13900H,clang-22.1.8 (https://github.com/msys2/MINGW-packages 6e4e79c2f86eeb534e324e583f2057dc9fd5ecab),AES-128,aes-hw,block-dec,1048576,1,66600,1048576,0.063514709,15.744384384,0.190641403,ok
Windows-x86_64,13th Gen Intel(R) Core(TM) i9-13900H,clang-22.1.8 (https://github.com/msys2/MINGW-packages 6e4e79c2f86eeb534e324e583f2057dc9fd5ecab),AES-128,aes-hw,block-dec,1048576,2,65100,1048576,0.062084198,16.107158218,0.186128616,ok
Windows-x86_64,13th Gen Intel(R) Core(TM) i9-13900H,clang-22.1.8 (https://github.com/msys2/MINGW-packages 6e4e79c2f86eeb534e324e583f2057dc9fd5ecab),AES-128,aes-hw,block-dec,1048576,3,65400,1048576,0.062370300,16.033272171,0.186820984,ok
Windows-x86_64,13th Gen Intel(R) Core(TM) i9-13900H,clang-22.1.8 (https://github.com/msys2/MINGW-packages 6e4e79c2f86eeb534e324e583f2057dc9fd5ecab),AES-128,aes-hw,block-dec,1048576,4,64200,1048576,0.061225891,16.332959502,0.183607101,ok
Windows-x86_64,13th Gen Intel(R) Core(TM) i9-13900H,clang-22.1.8 (https://github.com/msys2/MINGW-packages 6e4e79c2f86eeb534e324e583f2057dc9fd5ecab),AES-128,aes-hw,block-dec,1048576,5,65400,1048576,0.062370300,16.033272171,0.186927795,ok
Windows-x86_64,13th Gen Intel(R) Core(TM) i9-13900H,clang-22.1.8 (https://github.com/msys2/MINGW-packages 6e4e79c2f86eeb534e324e583f2057dc9fd5ecab),AES-128,aes-hw,block-dec,1048576,6,64800,1048576,0.061798096,16.181728395,0.185270309,ok
Windows-x86_64,13th Gen Intel(R) Core(TM) i9-13900H,clang-22.1.8 (https://github.com/msys2/MINGW-packages 6e4e79c2f86eeb534e324e583f2057dc9fd5ecab),AES-128,aes-hw,block-dec,1048576,7,65100,1048576,0.062084198,16.107158218,0.186050415,ok
Windows-x86_64,13th Gen Intel(R) Core(TM) i9-13900H,clang-22.1.8 (https://github.com/msys2/MINGW-packages 6e4e79c2f86eeb534e324e583f2057dc9fd5ecab),AES-128,aes-hw,block-dec,1048576,8,64900,1048576,0.061893463,16.156795069,0.185647964,ok
Windows-x86_64,13th Gen Intel(R) Core(TM) i9-13900H,clang-22.1.8 (https://github.com/msys2/MINGW-packages 6e4e79c2f86eeb534e324e583f2057dc9fd5ecab),AES-128,aes-hw,block-dec,1048576,9,65100,1048576,0.062084198,16.107158218,0.185857773,ok
Windows-x86_64,13th Gen Intel(R) Core(TM) i9-13900H,clang-22.1.8 (https://github.com/msys2/MINGW-packages 6e4e79c2f86eeb534e324e583f2057dc9fd5ecab),AES-128,aes-hw,block-dec,1048576,10,64900,1048576,0.061893463,16.156795069,0.185733795,ok
Windows-x86_64,13th Gen Intel(R) Core(TM) i9-13900H,clang-22.1.8 (https://github.com/msys2/MINGW-packages 6e4e79c2f86eeb534e324e583f2057dc9fd5ecab),AES-128,aes-hw,block-dec,1048576,11,63600,1048576,0.060653687,16.487044025,0.181650162,ok
Windows-x86_64,13th Gen Intel(R) Core(TM) i9-13900H,clang-22.1.8 (https://github.com/msys2/MINGW-packages 6e4e79c2f86eeb534e324e583f2057dc9fd5ecab),AES-128,aes-hw,block-dec,1048576,12,63600,1048576,0.060653687,16.487044025,0.181728363,ok
Windows-x86_64,13th Gen Intel(R) Core(TM) i9-13900H,clang-22.1.8 (https://github.com/msys2/MINGW-packages 6e4e79c2f86eeb534e324e583f2057dc9fd5ecab),AES-128,aes-hw,block-dec,1048576,13,70100,1048576,0.066852570,14.958288160,0.200414658,ok
Windows-x86_64,13th Gen Intel(R) Core(TM) i9-13900H,clang-22.1.8 (https://github.com/msys2/MINGW-packages 6e4e79c2f86eeb534e324e583f2057dc9fd5ecab),AES-128,aes-hw,block-dec,1048576,14,63000,1048576,0.060081482,16.644063492,0.180168152,ok
Windows-x86_64,13th Gen Intel(R) Core(TM) i9-13900H,clang-22.1.8 (https://github.com/msys2/MINGW-packages 6e4e79c2f86eeb534e324e583f2057dc9fd5ecab),AES-128,aes-hw,block-dec,1048576,15,62900,1048576,0.059986115,16.670524642,0.180057526,ok
Windows-x86_64,13th Gen Intel(R) Core(TM) i9-13900H,clang-22.1.8 (https://github.com/msys2/MINGW-packages 6e4e79c2f86eeb534e324e583f2057dc9fd5ecab),SM4-128,ref,block,64,1,3103700,262144,11.839675903,0.084461771,35.464683533,ok
Windows-x86_64,13th Gen Intel(R) Core(TM) i9-13900H,clang-22.1.8 (https://github.com/msys2/MINGW-packages 6e4e79c2f86eeb534e324e583f2057dc9fd5ecab),SM4-128,ref,block,64,2,3104400,262144,11.842346191,0.084442726,35.470123291,ok
Windows-x86_64,13th Gen Intel(R) Core(TM) i9-13900H,clang-22.1.8 (https://github.com/msys2/MINGW-packages 6e4e79c2f86eeb534e324e583f2057dc9fd5ecab),SM4-128,ref,block,64,3,3095800,262144,11.809539795,0.084677305,35.372062683,ok
Windows-x86_64,13th Gen Intel(R) Core(TM) i9-13900H,clang-22.1.8 (https://github.com/msys2/MINGW-packages 6e4e79c2f86eeb534e324e583f2057dc9fd5ecab),SM4-128,ref,block,64,4,3092300,262144,11.796188354,0.084773146,35.331642151,ok
Windows-x86_64,13th Gen Intel(R) Core(TM) i9-13900H,clang-22.1.8 (https://github.com/msys2/MINGW-packages 6e4e79c2f86eeb534e324e583f2057dc9fd5ecab),SM4-128,ref,block,64,5,3193500,262144,12.182235718,0.082086739,36.489273071,ok
Windows-x86_64,13th Gen Intel(R) Core(TM) i9-13900H,clang-22.1.8 (https://github.com/msys2/MINGW-packages 6e4e79c2f86eeb534e324e583f2057dc9fd5ecab),SM4-128,ref,block,64,6,3163200,262144,12.066650391,0.082873040,36.141929626,ok
Windows-x86_64,13th Gen Intel(R) Core(TM) i9-13900H,clang-22.1.8 (https://github.com/msys2/MINGW-packages 6e4e79c2f86eeb534e324e583f2057dc9fd5ecab),SM4-128,ref,block,64,7,3092900,262144,11.798477173,0.084756701,35.339439392,ok
Windows-x86_64,13th Gen Intel(R) Core(TM) i9-13900H,clang-22.1.8 (https://github.com/msys2/MINGW-packages 6e4e79c2f86eeb534e324e583f2057dc9fd5ecab),SM4-128,ref,block,64,8,3096700,262144,11.812973022,0.084652695,35.383941650,ok
Windows-x86_64,13th Gen Intel(R) Core(TM) i9-13900H,clang-22.1.8 (https://github.com/msys2/MINGW-packages 6e4e79c2f86eeb534e324e583f2057dc9fd5ecab),SM4-128,ref,block,64,9,3109900,262144,11.863327026,0.084293386,35.533821106,ok
Windows-x86_64,13th Gen Intel(R) Core(TM) i9-13900H,clang-22.1.8 (https://github.com/msys2/MINGW-packages 6e4e79c2f86eeb534e324e583f2057dc9fd5ecab),SM4-128,ref,block,64,10,3172000,262144,12.100219727,0.082643127,36.244308472,ok
Windows-x86_64,13th Gen Intel(R) Core(TM) i9-13900H,clang-22.1.8 (https://github.com/msys2/MINGW-packages 6e4e79c2f86eeb534e324e583f2057dc9fd5ecab),SM4-128,ref,block,64,11,3103800,262144,11.840057373,0.084459050,35.464057922,ok
Windows-x86_64,13th Gen Intel(R) Core(TM) i9-13900H,clang-22.1.8 (https://github.com/msys2/MINGW-packages 6e4e79c2f86eeb534e324e583f2057dc9fd5ecab),SM4-128,ref,block,64,12,3102200,262144,11.833953857,0.084502611,35.445388794,ok
Windows-x86_64,13th Gen Intel(R) Core(TM) i9-13900H,clang-22.1.8 (https://github.com/msys2/MINGW-packages 6e4e79c2f86eeb534e324e583f2057dc9fd5ecab),SM4-128,ref,block,64,13,3160400,262144,12.055969238,0.082946462,36.110954285,ok
Windows-x86_64,13th Gen Intel(R) Core(TM) i9-13900H,clang-22.1.8 (https://github.com/msys2/MINGW-packages 6e4e79c2f86eeb534e324e583f2057dc9fd5ecab),SM4-128,ref,block,64,14,3134200,262144,11.956024170,0.083639844,35.811134338,ok
Windows-x86_64,13th Gen Intel(R) Core(TM) i9-13900H,clang-22.1.8 (https://github.com/msys2/MINGW-packages 6e4e79c2f86eeb534e324e583f2057dc9fd5ecab),SM4-128,ref,block,64,15,3106900,262144,11.851882935,0.084374779,35.499099731,ok
Windows-x86_64,13th Gen Intel(R) Core(TM) i9-13900H,clang-22.1.8 (https://github.com/msys2/MINGW-packages 6e4e79c2f86eeb534e324e583f2057dc9fd5ecab),SM4-128,ref,block,512,1,3141900,262144,11.985397339,0.083434864,35.899185181,ok
Windows-x86_64,13th Gen Intel(R) Core(TM) i9-13900H,clang-22.1.8 (https://github.com/msys2/MINGW-packages 6e4e79c2f86eeb534e324e583f2057dc9fd5ecab),SM4-128,ref,block,512,2,3106500,262144,11.850357056,0.084385643,35.494277954,ok
Windows-x86_64,13th Gen Intel(R) Core(TM) i9-13900H,clang-22.1.8 (https://github.com/msys2/MINGW-packages 6e4e79c2f86eeb534e324e583f2057dc9fd5ecab),SM4-128,ref,block,512,3,3159400,262144,12.052154541,0.082972716,36.099693298,ok
Windows-x86_64,13th Gen Intel(R) Core(TM) i9-13900H,clang-22.1.8 (https://github.com/msys2/MINGW-packages 6e4e79c2f86eeb534e324e583f2057dc9fd5ecab),SM4-128,ref,block,512,4,3181200,262144,12.135314941,0.082404124,36.348915100,ok
Windows-x86_64,13th Gen Intel(R) Core(TM) i9-13900H,clang-22.1.8 (https://github.com/msys2/MINGW-packages 6e4e79c2f86eeb534e324e583f2057dc9fd5ecab),SM4-128,ref,block,512,5,3119300,262144,11.899185181,0.084039368,35.641593933,ok
Windows-x86_64,13th Gen Intel(R) Core(TM) i9-13900H,clang-22.1.8 (https://github.com/msys2/MINGW-packages 6e4e79c2f86eeb534e324e583f2057dc9fd5ecab),SM4-128,ref,block,512,6,3066000,262144,11.695861816,0.085500326,35.032020569,ok
Windows-x86_64,13th Gen Intel(R) Core(TM) i9-13900H,clang-22.1.8 (https://github.com/msys2/MINGW-packages 6e4e79c2f86eeb534e324e583f2057dc9fd5ecab),SM4-128,ref,block,512,7,3097100,262144,11.814498901,0.084641762,35.387275696,ok
Windows-x86_64,13th Gen Intel(R) Core(TM) i9-13900H,clang-22.1.8 (https://github.com/msys2/MINGW-packages 6e4e79c2f86eeb534e324e583f2057dc9fd5ecab),SM4-128,ref,block,512,8,3145100,262144,11.997604370,0.083349973,35.936035156,ok
Windows-x86_64,13th Gen Intel(R) Core(TM) i9-13900H,clang-22.1.8 (https://github.com/msys2/MINGW-packages 6e4e79c2f86eeb534e324e583f2057dc9fd5ecab),SM4-128,ref,block,512,9,3120400,262144,11.903381348,0.084009742,35.653991699,ok
Windows-x86_64,13th Gen Intel(R) Core(TM) i9-13900H,clang-22.1.8 (https://github.com/msys2/MINGW-packages 6e4e79c2f86eeb534e324e583f2057dc9fd5ecab),SM4-128,ref,block,512,10,3135700,262144,11.961746216,0.083599834,35.828598022,ok
Windows-x86_64,13th Gen Intel(R) Core(TM) i9-13900H,clang-22.1.8 (https://github.com/msys2/MINGW-packages 6e4e79c2f86eeb534e324e583f2057dc9fd5ecab),SM4-128,ref,block,512,11,3144700,262144,11.996078491,0.083360575,35.930313110,ok
Windows-x86_64,13th Gen Intel(R) Core(TM) i9-13900H,clang-22.1.8 (https://github.com/msys2/MINGW-packages 6e4e79c2f86eeb534e324e583f2057dc9fd5ecab),SM4-128,ref,block,512,12,3130200,262144,11.940765381,0.083746725,35.765090942,ok
Windows-x86_64,13th Gen Intel(R) Core(TM) i9-13900H,clang-22.1.8 (https://github.com/msys2/MINGW-packages 6e4e79c2f86eeb534e324e583f2057dc9fd5ecab),SM4-128,ref,block,512,13,3070100,262144,11.711502075,0.085386144,35.078651428,ok
Windows-x86_64,13th Gen Intel(R) Core(TM) i9-13900H,clang-22.1.8 (https://github.com/msys2/MINGW-packages 6e4e79c2f86eeb534e324e583f2057dc9fd5ecab),SM4-128,ref,block,512,14,3060200,262144,11.673736572,0.085662375,34.965583801,ok
Windows-x86_64,13th Gen Intel(R) Core(TM) i9-13900H,clang-22.1.8 (https://github.com/msys2/MINGW-packages 6e4e79c2f86eeb534e324e583f2057dc9fd5ecab),SM4-128,ref,block,512,15,3086900,262144,11.775588989,0.084921442,35.271263123,ok
Windows-x86_64,13th Gen Intel(R) Core(TM) i9-13900H,clang-22.1.8 (https://github.com/msys2/MINGW-packages 6e4e79c2f86eeb534e324e583f2057dc9fd5ecab),SM4-128,ref,block,4096,1,3172500,262144,12.102127075,0.082630102,36.262741089,ok
Windows-x86_64,13th Gen Intel(R) Core(TM) i9-13900H,clang-22.1.8 (https://github.com/msys2/MINGW-packages 6e4e79c2f86eeb534e324e583f2057dc9fd5ecab),SM4-128,ref,block,4096,2,3236100,262144,12.344741821,0.081006149,36.975673676,ok
Windows-x86_64,13th Gen Intel(R) Core(TM) i9-13900H,clang-22.1.8 (https://github.com/msys2/MINGW-packages 6e4e79c2f86eeb534e324e583f2057dc9fd5ecab),SM4-128,ref,block,4096,3,3165100,262144,12.073898315,0.082823292,36.163581848,ok
Windows-x86_64,13th Gen Intel(R) Core(TM) i9-13900H,clang-22.1.8 (https://github.com/msys2/MINGW-packages 6e4e79c2f86eeb534e324e583f2057dc9fd5ecab),SM4-128,ref,block,4096,4,3060500,262144,11.674880981,0.085653978,34.968254089,ok
Windows-x86_64,13th Gen Intel(R) Core(TM) i9-13900H,clang-22.1.8 (https://github.com/msys2/MINGW-packages 6e4e79c2f86eeb534e324e583f2057dc9fd5ecab),SM4-128,ref,block,4096,5,3028400,262144,11.552429199,0.086561881,34.602600098,ok
Windows-x86_64,13th Gen Intel(R) Core(TM) i9-13900H,clang-22.1.8 (https://github.com/msys2/MINGW-packages 6e4e79c2f86eeb534e324e583f2057dc9fd5ecab),SM4-128,ref,block,4096,6,2989200,262144,11.402893066,0.087697043,34.154273987,ok
Windows-x86_64,13th Gen Intel(R) Core(TM) i9-13900H,clang-22.1.8 (https://github.com/msys2/MINGW-packages 6e4e79c2f86eeb534e324e583f2057dc9fd5ecab),SM4-128,ref,block,4096,7,2991200,262144,11.410522461,0.087638406,34.176933289,ok
Windows-x86_64,13th Gen Intel(R) Core(TM) i9-13900H,clang-22.1.8 (https://github.com/msys2/MINGW-packages 6e4e79c2f86eeb534e324e583f2057dc9fd5ecab),SM4-128,ref,block,4096,8,2996600,262144,11.431121826,0.087480478,34.239654541,ok
Windows-x86_64,13th Gen Intel(R) Core(TM) i9-13900H,clang-22.1.8 (https://github.com/msys2/MINGW-packages 6e4e79c2f86eeb534e324e583f2057dc9fd5ecab),SM4-128,ref,block,4096,9,2991700,262144,11.412429810,0.087623759,34.182312012,ok
Windows-x86_64,13th Gen Intel(R) Core(TM) i9-13900H,clang-22.1.8 (https://github.com/msys2/MINGW-packages 6e4e79c2f86eeb534e324e583f2057dc9fd5ecab),SM4-128,ref,block,4096,10,2990000,262144,11.405944824,0.087673579,34.163566589,ok
Windows-x86_64,13th Gen Intel(R) Core(TM) i9-13900H,clang-22.1.8 (https://github.com/msys2/MINGW-packages 6e4e79c2f86eeb534e324e583f2057dc9fd5ecab),SM4-128,ref,block,4096,11,3125400,262144,11.922454834,0.083875344,35.710769653,ok
Windows-x86_64,13th Gen Intel(R) Core(TM) i9-13900H,clang-22.1.8 (https://github.com/msys2/MINGW-packages 6e4e79c2f86eeb534e324e583f2057dc9fd5ecab),SM4-128,ref,block,4096,12,3261600,262144,12.442016602,0.080372823,37.266845703,ok
Windows-x86_64,13th Gen Intel(R) Core(TM) i9-13900H,clang-22.1.8 (https://github.com/msys2/MINGW-packages 6e4e79c2f86eeb534e324e583f2057dc9fd5ecab),SM4-128,ref,block,4096,13,3151000,262144,12.020111084,0.083193907,36.002433777,ok
Windows-x86_64,13th Gen Intel(R) Core(TM) i9-13900H,clang-22.1.8 (https://github.com/msys2/MINGW-packages 6e4e79c2f86eeb534e324e583f2057dc9fd5ecab),SM4-128,ref,block,4096,14,3191200,262144,12.173461914,0.082145901,36.462654114,ok
Windows-x86_64,13th Gen Intel(R) Core(TM) i9-13900H,clang-22.1.8 (https://github.com/msys2/MINGW-packages 6e4e79c2f86eeb534e324e583f2057dc9fd5ecab),SM4-128,ref,block,4096,15,3267100,262144,12.462997437,0.080237520,37.329952240,ok
Windows-x86_64,13th Gen Intel(R) Core(TM) i9-13900H,clang-22.1.8 (https://github.com/msys2/MINGW-packages 6e4e79c2f86eeb534e324e583f2057dc9fd5ecab),SM4-128,ref,block,8192,1,3329200,262144,12.699890137,0.078740839,38.048618317,ok
Windows-x86_64,13th Gen Intel(R) Core(TM) i9-13900H,clang-22.1.8 (https://github.com/msys2/MINGW-packages 6e4e79c2f86eeb534e324e583f2057dc9fd5ecab),SM4-128,ref,block,8192,2,3086800,262144,11.775207520,0.084924193,35.270931244,ok
Windows-x86_64,13th Gen Intel(R) Core(TM) i9-13900H,clang-22.1.8 (https://github.com/msys2/MINGW-packages 6e4e79c2f86eeb534e324e583f2057dc9fd5ecab),SM4-128,ref,block,8192,3,2992800,262144,11.416625977,0.087591553,34.196098328,ok
Windows-x86_64,13th Gen Intel(R) Core(TM) i9-13900H,clang-22.1.8 (https://github.com/msys2/MINGW-packages 6e4e79c2f86eeb534e324e583f2057dc9fd5ecab),SM4-128,ref,block,8192,4,3005500,262144,11.465072632,0.087221427,34.341796875,ok
Windows-x86_64,13th Gen Intel(R) Core(TM) i9-13900H,clang-22.1.8 (https://github.com/msys2/MINGW-packages 6e4e79c2f86eeb534e324e583f2057dc9fd5ecab),SM4-128,ref,block,8192,5,3000500,262144,11.445999146,0.087366772,34.283561707,ok
Windows-x86_64,13th Gen Intel(R) Core(TM) i9-13900H,clang-22.1.8 (https://github.com/msys2/MINGW-packages 6e4e79c2f86eeb534e324e583f2057dc9fd5ecab),SM4-128,ref,block,8192,6,3122600,262144,11.911773682,0.083950554,35.678577423,ok
Windows-x86_64,13th Gen Intel(R) Core(TM) i9-13900H,clang-22.1.8 (https://github.com/msys2/MINGW-packages 6e4e79c2f86eeb534e324e583f2057dc9fd5ecab),SM4-128,ref,block,8192,7,3141100,262144,11.982345581,0.083456114,35.890445709,ok
Windows-x86_64,13th Gen Intel(R) Core(TM) i9-13900H,clang-22.1.8 (https://github.com/msys2/MINGW-packages 6e4e79c2f86eeb534e324e583f2057dc9fd5ecab),SM4-128,ref,block,8192,8,2994500,262144,11.423110962,0.087541827,34.215003967,ok
Windows-x86_64,13th Gen Intel(R) Core(TM) i9-13900H,clang-22.1.8 (https://github.com/msys2/MINGW-packages 6e4e79c2f86eeb534e324e583f2057dc9fd5ecab),SM4-128,ref,block,8192,9,2991300,262144,11.410903931,0.087635476,34.178413391,ok
Windows-x86_64,13th Gen Intel(R) Core(TM) i9-13900H,clang-22.1.8 (https://github.com/msys2/MINGW-packages 6e4e79c2f86eeb534e324e583f2057dc9fd5ecab),SM4-128,ref,block,8192,10,2990400,262144,11.407470703,0.087661851,34.167541504,ok
Windows-x86_64,13th Gen Intel(R) Core(TM) i9-13900H,clang-22.1.8 (https://github.com/msys2/MINGW-packages 6e4e79c2f86eeb534e324e583f2057dc9fd5ecab),SM4-128,ref,block,8192,11,3203100,262144,12.218856812,0.081840717,36.598102570,ok
Windows-x86_64,13th Gen Intel(R) Core(TM) i9-13900H,clang-22.1.8 (https://github.com/msys2/MINGW-packages 6e4e79c2f86eeb534e324e583f2057dc9fd5ecab),SM4-128,ref,block,8192,12,3180300,262144,12.131881714,0.082427444,36.337554932,ok
Windows-x86_64,13th Gen Intel(R) Core(TM) i9-13900H,clang-22.1.8 (https://github.com/msys2/MINGW-packages 6e4e79c2f86eeb534e324e583f2057dc9fd5ecab),SM4-128,ref,block,8192,13,3079100,262144,11.745834351,0.085136566,35.181655884,ok
Windows-x86_64,13th Gen Intel(R) Core(TM) i9-13900H,clang-22.1.8 (https://github.com/msys2/MINGW-packages 6e4e79c2f86eeb534e324e583f2057dc9fd5ecab),SM4-128,ref,block,8192,14,3072400,262144,11.720275879,0.085322224,35.104766846,ok
Windows-x86_64,13th Gen Intel(R) Core(TM) i9-13900H,clang-22.1.8 (https://github.com/msys2/MINGW-packages 6e4e79c2f86eeb534e324e583f2057dc9fd5ecab),SM4-128,ref,block,8192,15,3001000,262144,11.447906494,0.087352216,34.289291382,ok
Windows-x86_64,13th Gen Intel(R) Core(TM) i9-13900H,clang-22.1.8 (https://github.com/msys2/MINGW-packages 6e4e79c2f86eeb534e324e583f2057dc9fd5ecab),SM4-128,ref,block,65536,1,3005700,262144,11.465835571,0.087215624,34.346466064,ok
Windows-x86_64,13th Gen Intel(R) Core(TM) i9-13900H,clang-22.1.8 (https://github.com/msys2/MINGW-packages 6e4e79c2f86eeb534e324e583f2057dc9fd5ecab),SM4-128,ref,block,65536,2,2997100,262144,11.433029175,0.087465884,34.244628906,ok
Windows-x86_64,13th Gen Intel(R) Core(TM) i9-13900H,clang-22.1.8 (https://github.com/msys2/MINGW-packages 6e4e79c2f86eeb534e324e583f2057dc9fd5ecab),SM4-128,ref,block,65536,3,2997600,262144,11.434936523,0.087451294,34.251159668,ok
Windows-x86_64,13th Gen Intel(R) Core(TM) i9-13900H,clang-22.1.8 (https://github.com/msys2/MINGW-packages 6e4e79c2f86eeb534e324e583f2057dc9fd5ecab),SM4-128,ref,block,65536,4,3006700,262144,11.469650269,0.087186617,34.354354858,ok
Windows-x86_64,13th Gen Intel(R) Core(TM) i9-13900H,clang-22.1.8 (https://github.com/msys2/MINGW-packages 6e4e79c2f86eeb534e324e583f2057dc9fd5ecab),SM4-128,ref,block,65536,5,3050400,262144,11.636352539,0.085937582,34.853385925,ok
Windows-x86_64,13th Gen Intel(R) Core(TM) i9-13900H,clang-22.1.8 (https://github.com/msys2/MINGW-packages 6e4e79c2f86eeb534e324e583f2057dc9fd5ecab),SM4-128,ref,block,65536,6,3111100,262144,11.867904663,0.084260872,35.546714783,ok
Windows-x86_64,13th Gen Intel(R) Core(TM) i9-13900H,clang-22.1.8 (https://github.com/msys2/MINGW-packages 6e4e79c2f86eeb534e324e583f2057dc9fd5ecab),SM4-128,ref,block,65536,7,3088500,262144,11.781692505,0.084877449,35.289154053,ok
Windows-x86_64,13th Gen Intel(R) Core(TM) i9-13900H,clang-22.1.8 (https://github.com/msys2/MINGW-packages 6e4e79c2f86eeb534e324e583f2057dc9fd5ecab),SM4-128,ref,block,65536,8,3146800,262144,12.004089355,0.083304945,35.955192566,ok
Windows-x86_64,13th Gen Intel(R) Core(TM) i9-13900H,clang-22.1.8 (https://github.com/msys2/MINGW-packages 6e4e79c2f86eeb534e324e583f2057dc9fd5ecab),SM4-128,ref,block,65536,9,3142700,262144,11.988449097,0.083413625,35.907897949,ok
Windows-x86_64,13th Gen Intel(R) Core(TM) i9-13900H,clang-22.1.8 (https://github.com/msys2/MINGW-packages 6e4e79c2f86eeb534e324e583f2057dc9fd5ecab),SM4-128,ref,block,65536,10,3082500,262144,11.758804321,0.085042660,35.221054077,ok
Windows-x86_64,13th Gen Intel(R) Core(TM) i9-13900H,clang-22.1.8 (https://github.com/msys2/MINGW-packages 6e4e79c2f86eeb534e324e583f2057dc9fd5ecab),SM4-128,ref,block,65536,11,3074800,262144,11.729431152,0.085255626,35.132095337,ok
Windows-x86_64,13th Gen Intel(R) Core(TM) i9-13900H,clang-22.1.8 (https://github.com/msys2/MINGW-packages 6e4e79c2f86eeb534e324e583f2057dc9fd5ecab),SM4-128,ref,block,65536,12,3070400,262144,11.712646484,0.085377801,35.081741333,ok
Windows-x86_64,13th Gen Intel(R) Core(TM) i9-13900H,clang-22.1.8 (https://github.com/msys2/MINGW-packages 6e4e79c2f86eeb534e324e583f2057dc9fd5ecab),SM4-128,ref,block,65536,13,3064500,262144,11.690139771,0.085542177,35.015190125,ok
Windows-x86_64,13th Gen Intel(R) Core(TM) i9-13900H,clang-22.1.8 (https://github.com/msys2/MINGW-packages 6e4e79c2f86eeb534e324e583f2057dc9fd5ecab),SM4-128,ref,block,65536,14,3355400,262144,12.799835205,0.078126006,38.338184357,ok
Windows-x86_64,13th Gen Intel(R) Core(TM) i9-13900H,clang-22.1.8 (https://github.com/msys2/MINGW-packages 6e4e79c2f86eeb534e324e583f2057dc9fd5ecab),SM4-128,ref,block,65536,15,3386800,262144,12.919616699,0.077401677,38.696929932,ok
Windows-x86_64,13th Gen Intel(R) Core(TM) i9-13900H,clang-22.1.8 (https://github.com/msys2/MINGW-packages 6e4e79c2f86eeb534e324e583f2057dc9fd5ecab),SM4-128,ref,block,1048576,1,12314100,1048576,11.743640900,0.085152467,35.182294846,ok
Windows-x86_64,13th Gen Intel(R) Core(TM) i9-13900H,clang-22.1.8 (https://github.com/msys2/MINGW-packages 6e4e79c2f86eeb534e324e583f2057dc9fd5ecab),SM4-128,ref,block,1048576,2,12395000,1048576,11.820793152,0.084596692,35.406127930,ok
Windows-x86_64,13th Gen Intel(R) Core(TM) i9-13900H,clang-22.1.8 (https://github.com/msys2/MINGW-packages 6e4e79c2f86eeb534e324e583f2057dc9fd5ecab),SM4-128,ref,block,1048576,3,12006600,1048576,11.450386047,0.087333300,34.296520233,ok
Windows-x86_64,13th Gen Intel(R) Core(TM) i9-13900H,clang-22.1.8 (https://github.com/msys2/MINGW-packages 6e4e79c2f86eeb534e324e583f2057dc9fd5ecab),SM4-128,ref,block,1048576,4,11986700,1048576,11.431407928,0.087478288,34.239677429,ok
Windows-x86_64,13th Gen Intel(R) Core(TM) i9-13900H,clang-22.1.8 (https://github.com/msys2/MINGW-packages 6e4e79c2f86eeb534e324e583f2057dc9fd5ecab),SM4-128,ref,block,1048576,5,12762500,1048576,12.171268463,0.082160705,36.455692291,ok
Windows-x86_64,13th Gen Intel(R) Core(TM) i9-13900H,clang-22.1.8 (https://github.com/msys2/MINGW-packages 6e4e79c2f86eeb534e324e583f2057dc9fd5ecab),SM4-128,ref,block,1048576,6,12655700,1048576,12.069416046,0.082854050,36.150734901,ok
Windows-x86_64,13th Gen Intel(R) Core(TM) i9-13900H,clang-22.1.8 (https://github.com/msys2/MINGW-packages 6e4e79c2f86eeb534e324e583f2057dc9fd5ecab),SM4-128,ref,block,1048576,7,12101800,1048576,11.541175842,0.086646284,34.568752289,ok
Windows-x86_64,13th Gen Intel(R) Core(TM) i9-13900H,clang-22.1.8 (https://github.com/msys2/MINGW-packages 6e4e79c2f86eeb534e324e583f2057dc9fd5ecab),SM4-128,ref,block,1048576,8,12183500,1048576,11.619091034,0.086065252,34.801829338,ok
Windows-x86_64,13th Gen Intel(R) Core(TM) i9-13900H,clang-22.1.8 (https://github.com/msys2/MINGW-packages 6e4e79c2f86eeb534e324e583f2057dc9fd5ecab),SM4-128,ref,block,1048576,9,12111000,1048576,11.549949646,0.086580464,34.595048904,ok
Windows-x86_64,13th Gen Intel(R) Core(TM) i9-13900H,clang-22.1.8 (https://github.com/msys2/MINGW-packages 6e4e79c2f86eeb534e324e583f2057dc9fd5ecab),SM4-128,ref,block,1048576,10,12582100,1048576,11.999225616,0.083338711,35.940293312,ok
Windows-x86_64,13th Gen Intel(R) Core(TM) i9-13900H,clang-22.1.8 (https://github.com/msys2/MINGW-packages 6e4e79c2f86eeb534e324e583f2057dc9fd5ecab),SM4-128,ref,block,1048576,11,12046600,1048576,11.488533020,0.087043315,34.410646439,ok
Windows-x86_64,13th Gen Intel(R) Core(TM) i9-13900H,clang-22.1.8 (https://github.com/msys2/MINGW-packages 6e4e79c2f86eeb534e324e583f2057dc9fd5ecab),SM4-128,ref,block,1048576,12,12041200,1048576,11.483383179,0.087082351,34.395120621,ok
Windows-x86_64,13th Gen Intel(R) Core(TM) i9-13900H,clang-22.1.8 (https://github.com/msys2/MINGW-packages 6e4e79c2f86eeb534e324e583f2057dc9fd5ecab),SM4-128,ref,block,1048576,13,12677600,1048576,12.090301514,0.082710923,36.213062286,ok
Windows-x86_64,13th Gen Intel(R) Core(TM) i9-13900H,clang-22.1.8 (https://github.com/msys2/MINGW-packages 6e4e79c2f86eeb534e324e583f2057dc9fd5ecab),SM4-128,ref,block,1048576,14,12635300,1048576,12.049961090,0.082987820,36.092161179,ok
Windows-x86_64,13th Gen Intel(R) Core(TM) i9-13900H,clang-22.1.8 (https://github.com/msys2/MINGW-packages 6e4e79c2f86eeb534e324e583f2057dc9fd5ecab),SM4-128,ref,block,1048576,15,12468600,1048576,11.890983582,0.084097332,35.616226196,ok
Windows-x86_64,13th Gen Intel(R) Core(TM) i9-13900H,clang-22.1.8 (https://github.com/msys2/MINGW-packages 6e4e79c2f86eeb534e324e583f2057dc9fd5ecab),SM4-128,ttable-4k,block,64,1,2081400,262144,7.939910889,0.125945998,23.802158356,ok
Windows-x86_64,13th Gen Intel(R) Core(TM) i9-13900H,clang-22.1.8 (https://github.com/msys2/MINGW-packages 6e4e79c2f86eeb534e324e583f2057dc9fd5ecab),SM4-128,ttable-4k,block,64,2,2068400,262144,7.890319824,0.126737575,23.634513855,ok
Windows-x86_64,13th Gen Intel(R) Core(TM) i9-13900H,clang-22.1.8 (https://github.com/msys2/MINGW-packages 6e4e79c2f86eeb534e324e583f2057dc9fd5ecab),SM4-128,ttable-4k,block,64,3,2020500,262144,7.707595825,0.129742143,23.086128235,ok
Windows-x86_64,13th Gen Intel(R) Core(TM) i9-13900H,clang-22.1.8 (https://github.com/msys2/MINGW-packages 6e4e79c2f86eeb534e324e583f2057dc9fd5ecab),SM4-128,ttable-4k,block,64,4,2016500,262144,7.692337036,0.129999504,23.040618896,ok
Windows-x86_64,13th Gen Intel(R) Core(TM) i9-13900H,clang-22.1.8 (https://github.com/msys2/MINGW-packages 6e4e79c2f86eeb534e324e583f2057dc9fd5ecab),SM4-128,ttable-4k,block,64,5,2007800,262144,7.659149170,0.130562805,22.940658569,ok
Windows-x86_64,13th Gen Intel(R) Core(TM) i9-13900H,clang-22.1.8 (https://github.com/msys2/MINGW-packages 6e4e79c2f86eeb534e324e583f2057dc9fd5ecab),SM4-128,ttable-4k,block,64,6,1984400,262144,7.569885254,0.132102399,22.673889160,ok
Windows-x86_64,13th Gen Intel(R) Core(TM) i9-13900H,clang-22.1.8 (https://github.com/msys2/MINGW-packages 6e4e79c2f86eeb534e324e583f2057dc9fd5ecab),SM4-128,ttable-4k,block,64,7,1975000,262144,7.534027100,0.132731139,22.567352295,ok
Windows-x86_64,13th Gen Intel(R) Core(TM) i9-13900H,clang-22.1.8 (https://github.com/msys2/MINGW-packages 6e4e79c2f86eeb534e324e583f2057dc9fd5ecab),SM4-128,ttable-4k,block,64,8,2195400,262144,8.374786377,0.119406031,25.085834503,ok
Windows-x86_64,13th Gen Intel(R) Core(TM) i9-13900H,clang-22.1.8 (https://github.com/msys2/MINGW-packages 6e4e79c2f86eeb534e324e583f2057dc9fd5ecab),SM4-128,ttable-4k,block,64,9,2294200,262144,8.751678467,0.114263796,26.214065552,ok
Windows-x86_64,13th Gen Intel(R) Core(TM) i9-13900H,clang-22.1.8 (https://github.com/msys2/MINGW-packages 6e4e79c2f86eeb534e324e583f2057dc9fd5ecab),SM4-128,ttable-4k,block,64,10,2178900,262144,8.311843872,0.120310248,24.895896912,ok
Windows-x86_64,13th Gen Intel(R) Core(TM) i9-13900H,clang-22.1.8 (https://github.com/msys2/MINGW-packages 6e4e79c2f86eeb534e324e583f2057dc9fd5ecab),SM4-128,ttable-4k,block,64,11,2092600,262144,7.982635498,0.125271911,23.910232544,ok
Windows-x86_64,13th Gen Intel(R) Core(TM) i9-13900H,clang-22.1.8 (https://github.com/msys2/MINGW-packages 6e4e79c2f86eeb534e324e583f2057dc9fd5ecab),SM4-128,ttable-4k,block,64,12,2058800,262144,7.853698730,0.127328541,23.524757385,ok
Windows-x86_64,13th Gen Intel(R) Core(TM) i9-13900H,clang-22.1.8 (https://github.com/msys2/MINGW-packages 6e4e79c2f86eeb534e324e583f2057dc9fd5ecab),SM4-128,ttable-4k,block,64,13,2025700,262144,7.727432251,0.129409093,23.146148682,ok
Windows-x86_64,13th Gen Intel(R) Core(TM) i9-13900H,clang-22.1.8 (https://github.com/msys2/MINGW-packages 6e4e79c2f86eeb534e324e583f2057dc9fd5ecab),SM4-128,ttable-4k,block,64,14,2010400,262144,7.669067383,0.130393951,22.971160889,ok
Windows-x86_64,13th Gen Intel(R) Core(TM) i9-13900H,clang-22.1.8 (https://github.com/msys2/MINGW-packages 6e4e79c2f86eeb534e324e583f2057dc9fd5ecab),SM4-128,ttable-4k,block,64,15,1987600,262144,7.582092285,0.131889716,22.710197449,ok
Windows-x86_64,13th Gen Intel(R) Core(TM) i9-13900H,clang-22.1.8 (https://github.com/msys2/MINGW-packages 6e4e79c2f86eeb534e324e583f2057dc9fd5ecab),SM4-128,ttable-4k,block,512,1,2051700,262144,7.826614380,0.127769167,23.466613770,ok
Windows-x86_64,13th Gen Intel(R) Core(TM) i9-13900H,clang-22.1.8 (https://github.com/msys2/MINGW-packages 6e4e79c2f86eeb534e324e583f2057dc9fd5ecab),SM4-128,ttable-4k,block,512,2,2039800,262144,7.781219482,0.128514560,23.307243347,ok
Windows-x86_64,13th Gen Intel(R) Core(TM) i9-13900H,clang-22.1.8 (https://github.com/msys2/MINGW-packages 6e4e79c2f86eeb534e324e583f2057dc9fd5ecab),SM4-128,ttable-4k,block,512,3,2008700,262144,7.662582397,0.130504306,22.951347351,ok
Windows-x86_64,13th Gen Intel(R) Core(TM) i9-13900H,clang-22.1.8 (https://github.com/msys2/MINGW-packages 6e4e79c2f86eeb534e324e583f2057dc9fd5ecab),SM4-128,ttable-4k,block,512,4,2001800,262144,7.636260986,0.130954141,22.872283936,ok
Windows-x86_64,13th Gen Intel(R) Core(TM) i9-13900H,clang-22.1.8 (https://github.com/msys2/MINGW-packages 6e4e79c2f86eeb534e324e583f2057dc9fd5ecab),SM4-128,ttable-4k,block,512,5,2007300,262144,7.657241821,0.130595327,22.936405182,ok
Windows-x86_64,13th Gen Intel(R) Core(TM) i9-13900H,clang-22.1.8 (https://github.com/msys2/MINGW-packages 6e4e79c2f86eeb534e324e583f2057dc9fd5ecab),SM4-128,ttable-4k,block,512,6,2047400,262144,7.810211182,0.128037511,23.393356323,ok
Windows-x86_64,13th Gen Intel(R) Core(TM) i9-13900H,clang-22.1.8 (https://github.com/msys2/MINGW-packages 6e4e79c2f86eeb534e324e583f2057dc9fd5ecab),SM4-128,ttable-4k,block,512,7,2014900,262144,7.686233521,0.130102735,23.023323059,ok
Windows-x86_64,13th Gen Intel(R) Core(TM) i9-13900H,clang-22.1.8 (https://github.com/msys2/MINGW-packages 6e4e79c2f86eeb534e324e583f2057dc9fd5ecab),SM4-128,ttable-4k,block,512,8,2059100,262144,7.854843140,0.127309990,23.527679443,ok
Windows-x86_64,13th Gen Intel(R) Core(TM) i9-13900H,clang-22.1.8 (https://github.com/msys2/MINGW-packages 6e4e79c2f86eeb534e324e583f2057dc9fd5ecab),SM4-128,ttable-4k,block,512,9,2021300,262144,7.710647583,0.129690793,23.096668243,ok
Windows-x86_64,13th Gen Intel(R) Core(TM) i9-13900H,clang-22.1.8 (https://github.com/msys2/MINGW-packages 6e4e79c2f86eeb534e324e583f2057dc9fd5ecab),SM4-128,ttable-4k,block,512,10,1956600,262144,7.463836670,0.133979352,22.356002808,ok
Windows-x86_64,13th Gen Intel(R) Core(TM) i9-13900H,clang-22.1.8 (https://github.com/msys2/MINGW-packages 6e4e79c2f86eeb534e324e583f2057dc9fd5ecab),SM4-128,ttable-4k,block,512,11,2120900,262144,8.090591431,0.123600358,24.234416962,ok
Windows-x86_64,13th Gen Intel(R) Core(TM) i9-13900H,clang-22.1.8 (https://github.com/msys2/MINGW-packages 6e4e79c2f86eeb534e324e583f2057dc9fd5ecab),SM4-128,ttable-4k,block,512,12,2098700,262144,8.005905151,0.124907800,23.979652405,ok
Windows-x86_64,13th Gen Intel(R) Core(TM) i9-13900H,clang-22.1.8 (https://github.com/msys2/MINGW-packages 6e4e79c2f86eeb534e324e583f2057dc9fd5ecab),SM4-128,ttable-4k,block,512,13,2054900,262144,7.838821411,0.127570198,23.478599548,ok
Windows-x86_64,13th Gen Intel(R) Core(TM) i9-13900H,clang-22.1.8 (https://github.com/msys2/MINGW-packages 6e4e79c2f86eeb534e324e583f2057dc9fd5ecab),SM4-128,ttable-4k,block,512,14,2028700,262144,7.738876343,0.129217726,23.180862427,ok
Windows-x86_64,13th Gen Intel(R) Core(TM) i9-13900H,clang-22.1.8 (https://github.com/msys2/MINGW-packages 6e4e79c2f86eeb534e324e583f2057dc9fd5ecab),SM4-128,ttable-4k,block,512,15,2007500,262144,7.658004761,0.130582316,22.937309265,ok
Windows-x86_64,13th Gen Intel(R) Core(TM) i9-13900H,clang-22.1.8 (https://github.com/msys2/MINGW-packages 6e4e79c2f86eeb534e324e583f2057dc9fd5ecab),SM4-128,ttable-4k,block,4096,1,1963600,262144,7.490539551,0.133501732,22.442596436,ok
Windows-x86_64,13th Gen Intel(R) Core(TM) i9-13900H,clang-22.1.8 (https://github.com/msys2/MINGW-packages 6e4e79c2f86eeb534e324e583f2057dc9fd5ecab),SM4-128,ttable-4k,block,4096,2,1949900,262144,7.438278198,0.134439715,22.280563354,ok
Windows-x86_64,13th Gen Intel(R) Core(TM) i9-13900H,clang-22.1.8 (https://github.com/msys2/MINGW-packages 6e4e79c2f86eeb534e324e583f2057dc9fd5ecab),SM4-128,ttable-4k,block,4096,3,1958400,262144,7.470703125,0.133856209,22.377082825,ok
Windows-x86_64,13th Gen Intel(R) Core(TM) i9-13900H,clang-22.1.8 (https://github.com/msys2/MINGW-packages 6e4e79c2f86eeb534e324e583f2057dc9fd5ecab),SM4-128,ttable-4k,block,4096,4,1965800,262144,7.498931885,0.133352325,22.460929871,ok
Windows-x86_64,13th Gen Intel(R) Core(TM) i9-13900H,clang-22.1.8 (https://github.com/msys2/MINGW-packages 6e4e79c2f86eeb534e324e583f2057dc9fd5ecab),SM4-128,ttable-4k,block,4096,5,1971300,262144,7.519912720,0.132980267,22.524429321,ok
Windows-x86_64,13th Gen Intel(R) Core(TM) i9-13900H,clang-22.1.8 (https://github.com/msys2/MINGW-packages 6e4e79c2f86eeb534e324e583f2057dc9fd5ecab),SM4-128,ttable-4k,block,4096,6,1960600,262144,7.479095459,0.133706008,22.401390076,ok
Windows-x86_64,13th Gen Intel(R) Core(TM) i9-13900H,clang-22.1.8 (https://github.com/msys2/MINGW-packages 6e4e79c2f86eeb534e324e583f2057dc9fd5ecab),SM4-128,ttable-4k,block,4096,7,1966400,262144,7.501220703,0.133311635,22.468238831,ok
Windows-x86_64,13th Gen Intel(R) Core(TM) i9-13900H,clang-22.1.8 (https://github.com/msys2/MINGW-packages 6e4e79c2f86eeb534e324e583f2057dc9fd5ecab),SM4-128,ttable-4k,block,4096,8,1964800,262144,7.495117188,0.133420195,22.450569153,ok
Windows-x86_64,13th Gen Intel(R) Core(TM) i9-13900H,clang-22.1.8 (https://github.com/msys2/MINGW-packages 6e4e79c2f86eeb534e324e583f2057dc9fd5ecab),SM4-128,ttable-4k,block,4096,9,1956500,262144,7.463455200,0.133986200,22.355201721,ok
Windows-x86_64,13th Gen Intel(R) Core(TM) i9-13900H,clang-22.1.8 (https://github.com/msys2/MINGW-packages 6e4e79c2f86eeb534e324e583f2057dc9fd5ecab),SM4-128,ttable-4k,block,4096,10,1972400,262144,7.524108887,0.132906104,22.537010193,ok
Windows-x86_64,13th Gen Intel(R) Core(TM) i9-13900H,clang-22.1.8 (https://github.com/msys2/MINGW-packages 6e4e79c2f86eeb534e324e583f2057dc9fd5ecab),SM4-128,ttable-4k,block,4096,11,1969000,262144,7.511138916,0.133135602,22.497703552,ok
Windows-x86_64,13th Gen Intel(R) Core(TM) i9-13900H,clang-22.1.8 (https://github.com/msys2/MINGW-packages 6e4e79c2f86eeb534e324e583f2057dc9fd5ecab),SM4-128,ttable-4k,block,4096,12,1962100,262144,7.484817505,0.133603792,22.418785095,ok
Windows-x86_64,13th Gen Intel(R) Core(TM) i9-13900H,clang-22.1.8 (https://github.com/msys2/MINGW-packages 6e4e79c2f86eeb534e324e583f2057dc9fd5ecab),SM4-128,ttable-4k,block,4096,13,1963300,262144,7.489395142,0.133522131,22.433738708,ok
Windows-x86_64,13th Gen Intel(R) Core(TM) i9-13900H,clang-22.1.8 (https://github.com/msys2/MINGW-packages 6e4e79c2f86eeb534e324e583f2057dc9fd5ecab),SM4-128,ttable-4k,block,4096,14,1975600,262144,7.536315918,0.132690828,22.573547363,ok
Windows-x86_64,13th Gen Intel(R) Core(TM) i9-13900H,clang-22.1.8 (https://github.com/msys2/MINGW-packages 6e4e79c2f86eeb534e324e583f2057dc9fd5ecab),SM4-128,ttable-4k,block,4096,15,1963300,262144,7.489395142,0.133522131,22.432052612,ok
Windows-x86_64,13th Gen Intel(R) Core(TM) i9-13900H,clang-22.1.8 (https://github.com/msys2/MINGW-packages 6e4e79c2f86eeb534e324e583f2057dc9fd5ecab),SM4-128,ttable-4k,block,8192,1,1954700,262144,7.456588745,0.134109582,22.335960388,ok
Windows-x86_64,13th Gen Intel(R) Core(TM) i9-13900H,clang-22.1.8 (https://github.com/msys2/MINGW-packages 6e4e79c2f86eeb534e324e583f2057dc9fd5ecab),SM4-128,ttable-4k,block,8192,2,1946200,262144,7.424163818,0.134695304,22.238105774,ok
Windows-x86_64,13th Gen Intel(R) Core(TM) i9-13900H,clang-22.1.8 (https://github.com/msys2/MINGW-packages 6e4e79c2f86eeb534e324e583f2057dc9fd5ecab),SM4-128,ttable-4k,block,8192,3,1963800,262144,7.491302490,0.133488135,22.437911987,ok
Windows-x86_64,13th Gen Intel(R) Core(TM) i9-13900H,clang-22.1.8 (https://github.com/msys2/MINGW-packages 6e4e79c2f86eeb534e324e583f2057dc9fd5ecab),SM4-128,ttable-4k,block,8192,4,1961100,262144,7.481002808,0.133671919,22.406974792,ok
Windows-x86_64,13th Gen Intel(R) Core(TM) i9-13900H,clang-22.1.8 (https://github.com/msys2/MINGW-packages 6e4e79c2f86eeb534e324e583f2057dc9fd5ecab),SM4-128,ttable-4k,block,8192,5,1963100,262144,7.488632202,0.133535734,22.430358887,ok
Windows-x86_64,13th Gen Intel(R) Core(TM) i9-13900H,clang-22.1.8 (https://github.com/msys2/MINGW-packages 6e4e79c2f86eeb534e324e583f2057dc9fd5ecab),SM4-128,ttable-4k,block,8192,6,1961500,262144,7.482528687,0.133644660,22.412872314,ok
Windows-x86_64,13th Gen Intel(R) Core(TM) i9-13900H,clang-22.1.8 (https://github.com/msys2/MINGW-packages 6e4e79c2f86eeb534e324e583f2057dc9fd5ecab),SM4-128,ttable-4k,block,8192,7,1962000,262144,7.484436035,0.133610601,22.418487549,ok
Windows-x86_64,13th Gen Intel(R) Core(TM) i9-13900H,clang-22.1.8 (https://github.com/msys2/MINGW-packages 6e4e79c2f86eeb534e324e583f2057dc9fd5ecab),SM4-128,ttable-4k,block,8192,8,1947200,262144,7.427978516,0.134626130,22.248619080,ok
Windows-x86_64,13th Gen Intel(R) Core(TM) i9-13900H,clang-22.1.8 (https://github.com/msys2/MINGW-packages 6e4e79c2f86eeb534e324e583f2057dc9fd5ecab),SM4-128,ttable-4k,block,8192,9,2242700,262144,8.555221558,0.116887680,25.625339508,ok
Windows-x86_64,13th Gen Intel(R) Core(TM) i9-13900H,clang-22.1.8 (https://github.com/msys2/MINGW-packages 6e4e79c2f86eeb534e324e583f2057dc9fd5ecab),SM4-128,ttable-4k,block,8192,10,2273300,262144,8.671951294,0.115314301,25.975181580,ok
Windows-x86_64,13th Gen Intel(R) Core(TM) i9-13900H,clang-22.1.8 (https://github.com/msys2/MINGW-packages 6e4e79c2f86eeb534e324e583f2057dc9fd5ecab),SM4-128,ttable-4k,block,8192,11,2221600,262144,8.474731445,0.117997839,25.383895874,ok
Windows-x86_64,13th Gen Intel(R) Core(TM) i9-13900H,clang-22.1.8 (https://github.com/msys2/MINGW-packages 6e4e79c2f86eeb534e324e583f2057dc9fd5ecab),SM4-128,ttable-4k,block,8192,12,2193100,262144,8.366012573,0.119531257,25.059051514,ok
Windows-x86_64,13th Gen Intel(R) Core(TM) i9-13900H,clang-22.1.8 (https://github.com/msys2/MINGW-packages 6e4e79c2f86eeb534e324e583f2057dc9fd5ecab),SM4-128,ttable-4k,block,8192,13,2189700,262144,8.353042603,0.119716856,25.019073486,ok
Windows-x86_64,13th Gen Intel(R) Core(TM) i9-13900H,clang-22.1.8 (https://github.com/msys2/MINGW-packages 6e4e79c2f86eeb534e324e583f2057dc9fd5ecab),SM4-128,ttable-4k,block,8192,14,2167900,262144,8.269882202,0.120920707,24.770950317,ok
Windows-x86_64,13th Gen Intel(R) Core(TM) i9-13900H,clang-22.1.8 (https://github.com/msys2/MINGW-packages 6e4e79c2f86eeb534e324e583f2057dc9fd5ecab),SM4-128,ttable-4k,block,8192,15,2248600,262144,8.577728271,0.116580984,25.693309784,ok
Windows-x86_64,13th Gen Intel(R) Core(TM) i9-13900H,clang-22.1.8 (https://github.com/msys2/MINGW-packages 6e4e79c2f86eeb534e324e583f2057dc9fd5ecab),SM4-128,ttable-4k,block,65536,1,1970800,262144,7.518005371,0.133014004,22.526092529,ok
Windows-x86_64,13th Gen Intel(R) Core(TM) i9-13900H,clang-22.1.8 (https://github.com/msys2/MINGW-packages 6e4e79c2f86eeb534e324e583f2057dc9fd5ecab),SM4-128,ttable-4k,block,65536,2,1970400,262144,7.516479492,0.133041007,22.514114380,ok
Windows-x86_64,13th Gen Intel(R) Core(TM) i9-13900H,clang-22.1.8 (https://github.com/msys2/MINGW-packages 6e4e79c2f86eeb534e324e583f2057dc9fd5ecab),SM4-128,ttable-4k,block,65536,3,1969000,262144,7.511138916,0.133135602,22.497734070,ok
Windows-x86_64,13th Gen Intel(R) Core(TM) i9-13900H,clang-22.1.8 (https://github.com/msys2/MINGW-packages 6e4e79c2f86eeb534e324e583f2057dc9fd5ecab),SM4-128,ttable-4k,block,65536,4,1966000,262144,7.499694824,0.133338759,22.463981628,ok
Windows-x86_64,13th Gen Intel(R) Core(TM) i9-13900H,clang-22.1.8 (https://github.com/msys2/MINGW-packages 6e4e79c2f86eeb534e324e583f2057dc9fd5ecab),SM4-128,ttable-4k,block,65536,5,1972100,262144,7.522964478,0.132926322,22.532981873,ok
Windows-x86_64,13th Gen Intel(R) Core(TM) i9-13900H,clang-22.1.8 (https://github.com/msys2/MINGW-packages 6e4e79c2f86eeb534e324e583f2057dc9fd5ecab),SM4-128,ttable-4k,block,65536,6,1968000,262144,7.507324219,0.133203252,22.486923218,ok
Windows-x86_64,13th Gen Intel(R) Core(TM) i9-13900H,clang-22.1.8 (https://github.com/msys2/MINGW-packages 6e4e79c2f86eeb534e324e583f2057dc9fd5ecab),SM4-128,ttable-4k,block,65536,7,1970900,262144,7.518386841,0.133007256,22.519020081,ok
Windows-x86_64,13th Gen Intel(R) Core(TM) i9-13900H,clang-22.1.8 (https://github.com/msys2/MINGW-packages 6e4e79c2f86eeb534e324e583f2057dc9fd5ecab),SM4-128,ttable-4k,block,65536,8,1970000,262144,7.514953613,0.133068020,22.509109497,ok
Windows-x86_64,13th Gen Intel(R) Core(TM) i9-13900H,clang-22.1.8 (https://github.com/msys2/MINGW-packages 6e4e79c2f86eeb534e324e583f2057dc9fd5ecab),SM4-128,ttable-4k,block,65536,9,1970400,262144,7.516479492,0.133041007,22.513725281,ok
Windows-x86_64,13th Gen Intel(R) Core(TM) i9-13900H,clang-22.1.8 (https://github.com/msys2/MINGW-packages 6e4e79c2f86eeb534e324e583f2057dc9fd5ecab),SM4-128,ttable-4k,block,65536,10,1969100,262144,7.511520386,0.133128841,22.498489380,ok
Windows-x86_64,13th Gen Intel(R) Core(TM) i9-13900H,clang-22.1.8 (https://github.com/msys2/MINGW-packages 6e4e79c2f86eeb534e324e583f2057dc9fd5ecab),SM4-128,ttable-4k,block,65536,11,1974200,262144,7.530975342,0.132784926,22.556983948,ok
Windows-x86_64,13th Gen Intel(R) Core(TM) i9-13900H,clang-22.1.8 (https://github.com/msys2/MINGW-packages 6e4e79c2f86eeb534e324e583f2057dc9fd5ecab),SM4-128,ttable-4k,block,65536,12,1954500,262144,7.455825806,0.134123305,22.331863403,ok
Windows-x86_64,13th Gen Intel(R) Core(TM) i9-13900H,clang-22.1.8 (https://github.com/msys2/MINGW-packages 6e4e79c2f86eeb534e324e583f2057dc9fd5ecab),SM4-128,ttable-4k,block,65536,13,1961100,262144,7.481002808,0.133671919,22.407630920,ok
Windows-x86_64,13th Gen Intel(R) Core(TM) i9-13900H,clang-22.1.8 (https://github.com/msys2/MINGW-packages 6e4e79c2f86eeb534e324e583f2057dc9fd5ecab),SM4-128,ttable-4k,block,65536,14,1966500,262144,7.501602173,0.133304856,22.468971252,ok
Windows-x86_64,13th Gen Intel(R) Core(TM) i9-13900H,clang-22.1.8 (https://github.com/msys2/MINGW-packages 6e4e79c2f86eeb534e324e583f2057dc9fd5ecab),SM4-128,ttable-4k,block,65536,15,1969400,262144,7.512664795,0.133108561,22.501869202,ok
Windows-x86_64,13th Gen Intel(R) Core(TM) i9-13900H,clang-22.1.8 (https://github.com/msys2/MINGW-packages 6e4e79c2f86eeb534e324e583f2057dc9fd5ecab),SM4-128,ttable-4k,block,1048576,1,7891700,1048576,7.526111603,0.132870738,22.544803619,ok
Windows-x86_64,13th Gen Intel(R) Core(TM) i9-13900H,clang-22.1.8 (https://github.com/msys2/MINGW-packages 6e4e79c2f86eeb534e324e583f2057dc9fd5ecab),SM4-128,ttable-4k,block,1048576,2,7843700,1048576,7.480335236,0.133683848,22.405349731,ok
Windows-x86_64,13th Gen Intel(R) Core(TM) i9-13900H,clang-22.1.8 (https://github.com/msys2/MINGW-packages 6e4e79c2f86eeb534e324e583f2057dc9fd5ecab),SM4-128,ttable-4k,block,1048576,3,7850000,1048576,7.486343384,0.133576561,22.423463821,ok
Windows-x86_64,13th Gen Intel(R) Core(TM) i9-13900H,clang-22.1.8 (https://github.com/msys2/MINGW-packages 6e4e79c2f86eeb534e324e583f2057dc9fd5ecab),SM4-128,ttable-4k,block,1048576,4,7829300,1048576,7.466602325,0.133929726,22.364185333,ok
Windows-x86_64,13th Gen Intel(R) Core(TM) i9-13900H,clang-22.1.8 (https://github.com/msys2/MINGW-packages 6e4e79c2f86eeb534e324e583f2057dc9fd5ecab),SM4-128,ttable-4k,block,1048576,5,7942100,1048576,7.574176788,0.132027549,22.686265945,ok
Windows-x86_64,13th Gen Intel(R) Core(TM) i9-13900H,clang-22.1.8 (https://github.com/msys2/MINGW-packages 6e4e79c2f86eeb534e324e583f2057dc9fd5ecab),SM4-128,ttable-4k,block,1048576,6,7890100,1048576,7.524585724,0.132897682,22.537973404,ok
Windows-x86_64,13th Gen Intel(R) Core(TM) i9-13900H,clang-22.1.8 (https://github.com/msys2/MINGW-packages 6e4e79c2f86eeb534e324e583f2057dc9fd5ecab),SM4-128,ttable-4k,block,1048576,7,7912600,1048576,7.546043396,0.132519779,22.602077484,ok
Windows-x86_64,13th Gen Intel(R) Core(TM) i9-13900H,clang-22.1.8 (https://github.com/msys2/MINGW-packages 6e4e79c2f86eeb534e324e583f2057dc9fd5ecab),SM4-128,ttable-4k,block,1048576,8,7911200,1048576,7.544708252,0.132543230,22.597885132,ok
Windows-x86_64,13th Gen Intel(R) Core(TM) i9-13900H,clang-22.1.8 (https://github.com/msys2/MINGW-packages 6e4e79c2f86eeb534e324e583f2057dc9fd5ecab),SM4-128,ttable-4k,block,1048576,9,8245400,1048576,7.863426208,0.127171029,23.552758217,ok
Windows-x86_64,13th Gen Intel(R) Core(TM) i9-13900H,clang-22.1.8 (https://github.com/msys2/MINGW-packages 6e4e79c2f86eeb534e324e583f2057dc9fd5ecab),SM4-128,ttable-4k,block,1048576,10,8061400,1048576,7.687950134,0.130073684,23.027004242,ok
Windows-x86_64,13th Gen Intel(R) Core(TM) i9-13900H,clang-22.1.8 (https://github.com/msys2/MINGW-packages 6e4e79c2f86eeb534e324e583f2057dc9fd5ecab),SM4-128,ttable-4k,block,1048576,11,8228100,1048576,7.846927643,0.127438412,23.503410339,ok
Windows-x86_64,13th Gen Intel(R) Core(TM) i9-13900H,clang-22.1.8 (https://github.com/msys2/MINGW-packages 6e4e79c2f86eeb534e324e583f2057dc9fd5ecab),SM4-128,ttable-4k,block,1048576,12,8016000,1048576,7.644653320,0.130810379,22.897657394,ok
Windows-x86_64,13th Gen Intel(R) Core(TM) i9-13900H,clang-22.1.8 (https://github.com/msys2/MINGW-packages 6e4e79c2f86eeb534e324e583f2057dc9fd5ecab),SM4-128,ttable-4k,block,1048576,13,8040500,1048576,7.668018341,0.130411790,22.967498779,ok
Windows-x86_64,13th Gen Intel(R) Core(TM) i9-13900H,clang-22.1.8 (https://github.com/msys2/MINGW-packages 6e4e79c2f86eeb534e324e583f2057dc9fd5ecab),SM4-128,ttable-4k,block,1048576,14,8110700,1048576,7.734966278,0.129283046,23.168185234,ok
Windows-x86_64,13th Gen Intel(R) Core(TM) i9-13900H,clang-22.1.8 (https://github.com/msys2/MINGW-packages 6e4e79c2f86eeb534e324e583f2057dc9fd5ecab),SM4-128,ttable-4k,block,1048576,15,8433200,1048576,8.042526245,0.124339041,24.089160919,ok
Windows-x86_64,13th Gen Intel(R) Core(TM) i9-13900H,clang-22.1.8 (https://github.com/msys2/MINGW-packages 6e4e79c2f86eeb534e324e583f2057dc9fd5ecab),SM4-128,ttable-1k,block,64,1,2073300,262144,7.909011841,0.126438046,23.691352844,ok
Windows-x86_64,13th Gen Intel(R) Core(TM) i9-13900H,clang-22.1.8 (https://github.com/msys2/MINGW-packages 6e4e79c2f86eeb534e324e583f2057dc9fd5ecab),SM4-128,ttable-1k,block,64,2,2070500,262144,7.898330688,0.126609032,23.658004761,ok
Windows-x86_64,13th Gen Intel(R) Core(TM) i9-13900H,clang-22.1.8 (https://github.com/msys2/MINGW-packages 6e4e79c2f86eeb534e324e583f2057dc9fd5ecab),SM4-128,ttable-1k,block,64,3,2071300,262144,7.901382446,0.126560131,23.666778564,ok
Windows-x86_64,13th Gen Intel(R) Core(TM) i9-13900H,clang-22.1.8 (https://github.com/msys2/MINGW-packages 6e4e79c2f86eeb534e324e583f2057dc9fd5ecab),SM4-128,ttable-1k,block,64,4,2070100,262144,7.896804810,0.126633496,23.653945923,ok
Windows-x86_64,13th Gen Intel(R) Core(TM) i9-13900H,clang-22.1.8 (https://github.com/msys2/MINGW-packages 6e4e79c2f86eeb534e324e583f2057dc9fd5ecab),SM4-128,ttable-1k,block,64,5,2070000,262144,7.896423340,0.126639614,23.651840210,ok
Windows-x86_64,13th Gen Intel(R) Core(TM) i9-13900H,clang-22.1.8 (https://github.com/msys2/MINGW-packages 6e4e79c2f86eeb534e324e583f2057dc9fd5ecab),SM4-128,ttable-1k,block,64,6,2070600,262144,7.898712158,0.126602917,23.658340454,ok
Windows-x86_64,13th Gen Intel(R) Core(TM) i9-13900H,clang-22.1.8 (https://github.com/msys2/MINGW-packages 6e4e79c2f86eeb534e324e583f2057dc9fd5ecab),SM4-128,ttable-1k,block,64,7,2078900,262144,7.930374146,0.126097455,23.753051758,ok
Windows-x86_64,13th Gen Intel(R) Core(TM) i9-13900H,clang-22.1.8 (https://github.com/msys2/MINGW-packages 6e4e79c2f86eeb534e324e583f2057dc9fd5ecab),SM4-128,ttable-1k,block,64,8,2124500,262144,8.104324341,0.123390916,24.275386810,ok
Windows-x86_64,13th Gen Intel(R) Core(TM) i9-13900H,clang-22.1.8 (https://github.com/msys2/MINGW-packages 6e4e79c2f86eeb534e324e583f2057dc9fd5ecab),SM4-128,ttable-1k,block,64,9,2124800,262144,8.105468750,0.123373494,24.278396606,ok
Windows-x86_64,13th Gen Intel(R) Core(TM) i9-13900H,clang-22.1.8 (https://github.com/msys2/MINGW-packages 6e4e79c2f86eeb534e324e583f2057dc9fd5ecab),SM4-128,ttable-1k,block,64,10,2136300,262144,8.149337769,0.122709357,24.409538269,ok
Windows-x86_64,13th Gen Intel(R) Core(TM) i9-13900H,clang-22.1.8 (https://github.com/msys2/MINGW-packages 6e4e79c2f86eeb534e324e583f2057dc9fd5ecab),SM4-128,ttable-1k,block,64,11,2111700,262144,8.055496216,0.124138845,24.127998352,ok
Windows-x86_64,13th Gen Intel(R) Core(TM) i9-13900H,clang-22.1.8 (https://github.com/msys2/MINGW-packages 6e4e79c2f86eeb534e324e583f2057dc9fd5ecab),SM4-128,ttable-1k,block,64,12,2076700,262144,7.921981812,0.126231040,23.728523254,ok
Windows-x86_64,13th Gen Intel(R) Core(TM) i9-13900H,clang-22.1.8 (https://github.com/msys2/MINGW-packages 6e4e79c2f86eeb534e324e583f2057dc9fd5ecab),SM4-128,ttable-1k,block,64,13,2075000,262144,7.915496826,0.126334458,23.709228516,ok
Windows-x86_64,13th Gen Intel(R) Core(TM) i9-13900H,clang-22.1.8 (https://github.com/msys2/MINGW-packages 6e4e79c2f86eeb534e324e583f2057dc9fd5ecab),SM4-128,ttable-1k,block,64,14,2074800,262144,7.914733887,0.126346636,23.707107544,ok
Windows-x86_64,13th Gen Intel(R) Core(TM) i9-13900H,clang-22.1.8 (https://github.com/msys2/MINGW-packages 6e4e79c2f86eeb534e324e583f2057dc9fd5ecab),SM4-128,ttable-1k,block,64,15,2210000,262144,8.430480957,0.118617195,25.251651764,ok
Windows-x86_64,13th Gen Intel(R) Core(TM) i9-13900H,clang-22.1.8 (https://github.com/msys2/MINGW-packages 6e4e79c2f86eeb534e324e583f2057dc9fd5ecab),SM4-128,ttable-1k,block,512,1,2148400,262144,8.195495605,0.122018246,24.548927307,ok
Windows-x86_64,13th Gen Intel(R) Core(TM) i9-13900H,clang-22.1.8 (https://github.com/msys2/MINGW-packages 6e4e79c2f86eeb534e324e583f2057dc9fd5ecab),SM4-128,ttable-1k,block,512,2,2104100,262144,8.026504517,0.124587234,24.041915894,ok
Windows-x86_64,13th Gen Intel(R) Core(TM) i9-13900H,clang-22.1.8 (https://github.com/msys2/MINGW-packages 6e4e79c2f86eeb534e324e583f2057dc9fd5ecab),SM4-128,ttable-1k,block,512,3,2116500,262144,8.073806763,0.123857312,24.183006287,ok
Windows-x86_64,13th Gen Intel(R) Core(TM) i9-13900H,clang-22.1.8 (https://github.com/msys2/MINGW-packages 6e4e79c2f86eeb534e324e583f2057dc9fd5ecab),SM4-128,ttable-1k,block,512,4,2068000,262144,7.888793945,0.126762089,23.629219055,ok
Windows-x86_64,13th Gen Intel(R) Core(TM) i9-13900H,clang-22.1.8 (https://github.com/msys2/MINGW-packages 6e4e79c2f86eeb534e324e583f2057dc9fd5ecab),SM4-128,ttable-1k,block,512,5,2057400,262144,7.848358154,0.127415184,23.507827759,ok
Windows-x86_64,13th Gen Intel(R) Core(TM) i9-13900H,clang-22.1.8 (https://github.com/msys2/MINGW-packages 6e4e79c2f86eeb534e324e583f2057dc9fd5ecab),SM4-128,ttable-1k,block,512,6,2057300,262144,7.847976685,0.127421378,23.506370544,ok
Windows-x86_64,13th Gen Intel(R) Core(TM) i9-13900H,clang-22.1.8 (https://github.com/msys2/MINGW-packages 6e4e79c2f86eeb534e324e583f2057dc9fd5ecab),SM4-128,ttable-1k,block,512,7,2057700,262144,7.849502563,0.127396608,23.510345459,ok
Windows-x86_64,13th Gen Intel(R) Core(TM) i9-13900H,clang-22.1.8 (https://github.com/msys2/MINGW-packages 6e4e79c2f86eeb534e324e583f2057dc9fd5ecab),SM4-128,ttable-1k,block,512,8,2058300,262144,7.851791382,0.127359471,23.518218994,ok
Windows-x86_64,13th Gen Intel(R) Core(TM) i9-13900H,clang-22.1.8 (https://github.com/msys2/MINGW-packages 6e4e79c2f86eeb534e324e583f2057dc9fd5ecab),SM4-128,ttable-1k,block,512,9,2057500,262144,7.848739624,0.127408991,23.509056091,ok
Windows-x86_64,13th Gen Intel(R) Core(TM) i9-13900H,clang-22.1.8 (https://github.com/msys2/MINGW-packages 6e4e79c2f86eeb534e324e583f2057dc9fd5ecab),SM4-128,ttable-1k,block,512,10,2058200,262144,7.851409912,0.127365659,23.516929626,ok
Windows-x86_64,13th Gen Intel(R) Core(TM) i9-13900H,clang-22.1.8 (https://github.com/msys2/MINGW-packages 6e4e79c2f86eeb534e324e583f2057dc9fd5ecab),SM4-128,ttable-1k,block,512,11,2058000,262144,7.850646973,0.127378037,23.514968872,ok
Windows-x86_64,13th Gen Intel(R) Core(TM) i9-13900H,clang-22.1.8 (https://github.com/msys2/MINGW-packages 6e4e79c2f86eeb534e324e583f2057dc9fd5ecab),SM4-128,ttable-1k,block,512,12,2057500,262144,7.848739624,0.127408991,23.509376526,ok
Windows-x86_64,13th Gen Intel(R) Core(TM) i9-13900H,clang-22.1.8 (https://github.com/msys2/MINGW-packages 6e4e79c2f86eeb534e324e583f2057dc9fd5ecab),SM4-128,ttable-1k,block,512,13,2058100,262144,7.851028442,0.127371848,23.516563416,ok
Windows-x86_64,13th Gen Intel(R) Core(TM) i9-13900H,clang-22.1.8 (https://github.com/msys2/MINGW-packages 6e4e79c2f86eeb534e324e583f2057dc9fd5ecab),SM4-128,ttable-1k,block,512,14,2058200,262144,7.851409912,0.127365659,23.517257690,ok
Windows-x86_64,13th Gen Intel(R) Core(TM) i9-13900H,clang-22.1.8 (https://github.com/msys2/MINGW-packages 6e4e79c2f86eeb534e324e583f2057dc9fd5ecab),SM4-128,ttable-1k,block,512,15,2057200,262144,7.847595215,0.127427571,23.505004883,ok
Windows-x86_64,13th Gen Intel(R) Core(TM) i9-13900H,clang-22.1.8 (https://github.com/msys2/MINGW-packages 6e4e79c2f86eeb534e324e583f2057dc9fd5ecab),SM4-128,ttable-1k,block,4096,1,2087200,262144,7.962036133,0.125596014,23.856689453,ok
Windows-x86_64,13th Gen Intel(R) Core(TM) i9-13900H,clang-22.1.8 (https://github.com/msys2/MINGW-packages 6e4e79c2f86eeb534e324e583f2057dc9fd5ecab),SM4-128,ttable-1k,block,4096,2,2053800,262144,7.834625244,0.127638524,23.467506409,ok
Windows-x86_64,13th Gen Intel(R) Core(TM) i9-13900H,clang-22.1.8 (https://github.com/msys2/MINGW-packages 6e4e79c2f86eeb534e324e583f2057dc9fd5ecab),SM4-128,ttable-1k,block,4096,3,2050200,262144,7.820892334,0.127862648,23.426391602,ok
Windows-x86_64,13th Gen Intel(R) Core(TM) i9-13900H,clang-22.1.8 (https://github.com/msys2/MINGW-packages 6e4e79c2f86eeb534e324e583f2057dc9fd5ecab),SM4-128,ttable-1k,block,4096,4,2050100,262144,7.820510864,0.127868884,23.424758911,ok
Windows-x86_64,13th Gen Intel(R) Core(TM) i9-13900H,clang-22.1.8 (https://github.com/msys2/MINGW-packages 6e4e79c2f86eeb534e324e583f2057dc9fd5ecab),SM4-128,ttable-1k,block,4096,5,2049700,262144,7.818984985,0.127893838,23.420341492,ok
Windows-x86_64,13th Gen Intel(R) Core(TM) i9-13900H,clang-22.1.8 (https://github.com/msys2/MINGW-packages 6e4e79c2f86eeb534e324e583f2057dc9fd5ecab),SM4-128,ttable-1k,block,4096,6,2049500,262144,7.818222046,0.127906319,23.417755127,ok
Windows-x86_64,13th Gen Intel(R) Core(TM) i9-13900H,clang-22.1.8 (https://github.com/msys2/MINGW-packages 6e4e79c2f86eeb534e324e583f2057dc9fd5ecab),SM4-128,ttable-1k,block,4096,7,2050300,262144,7.821273804,0.127856411,23.426445007,ok
Windows-x86_64,13th Gen Intel(R) Core(TM) i9-13900H,clang-22.1.8 (https://github.com/msys2/MINGW-packages 6e4e79c2f86eeb534e324e583f2057dc9fd5ecab),SM4-128,ttable-1k,block,4096,8,2050600,262144,7.822418213,0.127837706,23.430320740,ok
Windows-x86_64,13th Gen Intel(R) Core(TM) i9-13900H,clang-22.1.8 (https://github.com/msys2/MINGW-packages 6e4e79c2f86eeb534e324e583f2057dc9fd5ecab),SM4-128,ttable-1k,block,4096,9,2055800,262144,7.842254639,0.127514350,23.490249634,ok
Windows-x86_64,13th Gen Intel(R) Core(TM) i9-13900H,clang-22.1.8 (https://github.com/msys2/MINGW-packages 6e4e79c2f86eeb534e324e583f2057dc9fd5ecab),SM4-128,ttable-1k,block,4096,10,2053600,262144,7.833862305,0.127650954,23.465034485,ok
Windows-x86_64,13th Gen Intel(R) Core(TM) i9-13900H,clang-22.1.8 (https://github.com/msys2/MINGW-packages 6e4e79c2f86eeb534e324e583f2057dc9fd5ecab),SM4-128,ttable-1k,block,4096,11,2051500,262144,7.825851440,0.127781623,23.439933777,ok
Windows-x86_64,13th Gen Intel(R) Core(TM) i9-13900H,clang-22.1.8 (https://github.com/msys2/MINGW-packages 6e4e79c2f86eeb534e324e583f2057dc9fd5ecab),SM4-128,ttable-1k,block,4096,12,2052500,262144,7.829666138,0.127719367,23.452072144,ok
Windows-x86_64,13th Gen Intel(R) Core(TM) i9-13900H,clang-22.1.8 (https://github.com/msys2/MINGW-packages 6e4e79c2f86eeb534e324e583f2057dc9fd5ecab),SM4-128,ttable-1k,block,4096,13,2049700,262144,7.818984985,0.127893838,23.419731140,ok
Windows-x86_64,13th Gen Intel(R) Core(TM) i9-13900H,clang-22.1.8 (https://github.com/msys2/MINGW-packages 6e4e79c2f86eeb534e324e583f2057dc9fd5ecab),SM4-128,ttable-1k,block,4096,14,2059900,262144,7.857894897,0.127260547,23.536231995,ok
Windows-x86_64,13th Gen Intel(R) Core(TM) i9-13900H,clang-22.1.8 (https://github.com/msys2/MINGW-packages 6e4e79c2f86eeb534e324e583f2057dc9fd5ecab),SM4-128,ttable-1k,block,4096,15,2055300,262144,7.840347290,0.127545371,23.484123230,ok
Windows-x86_64,13th Gen Intel(R) Core(TM) i9-13900H,clang-22.1.8 (https://github.com/msys2/MINGW-packages 6e4e79c2f86eeb534e324e583f2057dc9fd5ecab),SM4-128,ttable-1k,block,8192,1,2050300,262144,7.821273804,0.127856411,23.427566528,ok
Windows-x86_64,13th Gen Intel(R) Core(TM) i9-13900H,clang-22.1.8 (https://github.com/msys2/MINGW-packages 6e4e79c2f86eeb534e324e583f2057dc9fd5ecab),SM4-128,ttable-1k,block,8192,2,2049900,262144,7.819747925,0.127881360,23.421287537,ok
Windows-x86_64,13th Gen Intel(R) Core(TM) i9-13900H,clang-22.1.8 (https://github.com/msys2/MINGW-packages 6e4e79c2f86eeb534e324e583f2057dc9fd5ecab),SM4-128,ttable-1k,block,8192,3,2051700,262144,7.826614380,0.127769167,23.442405701,ok
Windows-x86_64,13th Gen Intel(R) Core(TM) i9-13900H,clang-22.1.8 (https://github.com/msys2/MINGW-packages 6e4e79c2f86eeb534e324e583f2057dc9fd5ecab),SM4-128,ttable-1k,block,8192,4,2049400,262144,7.817840576,0.127912560,23.415840149,ok
Windows-x86_64,13th Gen Intel(R) Core(TM) i9-13900H,clang-22.1.8 (https://github.com/msys2/MINGW-packages 6e4e79c2f86eeb534e324e583f2057dc9fd5ecab),SM4-128,ttable-1k,block,8192,5,2050200,262144,7.820892334,0.127862648,23.425666809,ok
Windows-x86_64,13th Gen Intel(R) Core(TM) i9-13900H,clang-22.1.8 (https://github.com/msys2/MINGW-packages 6e4e79c2f86eeb534e324e583f2057dc9fd5ecab),SM4-128,ttable-1k,block,8192,6,2064400,262144,7.875061035,0.126983143,23.587936401,ok
Windows-x86_64,13th Gen Intel(R) Core(TM) i9-13900H,clang-22.1.8 (https://github.com/msys2/MINGW-packages 6e4e79c2f86eeb534e324e583f2057dc9fd5ecab),SM4-128,ttable-1k,block,8192,7,2049100,262144,7.816696167,0.127931287,23.413246155,ok
Windows-x86_64,13th Gen Intel(R) Core(TM) i9-13900H,clang-22.1.8 (https://github.com/msys2/MINGW-packages 6e4e79c2f86eeb534e324e583f2057dc9fd5ecab),SM4-128,ttable-1k,block,8192,8,2049200,262144,7.817077637,0.127925044,23.414413452,ok
Windows-x86_64,13th Gen Intel(R) Core(TM) i9-13900H,clang-22.1.8 (https://github.com/msys2/MINGW-packages 6e4e79c2f86eeb534e324e583f2057dc9fd5ecab),SM4-128,ttable-1k,block,8192,9,2050600,262144,7.822418213,0.127837706,23.430145264,ok
Windows-x86_64,13th Gen Intel(R) Core(TM) i9-13900H,clang-22.1.8 (https://github.com/msys2/MINGW-packages 6e4e79c2f86eeb534e324e583f2057dc9fd5ecab),SM4-128,ttable-1k,block,8192,10,2058400,262144,7.852172852,0.127353284,23.518493652,ok
Windows-x86_64,13th Gen Intel(R) Core(TM) i9-13900H,clang-22.1.8 (https://github.com/msys2/MINGW-packages 6e4e79c2f86eeb534e324e583f2057dc9fd5ecab),SM4-128,ttable-1k,block,8192,11,2050100,262144,7.820510864,0.127868884,23.424919128,ok
Windows-x86_64,13th Gen Intel(R) Core(TM) i9-13900H,clang-22.1.8 (https://github.com/msys2/MINGW-packages 6e4e79c2f86eeb534e324e583f2057dc9fd5ecab),SM4-128,ttable-1k,block,8192,12,2049900,262144,7.819747925,0.127881360,23.423004150,ok
Windows-x86_64,13th Gen Intel(R) Core(TM) i9-13900H,clang-22.1.8 (https://github.com/msys2/MINGW-packages 6e4e79c2f86eeb534e324e583f2057dc9fd5ecab),SM4-128,ttable-1k,block,8192,13,2049900,262144,7.819747925,0.127881360,23.422958374,ok
Windows-x86_64,13th Gen Intel(R) Core(TM) i9-13900H,clang-22.1.8 (https://github.com/msys2/MINGW-packages 6e4e79c2f86eeb534e324e583f2057dc9fd5ecab),SM4-128,ttable-1k,block,8192,14,2051100,262144,7.824325562,0.127806543,23.436172485,ok
Windows-x86_64,13th Gen Intel(R) Core(TM) i9-13900H,clang-22.1.8 (https://github.com/msys2/MINGW-packages 6e4e79c2f86eeb534e324e583f2057dc9fd5ecab),SM4-128,ttable-1k,block,8192,15,2049900,262144,7.819747925,0.127881360,23.421928406,ok
Windows-x86_64,13th Gen Intel(R) Core(TM) i9-13900H,clang-22.1.8 (https://github.com/msys2/MINGW-packages 6e4e79c2f86eeb534e324e583f2057dc9fd5ecab),SM4-128,ttable-1k,block,65536,1,2059700,262144,7.857131958,0.127272904,23.535156250,ok
Windows-x86_64,13th Gen Intel(R) Core(TM) i9-13900H,clang-22.1.8 (https://github.com/msys2/MINGW-packages 6e4e79c2f86eeb534e324e583f2057dc9fd5ecab),SM4-128,ttable-1k,block,65536,2,2059700,262144,7.857131958,0.127272904,23.534034729,ok
Windows-x86_64,13th Gen Intel(R) Core(TM) i9-13900H,clang-22.1.8 (https://github.com/msys2/MINGW-packages 6e4e79c2f86eeb534e324e583f2057dc9fd5ecab),SM4-128,ttable-1k,block,65536,3,2060300,262144,7.859420776,0.127235839,23.541152954,ok
Windows-x86_64,13th Gen Intel(R) Core(TM) i9-13900H,clang-22.1.8 (https://github.com/msys2/MINGW-packages 6e4e79c2f86eeb534e324e583f2057dc9fd5ecab),SM4-128,ttable-1k,block,65536,4,2068000,262144,7.888793945,0.126762089,23.628189087,ok
Windows-x86_64,13th Gen Intel(R) Core(TM) i9-13900H,clang-22.1.8 (https://github.com/msys2/MINGW-packages 6e4e79c2f86eeb534e324e583f2057dc9fd5ecab),SM4-128,ttable-1k,block,65536,5,2063100,262144,7.870101929,0.127063157,23.573554993,ok
Windows-x86_64,13th Gen Intel(R) Core(TM) i9-13900H,clang-22.1.8 (https://github.com/msys2/MINGW-packages 6e4e79c2f86eeb534e324e583f2057dc9fd5ecab),SM4-128,ttable-1k,block,65536,6,2060100,262144,7.858657837,0.127248192,23.538703918,ok
Windows-x86_64,13th Gen Intel(R) Core(TM) i9-13900H,clang-22.1.8 (https://github.com/msys2/MINGW-packages 6e4e79c2f86eeb534e324e583f2057dc9fd5ecab),SM4-128,ttable-1k,block,65536,7,2065000,262144,7.877349854,0.126946247,23.595451355,ok
Windows-x86_64,13th Gen Intel(R) Core(TM) i9-13900H,clang-22.1.8 (https://github.com/msys2/MINGW-packages 6e4e79c2f86eeb534e324e583f2057dc9fd5ecab),SM4-128,ttable-1k,block,65536,8,2060400,262144,7.859802246,0.127229664,23.541679382,ok
Windows-x86_64,13th Gen Intel(R) Core(TM) i9-13900H,clang-22.1.8 (https://github.com/msys2/MINGW-packages 6e4e79c2f86eeb534e324e583f2057dc9fd5ecab),SM4-128,ttable-1k,block,65536,9,2059200,262144,7.855224609,0.127303807,23.527877808,ok
Windows-x86_64,13th Gen Intel(R) Core(TM) i9-13900H,clang-22.1.8 (https://github.com/msys2/MINGW-packages 6e4e79c2f86eeb534e324e583f2057dc9fd5ecab),SM4-128,ttable-1k,block,65536,10,2059300,262144,7.855606079,0.127297625,23.530570984,ok
Windows-x86_64,13th Gen Intel(R) Core(TM) i9-13900H,clang-22.1.8 (https://github.com/msys2/MINGW-packages 6e4e79c2f86eeb534e324e583f2057dc9fd5ecab),SM4-128,ttable-1k,block,65536,11,2059000,262144,7.854461670,0.127316173,23.526062012,ok
Windows-x86_64,13th Gen Intel(R) Core(TM) i9-13900H,clang-22.1.8 (https://github.com/msys2/MINGW-packages 6e4e79c2f86eeb534e324e583f2057dc9fd5ecab),SM4-128,ttable-1k,block,65536,12,2059400,262144,7.855987549,0.127291444,23.531105042,ok
Windows-x86_64,13th Gen Intel(R) Core(TM) i9-13900H,clang-22.1.8 (https://github.com/msys2/MINGW-packages 6e4e79c2f86eeb534e324e583f2057dc9fd5ecab),SM4-128,ttable-1k,block,65536,13,2059800,262144,7.857513428,0.127266725,23.535453796,ok
Windows-x86_64,13th Gen Intel(R) Core(TM) i9-13900H,clang-22.1.8 (https://github.com/msys2/MINGW-packages 6e4e79c2f86eeb534e324e583f2057dc9fd5ecab),SM4-128,ttable-1k,block,65536,14,2062400,262144,7.867431641,0.127106284,23.564903259,ok
Windows-x86_64,13th Gen Intel(R) Core(TM) i9-13900H,clang-22.1.8 (https://github.com/msys2/MINGW-packages 6e4e79c2f86eeb534e324e583f2057dc9fd5ecab),SM4-128,ttable-1k,block,65536,15,2060300,262144,7.859420776,0.127235839,23.540466309,ok
Windows-x86_64,13th Gen Intel(R) Core(TM) i9-13900H,clang-22.1.8 (https://github.com/msys2/MINGW-packages 6e4e79c2f86eeb534e324e583f2057dc9fd5ecab),SM4-128,ttable-1k,block,1048576,1,8254700,1048576,7.872295380,0.127027754,23.585590363,ok
Windows-x86_64,13th Gen Intel(R) Core(TM) i9-13900H,clang-22.1.8 (https://github.com/msys2/MINGW-packages 6e4e79c2f86eeb534e324e583f2057dc9fd5ecab),SM4-128,ttable-1k,block,1048576,2,8259500,1048576,7.876873016,0.126953932,23.593175888,ok
Windows-x86_64,13th Gen Intel(R) Core(TM) i9-13900H,clang-22.1.8 (https://github.com/msys2/MINGW-packages 6e4e79c2f86eeb534e324e583f2057dc9fd5ecab),SM4-128,ttable-1k,block,1048576,3,8258100,1048576,7.875537872,0.126975454,23.588960648,ok
Windows-x86_64,13th Gen Intel(R) Core(TM) i9-13900H,clang-22.1.8 (https://github.com/msys2/MINGW-packages 6e4e79c2f86eeb534e324e583f2057dc9fd5ecab),SM4-128,ttable-1k,block,1048576,4,8276200,1048576,7.892799377,0.126697760,23.640748978,ok
Windows-x86_64,13th Gen Intel(R) Core(TM) i9-13900H,clang-22.1.8 (https://github.com/msys2/MINGW-packages 6e4e79c2f86eeb534e324e583f2057dc9fd5ecab),SM4-128,ttable-1k,block,1048576,5,8243400,1048576,7.861518860,0.127201883,23.547340393,ok
Windows-x86_64,13th Gen Intel(R) Core(TM) i9-13900H,clang-22.1.8 (https://github.com/msys2/MINGW-packages 6e4e79c2f86eeb534e324e583f2057dc9fd5ecab),SM4-128,ttable-1k,block,1048576,6,8370100,1048576,7.982349396,0.125276401,23.908883095,ok
Windows-x86_64,13th Gen Intel(R) Core(TM) i9-13900H,clang-22.1.8 (https://github.com/msys2/MINGW-packages 6e4e79c2f86eeb534e324e583f2057dc9fd5ecab),SM4-128,ttable-1k,block,1048576,7,8266500,1048576,7.883548737,0.126846428,23.612854004,ok
Windows-x86_64,13th Gen Intel(R) Core(TM) i9-13900H,clang-22.1.8 (https://github.com/msys2/MINGW-packages 6e4e79c2f86eeb534e324e583f2057dc9fd5ecab),SM4-128,ttable-1k,block,1048576,8,8752600,1048576,8.347129822,0.119801659,25.001704216,ok
Windows-x86_64,13th Gen Intel(R) Core(TM) i9-13900H,clang-22.1.8 (https://github.com/msys2/MINGW-packages 6e4e79c2f86eeb534e324e583f2057dc9fd5ecab),SM4-128,ttable-1k,block,1048576,9,8421700,1048576,8.031558990,0.124508828,24.056379318,ok
Windows-x86_64,13th Gen Intel(R) Core(TM) i9-13900H,clang-22.1.8 (https://github.com/msys2/MINGW-packages 6e4e79c2f86eeb534e324e583f2057dc9fd5ecab),SM4-128,ttable-1k,block,1048576,10,8255300,1048576,7.872867584,0.127018521,23.580936432,ok
Windows-x86_64,13th Gen Intel(R) Core(TM) i9-13900H,clang-22.1.8 (https://github.com/msys2/MINGW-packages 6e4e79c2f86eeb534e324e583f2057dc9fd5ecab),SM4-128,ttable-1k,block,1048576,11,8441500,1048576,8.050441742,0.124216786,24.112751961,ok
Windows-x86_64,13th Gen Intel(R) Core(TM) i9-13900H,clang-22.1.8 (https://github.com/msys2/MINGW-packages 6e4e79c2f86eeb534e324e583f2057dc9fd5ecab),SM4-128,ttable-1k,block,1048576,12,8545300,1048576,8.149433136,0.122707921,24.409446716,ok
Windows-x86_64,13th Gen Intel(R) Core(TM) i9-13900H,clang-22.1.8 (https://github.com/msys2/MINGW-packages 6e4e79c2f86eeb534e324e583f2057dc9fd5ecab),SM4-128,ttable-1k,block,1048576,13,8452800,1048576,8.061218262,0.124050729,24.145164490,ok
Windows-x86_64,13th Gen Intel(R) Core(TM) i9-13900H,clang-22.1.8 (https://github.com/msys2/MINGW-packages 6e4e79c2f86eeb534e324e583f2057dc9fd5ecab),SM4-128,ttable-1k,block,1048576,14,8262200,1048576,7.879447937,0.126912445,23.600801468,ok
Windows-x86_64,13th Gen Intel(R) Core(TM) i9-13900H,clang-22.1.8 (https://github.com/msys2/MINGW-packages 6e4e79c2f86eeb534e324e583f2057dc9fd5ecab),SM4-128,ttable-1k,block,1048576,15,8370900,1048576,7.983112335,0.125264428,23.911264420,ok
Windows-x86_64,13th Gen Intel(R) Core(TM) i9-13900H,clang-22.1.8 (https://github.com/msys2/MINGW-packages 6e4e79c2f86eeb534e324e583f2057dc9fd5ecab),SM4-128,ttable-2k,block,64,1,2681500,262144,10.229110718,0.097760209,30.644241333,ok
Windows-x86_64,13th Gen Intel(R) Core(TM) i9-13900H,clang-22.1.8 (https://github.com/msys2/MINGW-packages 6e4e79c2f86eeb534e324e583f2057dc9fd5ecab),SM4-128,ttable-2k,block,64,2,2959000,262144,11.287689209,0.088592092,33.809360504,ok
Windows-x86_64,13th Gen Intel(R) Core(TM) i9-13900H,clang-22.1.8 (https://github.com/msys2/MINGW-packages 6e4e79c2f86eeb534e324e583f2057dc9fd5ecab),SM4-128,ttable-2k,block,64,3,2813500,262144,10.732650757,0.093173627,32.147377014,ok
Windows-x86_64,13th Gen Intel(R) Core(TM) i9-13900H,clang-22.1.8 (https://github.com/msys2/MINGW-packages 6e4e79c2f86eeb534e324e583f2057dc9fd5ecab),SM4-128,ttable-2k,block,64,4,2758300,262144,10.522079468,0.095038248,31.517005920,ok
Windows-x86_64,13th Gen Intel(R) Core(TM) i9-13900H,clang-22.1.8 (https://github.com/msys2/MINGW-packages 6e4e79c2f86eeb534e324e583f2057dc9fd5ecab),SM4-128,ttable-2k,block,64,5,2739600,262144,10.450744629,0.095686962,31.302330017,ok
Windows-x86_64,13th Gen Intel(R) Core(TM) i9-13900H,clang-22.1.8 (https://github.com/msys2/MINGW-packages 6e4e79c2f86eeb534e324e583f2057dc9fd5ecab),SM4-128,ttable-2k,block,64,6,2699100,262144,10.296249390,0.097122745,30.839218140,ok
Windows-x86_64,13th Gen Intel(R) Core(TM) i9-13900H,clang-22.1.8 (https://github.com/msys2/MINGW-packages 6e4e79c2f86eeb534e324e583f2057dc9fd5ecab),SM4-128,ttable-2k,block,64,7,2692400,262144,10.270690918,0.097364433,30.764152527,ok
Windows-x86_64,13th Gen Intel(R) Core(TM) i9-13900H,clang-22.1.8 (https://github.com/msys2/MINGW-packages 6e4e79c2f86eeb534e324e583f2057dc9fd5ecab),SM4-128,ttable-2k,block,64,8,2694400,262144,10.278320312,0.097292162,30.786926270,ok
Windows-x86_64,13th Gen Intel(R) Core(TM) i9-13900H,clang-22.1.8 (https://github.com/msys2/MINGW-packages 6e4e79c2f86eeb534e324e583f2057dc9fd5ecab),SM4-128,ttable-2k,block,64,9,2688300,262144,10.255050659,0.097512926,30.716514587,ok
Windows-x86_64,13th Gen Intel(R) Core(TM) i9-13900H,clang-22.1.8 (https://github.com/msys2/MINGW-packages 6e4e79c2f86eeb534e324e583f2057dc9fd5ecab),SM4-128,ttable-2k,block,64,10,2693800,262144,10.276031494,0.097313832,30.779747009,ok
Windows-x86_64,13th Gen Intel(R) Core(TM) i9-13900H,clang-22.1.8 (https://github.com/msys2/MINGW-packages 6e4e79c2f86eeb534e324e583f2057dc9fd5ecab),SM4-128,ttable-2k,block,64,11,2690200,262144,10.262298584,0.097444056,30.738304138,ok
Windows-x86_64,13th Gen Intel(R) Core(TM) i9-13900H,clang-22.1.8 (https://github.com/msys2/MINGW-packages 6e4e79c2f86eeb534e324e583f2057dc9fd5ecab),SM4-128,ttable-2k,block,64,12,2691600,262144,10.267639160,0.097393372,30.754455566,ok
Windows-x86_64,13th Gen Intel(R) Core(TM) i9-13900H,clang-22.1.8 (https://github.com/msys2/MINGW-packages 6e4e79c2f86eeb534e324e583f2057dc9fd5ecab),SM4-128,ttable-2k,block,64,13,2700400,262144,10.301208496,0.097075989,30.854644775,ok
Windows-x86_64,13th Gen Intel(R) Core(TM) i9-13900H,clang-22.1.8 (https://github.com/msys2/MINGW-packages 6e4e79c2f86eeb534e324e583f2057dc9fd5ecab),SM4-128,ttable-2k,block,64,14,2699600,262144,10.298156738,0.097104756,30.845512390,ok
Windows-x86_64,13th Gen Intel(R) Core(TM) i9-13900H,clang-22.1.8 (https://github.com/msys2/MINGW-packages 6e4e79c2f86eeb534e324e583f2057dc9fd5ecab),SM4-128,ttable-2k,block,64,15,2893600,262144,11.038208008,0.090594415,33.062263489,ok
Windows-x86_64,13th Gen Intel(R) Core(TM) i9-13900H,clang-22.1.8 (https://github.com/msys2/MINGW-packages 6e4e79c2f86eeb534e324e583f2057dc9fd5ecab),SM4-128,ttable-2k,block,512,1,2907800,262144,11.092376709,0.090152005,33.242958069,ok
Windows-x86_64,13th Gen Intel(R) Core(TM) i9-13900H,clang-22.1.8 (https://github.com/msys2/MINGW-packages 6e4e79c2f86eeb534e324e583f2057dc9fd5ecab),SM4-128,ttable-2k,block,512,2,2809900,262144,10.718917847,0.093293000,32.105892181,ok
Windows-x86_64,13th Gen Intel(R) Core(TM) i9-13900H,clang-22.1.8 (https://github.com/msys2/MINGW-packages 6e4e79c2f86eeb534e324e583f2057dc9fd5ecab),SM4-128,ttable-2k,block,512,3,2876000,262144,10.971069336,0.091148818,32.861907959,ok
Windows-x86_64,13th Gen Intel(R) Core(TM) i9-13900H,clang-22.1.8 (https://github.com/msys2/MINGW-packages 6e4e79c2f86eeb534e324e583f2057dc9fd5ecab),SM4-128,ttable-2k,block,512,4,2810100,262144,10.719680786,0.093286360,32.107971191,ok
Windows-x86_64,13th Gen Intel(R) Core(TM) i9-13900H,clang-22.1.8 (https://github.com/msys2/MINGW-packages 6e4e79c2f86eeb534e324e583f2057dc9fd5ecab),SM4-128,ttable-2k,block,512,5,2787200,262144,10.632324219,0.094052813,31.846008301,ok
Windows-x86_64,13th Gen Intel(R) Core(TM) i9-13900H,clang-22.1.8 (https://github.com/msys2/MINGW-packages 6e4e79c2f86eeb534e324e583f2057dc9fd5ecab),SM4-128,ttable-2k,block,512,6,2753400,262144,10.503387451,0.095207380,31.460754395,ok
Windows-x86_64,13th Gen Intel(R) Core(TM) i9-13900H,clang-22.1.8 (https://github.com/msys2/MINGW-packages 6e4e79c2f86eeb534e324e583f2057dc9fd5ecab),SM4-128,ttable-2k,block,512,7,2831000,262144,10.799407959,0.092597669,32.346355438,ok
Windows-x86_64,13th Gen Intel(R) Core(TM) i9-13900H,clang-22.1.8 (https://github.com/msys2/MINGW-packages 6e4e79c2f86eeb534e324e583f2057dc9fd5ecab),SM4-128,ttable-2k,block,512,8,2771400,262144,10.572052002,0.094589016,31.666244507,ok
Windows-x86_64,13th Gen Intel(R) Core(TM) i9-13900H,clang-22.1.8 (https://github.com/msys2/MINGW-packages 6e4e79c2f86eeb534e324e583f2057dc9fd5ecab),SM4-128,ttable-2k,block,512,9,2736800,262144,10.440063477,0.095784858,31.270790100,ok
Windows-x86_64,13th Gen Intel(R) Core(TM) i9-13900H,clang-22.1.8 (https://github.com/msys2/MINGW-packages 6e4e79c2f86eeb534e324e583f2057dc9fd5ecab),SM4-128,ttable-2k,block,512,10,2700500,262144,10.301589966,0.097072394,30.856254578,ok
Windows-x86_64,13th Gen Intel(R) Core(TM) i9-13900H,clang-22.1.8 (https://github.com/msys2/MINGW-packages 6e4e79c2f86eeb534e324e583f2057dc9fd5ecab),SM4-128,ttable-2k,block,512,11,2898000,262144,11.054992676,0.090456867,33.112464905,ok
Windows-x86_64,13th Gen Intel(R) Core(TM) i9-13900H,clang-22.1.8 (https://github.com/msys2/MINGW-packages 6e4e79c2f86eeb534e324e583f2057dc9fd5ecab),SM4-128,ttable-2k,block,512,12,2753400,262144,10.503387451,0.095207380,31.461029053,ok
Windows-x86_64,13th Gen Intel(R) Core(TM) i9-13900H,clang-22.1.8 (https://github.com/msys2/MINGW-packages 6e4e79c2f86eeb534e324e583f2057dc9fd5ecab),SM4-128,ttable-2k,block,512,13,2674500,262144,10.202407837,0.098016078,30.558242798,ok
Windows-x86_64,13th Gen Intel(R) Core(TM) i9-13900H,clang-22.1.8 (https://github.com/msys2/MINGW-packages 6e4e79c2f86eeb534e324e583f2057dc9fd5ecab),SM4-128,ttable-2k,block,512,14,2674200,262144,10.201263428,0.098027074,30.556076050,ok
Windows-x86_64,13th Gen Intel(R) Core(TM) i9-13900H,clang-22.1.8 (https://github.com/msys2/MINGW-packages 6e4e79c2f86eeb534e324e583f2057dc9fd5ecab),SM4-128,ttable-2k,block,512,15,2676700,262144,10.210800171,0.097935518,30.584304810,ok
Windows-x86_64,13th Gen Intel(R) Core(TM) i9-13900H,clang-22.1.8 (https://github.com/msys2/MINGW-packages 6e4e79c2f86eeb534e324e583f2057dc9fd5ecab),SM4-128,ttable-2k,block,4096,1,2698100,262144,10.292434692,0.097158741,30.836299896,ok
Windows-x86_64,13th Gen Intel(R) Core(TM) i9-13900H,clang-22.1.8 (https://github.com/msys2/MINGW-packages 6e4e79c2f86eeb534e324e583f2057dc9fd5ecab),SM4-128,ttable-2k,block,4096,2,2791800,262144,10.649871826,0.093897844,31.898567200,ok
Windows-x86_64,13th Gen Intel(R) Core(TM) i9-13900H,clang-22.1.8 (https://github.com/msys2/MINGW-packages 6e4e79c2f86eeb534e324e583f2057dc9fd5ecab),SM4-128,ttable-2k,block,4096,3,2736100,262144,10.437393188,0.095809364,31.263259888,ok
Windows-x86_64,13th Gen Intel(R) Core(TM) i9-13900H,clang-22.1.8 (https://github.com/msys2/MINGW-packages 6e4e79c2f86eeb534e324e583f2057dc9fd5ecab),SM4-128,ttable-2k,block,4096,4,2707400,262144,10.327911377,0.096824998,30.934333801,ok
Windows-x86_64,13th Gen Intel(R) Core(TM) i9-13900H,clang-22.1.8 (https://github.com/msys2/MINGW-packages 6e4e79c2f86eeb534e324e583f2057dc9fd5ecab),SM4-128,ttable-2k,block,4096,5,2677100,262144,10.212326050,0.097920885,30.588653564,ok
Windows-x86_64,13th Gen Intel(R) Core(TM) i9-13900H,clang-22.1.8 (https://github.com/msys2/MINGW-packages 6e4e79c2f86eeb534e324e583f2057dc9fd5ecab),SM4-128,ttable-2k,block,4096,6,2908200,262144,11.093902588,0.090139605,33.229022980,ok
Windows-x86_64,13th Gen Intel(R) Core(TM) i9-13900H,clang-22.1.8 (https://github.com/msys2/MINGW-packages 6e4e79c2f86eeb534e324e583f2057dc9fd5ecab),SM4-128,ttable-2k,block,4096,7,2668400,262144,10.179138184,0.098240144,30.489852905,ok
Windows-x86_64,13th Gen Intel(R) Core(TM) i9-13900H,clang-22.1.8 (https://github.com/msys2/MINGW-packages 6e4e79c2f86eeb534e324e583f2057dc9fd5ecab),SM4-128,ttable-2k,block,4096,8,2685700,262144,10.245132446,0.097607328,30.686378479,ok
Windows-x86_64,13th Gen Intel(R) Core(TM) i9-13900H,clang-22.1.8 (https://github.com/msys2/MINGW-packages 6e4e79c2f86eeb534e324e583f2057dc9fd5ecab),SM4-128,ttable-2k,block,4096,9,2680100,262144,10.223770142,0.097811276,30.623199463,ok
Windows-x86_64,13th Gen Intel(R) Core(TM) i9-13900H,clang-22.1.8 (https://github.com/msys2/MINGW-packages 6e4e79c2f86eeb534e324e583f2057dc9fd5ecab),SM4-128,ttable-2k,block,4096,10,2683300,262144,10.235977173,0.097694630,30.658538818,ok
Windows-x86_64,13th Gen Intel(R) Core(TM) i9-13900H,clang-22.1.8 (https://github.com/msys2/MINGW-packages 6e4e79c2f86eeb534e324e583f2057dc9fd5ecab),SM4-128,ttable-2k,block,4096,11,2713800,262144,10.352325439,0.096596654,31.008132935,ok
Windows-x86_64,13th Gen Intel(R) Core(TM) i9-13900H,clang-22.1.8 (https://github.com/msys2/MINGW-packages 6e4e79c2f86eeb534e324e583f2057dc9fd5ecab),SM4-128,ttable-2k,block,4096,12,2678900,262144,10.219192505,0.097855090,30.608604431,ok
Windows-x86_64,13th Gen Intel(R) Core(TM) i9-13900H,clang-22.1.8 (https://github.com/msys2/MINGW-packages 6e4e79c2f86eeb534e324e583f2057dc9fd5ecab),SM4-128,ttable-2k,block,4096,13,2732100,262144,10.422134399,0.095949636,31.216896057,ok
Windows-x86_64,13th Gen Intel(R) Core(TM) i9-13900H,clang-22.1.8 (https://github.com/msys2/MINGW-packages 6e4e79c2f86eeb534e324e583f2057dc9fd5ecab),SM4-128,ttable-2k,block,4096,14,2738900,262144,10.448074341,0.095711417,31.294548035,ok
Windows-x86_64,13th Gen Intel(R) Core(TM) i9-13900H,clang-22.1.8 (https://github.com/msys2/MINGW-packages 6e4e79c2f86eeb534e324e583f2057dc9fd5ecab),SM4-128,ttable-2k,block,4096,15,2669800,262144,10.184478760,0.098188628,30.506172180,ok
Windows-x86_64,13th Gen Intel(R) Core(TM) i9-13900H,clang-22.1.8 (https://github.com/msys2/MINGW-packages 6e4e79c2f86eeb534e324e583f2057dc9fd5ecab),SM4-128,ttable-2k,block,8192,1,2681700,262144,10.229873657,0.097752918,30.646217346,ok
Windows-x86_64,13th Gen Intel(R) Core(TM) i9-13900H,clang-22.1.8 (https://github.com/msys2/MINGW-packages 6e4e79c2f86eeb534e324e583f2057dc9fd5ecab),SM4-128,ttable-2k,block,8192,2,2679200,262144,10.220336914,0.097844133,30.612747192,ok
Windows-x86_64,13th Gen Intel(R) Core(TM) i9-13900H,clang-22.1.8 (https://github.com/msys2/MINGW-packages 6e4e79c2f86eeb534e324e583f2057dc9fd5ecab),SM4-128,ttable-2k,block,8192,3,2667700,262144,10.176467896,0.098265922,30.480361938,ok
Windows-x86_64,13th Gen Intel(R) Core(TM) i9-13900H,clang-22.1.8 (https://github.com/msys2/MINGW-packages 6e4e79c2f86eeb534e324e583f2057dc9fd5ecab),SM4-128,ttable-2k,block,8192,4,2662000,262144,10.154724121,0.098476334,30.415634155,ok
Windows-x86_64,13th Gen Intel(R) Core(TM) i9-13900H,clang-22.1.8 (https://github.com/msys2/MINGW-packages 6e4e79c2f86eeb534e324e583f2057dc9fd5ecab),SM4-128,ttable-2k,block,8192,5,2748000,262144,10.482788086,0.095394469,31.399139404,ok
Windows-x86_64,13th Gen Intel(R) Core(TM) i9-13900H,clang-22.1.8 (https://github.com/msys2/MINGW-packages 6e4e79c2f86eeb534e324e583f2057dc9fd5ecab),SM4-128,ttable-2k,block,8192,6,2662400,262144,10.156250000,0.098461538,30.421531677,ok
Windows-x86_64,13th Gen Intel(R) Core(TM) i9-13900H,clang-22.1.8 (https://github.com/msys2/MINGW-packages 6e4e79c2f86eeb534e324e583f2057dc9fd5ecab),SM4-128,ttable-2k,block,8192,7,2669800,262144,10.184478760,0.098188628,30.504600525,ok
Windows-x86_64,13th Gen Intel(R) Core(TM) i9-13900H,clang-22.1.8 (https://github.com/msys2/MINGW-packages 6e4e79c2f86eeb534e324e583f2057dc9fd5ecab),SM4-128,ttable-2k,block,8192,8,2665500,262144,10.168075562,0.098347027,30.455863953,ok
Windows-x86_64,13th Gen Intel(R) Core(TM) i9-13900H,clang-22.1.8 (https://github.com/msys2/MINGW-packages 6e4e79c2f86eeb534e324e583f2057dc9fd5ecab),SM4-128,ttable-2k,block,8192,9,2668500,262144,10.179519653,0.098236462,30.490493774,ok
Windows-x86_64,13th Gen Intel(R) Core(TM) i9-13900H,clang-22.1.8 (https://github.com/msys2/MINGW-packages 6e4e79c2f86eeb534e324e583f2057dc9fd5ecab),SM4-128,ttable-2k,block,8192,10,2665300,262144,10.167312622,0.098354407,30.453414917,ok
Windows-x86_64,13th Gen Intel(R) Core(TM) i9-13900H,clang-22.1.8 (https://github.com/msys2/MINGW-packages 6e4e79c2f86eeb534e324e583f2057dc9fd5ecab),SM4-128,ttable-2k,block,8192,11,2676200,262144,10.208892822,0.097953815,30.577812195,ok
Windows-x86_64,13th Gen Intel(R) Core(TM) i9-13900H,clang-22.1.8 (https://github.com/msys2/MINGW-packages 6e4e79c2f86eeb534e324e583f2057dc9fd5ecab),SM4-128,ttable-2k,block,8192,12,2668500,262144,10.179519653,0.098236462,30.490013123,ok
Windows-x86_64,13th Gen Intel(R) Core(TM) i9-13900H,clang-22.1.8 (https://github.com/msys2/MINGW-packages 6e4e79c2f86eeb534e324e583f2057dc9fd5ecab),SM4-128,ttable-2k,block,8192,13,2668100,262144,10.177993774,0.098251190,30.485694885,ok
Windows-x86_64,13th Gen Intel(R) Core(TM) i9-13900H,clang-22.1.8 (https://github.com/msys2/MINGW-packages 6e4e79c2f86eeb534e324e583f2057dc9fd5ecab),SM4-128,ttable-2k,block,8192,14,2674400,262144,10.202026367,0.098019743,30.557723999,ok
Windows-x86_64,13th Gen Intel(R) Core(TM) i9-13900H,clang-22.1.8 (https://github.com/msys2/MINGW-packages 6e4e79c2f86eeb534e324e583f2057dc9fd5ecab),SM4-128,ttable-2k,block,8192,15,2667900,262144,10.177230835,0.098258555,30.483413696,ok
Windows-x86_64,13th Gen Intel(R) Core(TM) i9-13900H,clang-22.1.8 (https://github.com/msys2/MINGW-packages 6e4e79c2f86eeb534e324e583f2057dc9fd5ecab),SM4-128,ttable-2k,block,65536,1,2740200,262144,10.453033447,0.095666010,31.325744629,ok
Windows-x86_64,13th Gen Intel(R) Core(TM) i9-13900H,clang-22.1.8 (https://github.com/msys2/MINGW-packages 6e4e79c2f86eeb534e324e583f2057dc9fd5ecab),SM4-128,ttable-2k,block,65536,2,2720900,262144,10.379409790,0.096344592,31.089843750,ok
Windows-x86_64,13th Gen Intel(R) Core(TM) i9-13900H,clang-22.1.8 (https://github.com/msys2/MINGW-packages 6e4e79c2f86eeb534e324e583f2057dc9fd5ecab),SM4-128,ttable-2k,block,65536,3,2677200,262144,10.212707520,0.097917227,30.590164185,ok
Windows-x86_64,13th Gen Intel(R) Core(TM) i9-13900H,clang-22.1.8 (https://github.com/msys2/MINGW-packages 6e4e79c2f86eeb534e324e583f2057dc9fd5ecab),SM4-128,ttable-2k,block,65536,4,2669600,262144,10.183715820,0.098195984,30.502754211,ok
Windows-x86_64,13th Gen Intel(R) Core(TM) i9-13900H,clang-22.1.8 (https://github.com/msys2/MINGW-packages 6e4e79c2f86eeb534e324e583f2057dc9fd5ecab),SM4-128,ttable-2k,block,65536,5,2677900,262144,10.215377808,0.097891632,30.597808838,ok
Windows-x86_64,13th Gen Intel(R) Core(TM) i9-13900H,clang-22.1.8 (https://github.com/msys2/MINGW-packages 6e4e79c2f86eeb534e324e583f2057dc9fd5ecab),SM4-128,ttable-2k,block,65536,6,2673700,262144,10.199356079,0.098045405,30.549377441,ok
Windows-x86_64,13th Gen Intel(R) Core(TM) i9-13900H,clang-22.1.8 (https://github.com/msys2/MINGW-packages 6e4e79c2f86eeb534e324e583f2057dc9fd5ecab),SM4-128,ttable-2k,block,65536,7,2686300,262144,10.247421265,0.097585527,30.692703247,ok
Windows-x86_64,13th Gen Intel(R) Core(TM) i9-13900H,clang-22.1.8 (https://github.com/msys2/MINGW-packages 6e4e79c2f86eeb534e324e583f2057dc9fd5ecab),SM4-128,ttable-2k,block,65536,8,2674400,262144,10.202026367,0.098019743,30.558166504,ok
Windows-x86_64,13th Gen Intel(R) Core(TM) i9-13900H,clang-22.1.8 (https://github.com/msys2/MINGW-packages 6e4e79c2f86eeb534e324e583f2057dc9fd5ecab),SM4-128,ttable-2k,block,65536,9,2677900,262144,10.215377808,0.097891632,30.598594666,ok
Windows-x86_64,13th Gen Intel(R) Core(TM) i9-13900H,clang-22.1.8 (https://github.com/msys2/MINGW-packages 6e4e79c2f86eeb534e324e583f2057dc9fd5ecab),SM4-128,ttable-2k,block,65536,10,2711800,262144,10.344696045,0.096667896,30.984260559,ok
Windows-x86_64,13th Gen Intel(R) Core(TM) i9-13900H,clang-22.1.8 (https://github.com/msys2/MINGW-packages 6e4e79c2f86eeb534e324e583f2057dc9fd5ecab),SM4-128,ttable-2k,block,65536,11,2675400,262144,10.205841064,0.097983105,30.568435669,ok
Windows-x86_64,13th Gen Intel(R) Core(TM) i9-13900H,clang-22.1.8 (https://github.com/msys2/MINGW-packages 6e4e79c2f86eeb534e324e583f2057dc9fd5ecab),SM4-128,ttable-2k,block,65536,12,2684400,262144,10.240173340,0.097654597,30.671203613,ok
Windows-x86_64,13th Gen Intel(R) Core(TM) i9-13900H,clang-22.1.8 (https://github.com/msys2/MINGW-packages 6e4e79c2f86eeb534e324e583f2057dc9fd5ecab),SM4-128,ttable-2k,block,65536,13,2802000,262144,10.688781738,0.093556031,32.016151428,ok
Windows-x86_64,13th Gen Intel(R) Core(TM) i9-13900H,clang-22.1.8 (https://github.com/msys2/MINGW-packages 6e4e79c2f86eeb534e324e583f2057dc9fd5ecab),SM4-128,ttable-2k,block,65536,14,2746900,262144,10.478591919,0.095432670,31.385643005,ok
Windows-x86_64,13th Gen Intel(R) Core(TM) i9-13900H,clang-22.1.8 (https://github.com/msys2/MINGW-packages 6e4e79c2f86eeb534e324e583f2057dc9fd5ecab),SM4-128,ttable-2k,block,65536,15,2822100,262144,10.765457153,0.092889692,32.245346069,ok
Windows-x86_64,13th Gen Intel(R) Core(TM) i9-13900H,clang-22.1.8 (https://github.com/msys2/MINGW-packages 6e4e79c2f86eeb534e324e583f2057dc9fd5ecab),SM4-128,ttable-2k,block,1048576,1,11302200,1048576,10.778617859,0.092776274,32.288076401,ok
Windows-x86_64,13th Gen Intel(R) Core(TM) i9-13900H,clang-22.1.8 (https://github.com/msys2/MINGW-packages 6e4e79c2f86eeb534e324e583f2057dc9fd5ecab),SM4-128,ttable-2k,block,1048576,2,11408600,1048576,10.880088806,0.091911014,32.588449478,ok
Windows-x86_64,13th Gen Intel(R) Core(TM) i9-13900H,clang-22.1.8 (https://github.com/msys2/MINGW-packages 6e4e79c2f86eeb534e324e583f2057dc9fd5ecab),SM4-128,ttable-2k,block,1048576,3,11345600,1048576,10.820007324,0.092421379,32.408460617,ok
Windows-x86_64,13th Gen Intel(R) Core(TM) i9-13900H,clang-22.1.8 (https://github.com/msys2/MINGW-packages 6e4e79c2f86eeb534e324e583f2057dc9fd5ecab),SM4-128,ttable-2k,block,1048576,4,11597500,1048576,11.060237885,0.090413969,33.128308296,ok
Windows-x86_64,13th Gen Intel(R) Core(TM) i9-13900H,clang-22.1.8 (https://github.com/msys2/MINGW-packages 6e4e79c2f86eeb534e324e583f2057dc9fd5ecab),SM4-128,ttable-2k,block,1048576,5,11126300,1048576,10.610866547,0.094243010,31.782062531,ok
Windows-x86_64,13th Gen Intel(R) Core(TM) i9-13900H,clang-22.1.8 (https://github.com/msys2/MINGW-packages 6e4e79c2f86eeb534e324e583f2057dc9fd5ecab),SM4-128,ttable-2k,block,1048576,6,11097300,1048576,10.583209991,0.094489290,31.699316978,ok
Windows-x86_64,13th Gen Intel(R) Core(TM) i9-13900H,clang-22.1.8 (https://github.com/msys2/MINGW-packages 6e4e79c2f86eeb534e324e583f2057dc9fd5ecab),SM4-128,ttable-2k,block,1048576,7,10723100,1048576,10.226345062,0.097786648,30.630544662,ok
Windows-x86_64,13th Gen Intel(R) Core(TM) i9-13900H,clang-22.1.8 (https://github.com/msys2/MINGW-packages 6e4e79c2f86eeb534e324e583f2057dc9fd5ecab),SM4-128,ttable-2k,block,1048576,8,10725000,1048576,10.228157043,0.097769324,30.635374069,ok
Windows-x86_64,13th Gen Intel(R) Core(TM) i9-13900H,clang-22.1.8 (https://github.com/msys2/MINGW-packages 6e4e79c2f86eeb534e324e583f2057dc9fd5ecab),SM4-128,ttable-2k,block,1048576,9,11433500,1048576,10.903835297,0.091710850,32.659170151,ok
Windows-x86_64,13th Gen Intel(R) Core(TM) i9-13900H,clang-22.1.8 (https://github.com/msys2/MINGW-packages 6e4e79c2f86eeb534e324e583f2057dc9fd5ecab),SM4-128,ttable-2k,block,1048576,10,11498200,1048576,10.965538025,0.091194796,32.844240189,ok
Windows-x86_64,13th Gen Intel(R) Core(TM) i9-13900H,clang-22.1.8 (https://github.com/msys2/MINGW-packages 6e4e79c2f86eeb534e324e583f2057dc9fd5ecab),SM4-128,ttable-2k,block,1048576,11,11349300,1048576,10.823535919,0.092391249,32.418962479,ok
Windows-x86_64,13th Gen Intel(R) Core(TM) i9-13900H,clang-22.1.8 (https://github.com/msys2/MINGW-packages 6e4e79c2f86eeb534e324e583f2057dc9fd5ecab),SM4-128,ttable-2k,block,1048576,12,11372400,1048576,10.845565796,0.092203581,32.485113144,ok
Windows-x86_64,13th Gen Intel(R) Core(TM) i9-13900H,clang-22.1.8 (https://github.com/msys2/MINGW-packages 6e4e79c2f86eeb534e324e583f2057dc9fd5ecab),SM4-128,ttable-2k,block,1048576,13,11274000,1048576,10.751724243,0.093008338,32.203997612,ok
Windows-x86_64,13th Gen Intel(R) Core(TM) i9-13900H,clang-22.1.8 (https://github.com/msys2/MINGW-packages 6e4e79c2f86eeb534e324e583f2057dc9fd5ecab),SM4-128,ttable-2k,block,1048576,14,11298800,1048576,10.775375366,0.092804192,32.274854660,ok
Windows-x86_64,13th Gen Intel(R) Core(TM) i9-13900H,clang-22.1.8 (https://github.com/msys2/MINGW-packages 6e4e79c2f86eeb534e324e583f2057dc9fd5ecab),SM4-128,ttable-2k,block,1048576,15,10732600,1048576,10.235404968,0.097700091,30.657505035,ok
Windows-x86_64,13th Gen Intel(R) Core(TM) i9-13900H,clang-22.1.8 (https://github.com/msys2/MINGW-packages 6e4e79c2f86eeb534e324e583f2057dc9fd5ecab),SM4-128,shuffle,block,64,1,1214800,262144,4.634094238,0.215791900,13.882118225,ok
Windows-x86_64,13th Gen Intel(R) Core(TM) i9-13900H,clang-22.1.8 (https://github.com/msys2/MINGW-packages 6e4e79c2f86eeb534e324e583f2057dc9fd5ecab),SM4-128,shuffle,block,64,2,1223400,262144,4.666900635,0.214274971,13.979690552,ok
Windows-x86_64,13th Gen Intel(R) Core(TM) i9-13900H,clang-22.1.8 (https://github.com/msys2/MINGW-packages 6e4e79c2f86eeb534e324e583f2057dc9fd5ecab),SM4-128,shuffle,block,64,3,1224400,262144,4.670715332,0.214099967,13.989768982,ok
Windows-x86_64,13th Gen Intel(R) Core(TM) i9-13900H,clang-22.1.8 (https://github.com/msys2/MINGW-packages 6e4e79c2f86eeb534e324e583f2057dc9fd5ecab),SM4-128,shuffle,block,64,4,1219400,262144,4.651641846,0.214977858,13.932235718,ok
Windows-x86_64,13th Gen Intel(R) Core(TM) i9-13900H,clang-22.1.8 (https://github.com/msys2/MINGW-packages 6e4e79c2f86eeb534e324e583f2057dc9fd5ecab),SM4-128,shuffle,block,64,5,1232300,262144,4.700851440,0.212727420,14.080490112,ok
Windows-x86_64,13th Gen Intel(R) Core(TM) i9-13900H,clang-22.1.8 (https://github.com/msys2/MINGW-packages 6e4e79c2f86eeb534e324e583f2057dc9fd5ecab),SM4-128,shuffle,block,64,6,1237900,262144,4.722213745,0.211765086,14.144264221,ok
Windows-x86_64,13th Gen Intel(R) Core(TM) i9-13900H,clang-22.1.8 (https://github.com/msys2/MINGW-packages 6e4e79c2f86eeb534e324e583f2057dc9fd5ecab),SM4-128,shuffle,block,64,7,1227500,262144,4.682540894,0.213559267,14.025871277,ok
Windows-x86_64,13th Gen Intel(R) Core(TM) i9-13900H,clang-22.1.8 (https://github.com/msys2/MINGW-packages 6e4e79c2f86eeb534e324e583f2057dc9fd5ecab),SM4-128,shuffle,block,64,8,1233500,262144,4.705429077,0.212520470,14.093574524,ok
Windows-x86_64,13th Gen Intel(R) Core(TM) i9-13900H,clang-22.1.8 (https://github.com/msys2/MINGW-packages 6e4e79c2f86eeb534e324e583f2057dc9fd5ecab),SM4-128,shuffle,block,64,9,1357800,262144,5.179595947,0.193065253,15.514431000,ok
Windows-x86_64,13th Gen Intel(R) Core(TM) i9-13900H,clang-22.1.8 (https://github.com/msys2/MINGW-packages 6e4e79c2f86eeb534e324e583f2057dc9fd5ecab),SM4-128,shuffle,block,64,10,1286600,262144,4.907989502,0.203749417,14.704872131,ok
Windows-x86_64,13th Gen Intel(R) Core(TM) i9-13900H,clang-22.1.8 (https://github.com/msys2/MINGW-packages 6e4e79c2f86eeb534e324e583f2057dc9fd5ecab),SM4-128,shuffle,block,64,11,1268200,262144,4.837799072,0.206705567,14.490402222,ok
Windows-x86_64,13th Gen Intel(R) Core(TM) i9-13900H,clang-22.1.8 (https://github.com/msys2/MINGW-packages 6e4e79c2f86eeb534e324e583f2057dc9fd5ecab),SM4-128,shuffle,block,64,12,1249700,262144,4.767227173,0.209765544,14.280151367,ok
Windows-x86_64,13th Gen Intel(R) Core(TM) i9-13900H,clang-22.1.8 (https://github.com/msys2/MINGW-packages 6e4e79c2f86eeb534e324e583f2057dc9fd5ecab),SM4-128,shuffle,block,64,13,1250200,262144,4.769134521,0.209681651,14.284797668,ok
Windows-x86_64,13th Gen Intel(R) Core(TM) i9-13900H,clang-22.1.8 (https://github.com/msys2/MINGW-packages 6e4e79c2f86eeb534e324e583f2057dc9fd5ecab),SM4-128,shuffle,block,64,14,1258300,262144,4.800033569,0.208331876,14.377799988,ok
Windows-x86_64,13th Gen Intel(R) Core(TM) i9-13900H,clang-22.1.8 (https://github.com/msys2/MINGW-packages 6e4e79c2f86eeb534e324e583f2057dc9fd5ecab),SM4-128,shuffle,block,64,15,1241700,262144,4.736709595,0.211117017,14.188583374,ok
Windows-x86_64,13th Gen Intel(R) Core(TM) i9-13900H,clang-22.1.8 (https://github.com/msys2/MINGW-packages 6e4e79c2f86eeb534e324e583f2057dc9fd5ecab),SM4-128,shuffle,block,512,1,1182100,262144,4.509353638,0.221761272,13.507186890,ok
Windows-x86_64,13th Gen Intel(R) Core(TM) i9-13900H,clang-22.1.8 (https://github.com/msys2/MINGW-packages 6e4e79c2f86eeb534e324e583f2057dc9fd5ecab),SM4-128,shuffle,block,512,2,1204200,262144,4.593658447,0.217691413,13.759712219,ok
Windows-x86_64,13th Gen Intel(R) Core(TM) i9-13900H,clang-22.1.8 (https://github.com/msys2/MINGW-packages 6e4e79c2f86eeb534e324e583f2057dc9fd5ecab),SM4-128,shuffle,block,512,3,1234300,262144,4.708480835,0.212382727,14.103530884,ok
Windows-x86_64,13th Gen Intel(R) Core(TM) i9-13900H,clang-22.1.8 (https://github.com/msys2/MINGW-packages 6e4e79c2f86eeb534e324e583f2057dc9fd5ecab),SM4-128,shuffle,block,512,4,1183500,262144,4.514694214,0.221498944,13.523765564,ok
Windows-x86_64,13th Gen Intel(R) Core(TM) i9-13900H,clang-22.1.8 (https://github.com/msys2/MINGW-packages 6e4e79c2f86eeb534e324e583f2057dc9fd5ecab),SM4-128,shuffle,block,512,5,1176500,262144,4.487991333,0.222816830,13.442703247,ok
Windows-x86_64,13th Gen Intel(R) Core(TM) i9-13900H,clang-22.1.8 (https://github.com/msys2/MINGW-packages 6e4e79c2f86eeb534e324e583f2057dc9fd5ecab),SM4-128,shuffle,block,512,6,1181300,262144,4.506301880,0.221911453,13.497528076,ok
Windows-x86_64,13th Gen Intel(R) Core(TM) i9-13900H,clang-22.1.8 (https://github.com/msys2/MINGW-packages 6e4e79c2f86eeb534e324e583f2057dc9fd5ecab),SM4-128,shuffle,block,512,7,1186200,262144,4.524993896,0.220994773,13.554153442,ok
Windows-x86_64,13th Gen Intel(R) Core(TM) i9-13900H,clang-22.1.8 (https://github.com/msys2/MINGW-packages 6e4e79c2f86eeb534e324e583f2057dc9fd5ecab),SM4-128,shuffle,block,512,8,1208200,262144,4.608917236,0.216970700,13.804672241,ok
Windows-x86_64,13th Gen Intel(R) Core(TM) i9-13900H,clang-22.1.8 (https://github.com/msys2/MINGW-packages 6e4e79c2f86eeb534e324e583f2057dc9fd5ecab),SM4-128,shuffle,block,512,9,1237600,262144,4.721069336,0.211816419,14.141471863,ok
Windows-x86_64,13th Gen Intel(R) Core(TM) i9-13900H,clang-22.1.8 (https://github.com/msys2/MINGW-packages 6e4e79c2f86eeb534e324e583f2057dc9fd5ecab),SM4-128,shuffle,block,512,10,1292000,262144,4.928588867,0.202897833,14.762367249,ok
Windows-x86_64,13th Gen Intel(R) Core(TM) i9-13900H,clang-22.1.8 (https://github.com/msys2/MINGW-packages 6e4e79c2f86eeb534e324e583f2057dc9fd5ecab),SM4-128,shuffle,block,512,11,1389000,262144,5.298614502,0.188728582,15.870964050,ok
Windows-x86_64,13th Gen Intel(R) Core(TM) i9-13900H,clang-22.1.8 (https://github.com/msys2/MINGW-packages 6e4e79c2f86eeb534e324e583f2057dc9fd5ecab),SM4-128,shuffle,block,512,12,1366400,262144,5.212402344,0.191850117,15.612419128,ok
Windows-x86_64,13th Gen Intel(R) Core(TM) i9-13900H,clang-22.1.8 (https://github.com/msys2/MINGW-packages 6e4e79c2f86eeb534e324e583f2057dc9fd5ecab),SM4-128,shuffle,block,512,13,1297300,262144,4.948806763,0.202068912,14.823547363,ok
Windows-x86_64,13th Gen Intel(R) Core(TM) i9-13900H,clang-22.1.8 (https://github.com/msys2/MINGW-packages 6e4e79c2f86eeb534e324e583f2057dc9fd5ecab),SM4-128,shuffle,block,512,14,1343200,262144,5.123901367,0.195163788,15.347358704,ok
Windows-x86_64,13th Gen Intel(R) Core(TM) i9-13900H,clang-22.1.8 (https://github.com/msys2/MINGW-packages 6e4e79c2f86eeb534e324e583f2057dc9fd5ecab),SM4-128,shuffle,block,512,15,1297500,262144,4.949569702,0.202037765,14.825920105,ok
Windows-x86_64,13th Gen Intel(R) Core(TM) i9-13900H,clang-22.1.8 (https://github.com/msys2/MINGW-packages 6e4e79c2f86eeb534e324e583f2057dc9fd5ecab),SM4-128,shuffle,block,4096,1,1281900,262144,4.890060425,0.204496451,14.648414612,ok
Windows-x86_64,13th Gen Intel(R) Core(TM) i9-13900H,clang-22.1.8 (https://github.com/msys2/MINGW-packages 6e4e79c2f86eeb534e324e583f2057dc9fd5ecab),SM4-128,shuffle,block,4096,2,1268400,262144,4.838562012,0.206672974,14.492843628,ok
Windows-x86_64,13th Gen Intel(R) Core(TM) i9-13900H,clang-22.1.8 (https://github.com/msys2/MINGW-packages 6e4e79c2f86eeb534e324e583f2057dc9fd5ecab),SM4-128,shuffle,block,4096,3,1267300,262144,4.834365845,0.206852363,14.480262756,ok
Windows-x86_64,13th Gen Intel(R) Core(TM) i9-13900H,clang-22.1.8 (https://github.com/msys2/MINGW-packages 6e4e79c2f86eeb534e324e583f2057dc9fd5ecab),SM4-128,shuffle,block,4096,4,1292200,262144,4.929351807,0.202866429,14.764404297,ok
Windows-x86_64,13th Gen Intel(R) Core(TM) i9-13900H,clang-22.1.8 (https://github.com/msys2/MINGW-packages 6e4e79c2f86eeb534e324e583f2057dc9fd5ecab),SM4-128,shuffle,block,4096,5,1282100,262144,4.890823364,0.204464550,14.648948669,ok
Windows-x86_64,13th Gen Intel(R) Core(TM) i9-13900H,clang-22.1.8 (https://github.com/msys2/MINGW-packages 6e4e79c2f86eeb534e324e583f2057dc9fd5ecab),SM4-128,shuffle,block,4096,6,1262400,262144,4.815673828,0.207655260,14.425010681,ok
Windows-x86_64,13th Gen Intel(R) Core(TM) i9-13900H,clang-22.1.8 (https://github.com/msys2/MINGW-packages 6e4e79c2f86eeb534e324e583f2057dc9fd5ecab),SM4-128,shuffle,block,4096,7,1290300,262144,4.922103882,0.203165155,14.743255615,ok
Windows-x86_64,13th Gen Intel(R) Core(TM) i9-13900H,clang-22.1.8 (https://github.com/msys2/MINGW-packages 6e4e79c2f86eeb534e324e583f2057dc9fd5ecab),SM4-128,shuffle,block,4096,8,1289900,262144,4.920578003,0.203228157,14.738471985,ok
Windows-x86_64,13th Gen Intel(R) Core(TM) i9-13900H,clang-22.1.8 (https://github.com/msys2/MINGW-packages 6e4e79c2f86eeb534e324e583f2057dc9fd5ecab),SM4-128,shuffle,block,4096,9,1302100,262144,4.967117310,0.201324015,14.878364563,ok
Windows-x86_64,13th Gen Intel(R) Core(TM) i9-13900H,clang-22.1.8 (https://github.com/msys2/MINGW-packages 6e4e79c2f86eeb534e324e583f2057dc9fd5ecab),SM4-128,shuffle,block,4096,10,1287100,262144,4.909896851,0.203670266,14.706893921,ok
Windows-x86_64,13th Gen Intel(R) Core(TM) i9-13900H,clang-22.1.8 (https://github.com/msys2/MINGW-packages 6e4e79c2f86eeb534e324e583f2057dc9fd5ecab),SM4-128,shuffle,block,4096,11,1286900,262144,4.909133911,0.203701919,14.704498291,ok
Windows-x86_64,13th Gen Intel(R) Core(TM) i9-13900H,clang-22.1.8 (https://github.com/msys2/MINGW-packages 6e4e79c2f86eeb534e324e583f2057dc9fd5ecab),SM4-128,shuffle,block,4096,12,1272600,262144,4.854583740,0.205990885,14.540420532,ok
Windows-x86_64,13th Gen Intel(R) Core(TM) i9-13900H,clang-22.1.8 (https://github.com/msys2/MINGW-packages 6e4e79c2f86eeb534e324e583f2057dc9fd5ecab),SM4-128,shuffle,block,4096,13,1256100,262144,4.791641235,0.208696760,14.351852417,ok
Windows-x86_64,13th Gen Intel(R) Core(TM) i9-13900H,clang-22.1.8 (https://github.com/msys2/MINGW-packages 6e4e79c2f86eeb534e324e583f2057dc9fd5ecab),SM4-128,shuffle,block,4096,14,1274600,262144,4.862213135,0.205667660,14.563484192,ok
Windows-x86_64,13th Gen Intel(R) Core(TM) i9-13900H,clang-22.1.8 (https://github.com/msys2/MINGW-packages 6e4e79c2f86eeb534e324e583f2057dc9fd5ecab),SM4-128,shuffle,block,4096,15,1259300,262144,4.803848267,0.208166442,14.388626099,ok
Windows-x86_64,13th Gen Intel(R) Core(TM) i9-13900H,clang-22.1.8 (https://github.com/msys2/MINGW-packages 6e4e79c2f86eeb534e324e583f2057dc9fd5ecab),SM4-128,shuffle,block,8192,1,1281800,262144,4.889678955,0.204512404,14.646797180,ok
Windows-x86_64,13th Gen Intel(R) Core(TM) i9-13900H,clang-22.1.8 (https://github.com/msys2/MINGW-packages 6e4e79c2f86eeb534e324e583f2057dc9fd5ecab),SM4-128,shuffle,block,8192,2,1307000,262144,4.985809326,0.200569243,14.934097290,ok
Windows-x86_64,13th Gen Intel(R) Core(TM) i9-13900H,clang-22.1.8 (https://github.com/msys2/MINGW-packages 6e4e79c2f86eeb534e324e583f2057dc9fd5ecab),SM4-128,shuffle,block,8192,3,1285700,262144,4.904556274,0.203892043,14.691146851,ok
Windows-x86_64,13th Gen Intel(R) Core(TM) i9-13900H,clang-22.1.8 (https://github.com/msys2/MINGW-packages 6e4e79c2f86eeb534e324e583f2057dc9fd5ecab),SM4-128,shuffle,block,8192,4,1253400,262144,4.781341553,0.209146322,14.321281433,ok
Windows-x86_64,13th Gen Intel(R) Core(TM) i9-13900H,clang-22.1.8 (https://github.com/msys2/MINGW-packages 6e4e79c2f86eeb534e324e583f2057dc9fd5ecab),SM4-128,shuffle,block,8192,5,1366600,262144,5.213165283,0.191822040,15.615386963,ok
Windows-x86_64,13th Gen Intel(R) Core(TM) i9-13900H,clang-22.1.8 (https://github.com/msys2/MINGW-packages 6e4e79c2f86eeb534e324e583f2057dc9fd5ecab),SM4-128,shuffle,block,8192,6,1321400,262144,5.040740967,0.198383533,15.098709106,ok
Windows-x86_64,13th Gen Intel(R) Core(TM) i9-13900H,clang-22.1.8 (https://github.com/msys2/MINGW-packages 6e4e79c2f86eeb534e324e583f2057dc9fd5ecab),SM4-128,shuffle,block,8192,7,1372400,262144,5.235290527,0.191011367,15.680976868,ok
Windows-x86_64,13th Gen Intel(R) Core(TM) i9-13900H,clang-22.1.8 (https://github.com/msys2/MINGW-packages 6e4e79c2f86eeb534e324e583f2057dc9fd5ecab),SM4-128,shuffle,block,8192,8,1377400,262144,5.254364014,0.190317990,15.738616943,ok
Windows-x86_64,13th Gen Intel(R) Core(TM) i9-13900H,clang-22.1.8 (https://github.com/msys2/MINGW-packages 6e4e79c2f86eeb534e324e583f2057dc9fd5ecab),SM4-128,shuffle,block,8192,9,1327400,262144,5.063629150,0.197486816,15.168006897,ok
Windows-x86_64,13th Gen Intel(R) Core(TM) i9-13900H,clang-22.1.8 (https://github.com/msys2/MINGW-packages 6e4e79c2f86eeb534e324e583f2057dc9fd5ecab),SM4-128,shuffle,block,8192,10,1353800,262144,5.164337158,0.193635692,15.468345642,ok
Windows-x86_64,13th Gen Intel(R) Core(TM) i9-13900H,clang-22.1.8 (https://github.com/msys2/MINGW-packages 6e4e79c2f86eeb534e324e583f2057dc9fd5ecab),SM4-128,shuffle,block,8192,11,1327300,262144,5.063247681,0.197501695,15.165489197,ok
Windows-x86_64,13th Gen Intel(R) Core(TM) i9-13900H,clang-22.1.8 (https://github.com/msys2/MINGW-packages 6e4e79c2f86eeb534e324e583f2057dc9fd5ecab),SM4-128,shuffle,block,8192,12,1325300,262144,5.055618286,0.197799743,15.143287659,ok
Windows-x86_64,13th Gen Intel(R) Core(TM) i9-13900H,clang-22.1.8 (https://github.com/msys2/MINGW-packages 6e4e79c2f86eeb534e324e583f2057dc9fd5ecab),SM4-128,shuffle,block,8192,13,1328600,262144,5.068206787,0.197308445,15.180877686,ok
Windows-x86_64,13th Gen Intel(R) Core(TM) i9-13900H,clang-22.1.8 (https://github.com/msys2/MINGW-packages 6e4e79c2f86eeb534e324e583f2057dc9fd5ecab),SM4-128,shuffle,block,8192,14,1298200,262144,4.952239990,0.201928825,14.833274841,ok
Windows-x86_64,13th Gen Intel(R) Core(TM) i9-13900H,clang-22.1.8 (https://github.com/msys2/MINGW-packages 6e4e79c2f86eeb534e324e583f2057dc9fd5ecab),SM4-128,shuffle,block,8192,15,1301500,262144,4.964828491,0.201416827,14.871467590,ok
Windows-x86_64,13th Gen Intel(R) Core(TM) i9-13900H,clang-22.1.8 (https://github.com/msys2/MINGW-packages 6e4e79c2f86eeb534e324e583f2057dc9fd5ecab),SM4-128,shuffle,block,65536,1,1334600,262144,5.091094971,0.196421400,15.250740051,ok
Windows-x86_64,13th Gen Intel(R) Core(TM) i9-13900H,clang-22.1.8 (https://github.com/msys2/MINGW-packages 6e4e79c2f86eeb534e324e583f2057dc9fd5ecab),SM4-128,shuffle,block,65536,2,1291700,262144,4.927444458,0.202944956,14.759422302,ok
Windows-x86_64,13th Gen Intel(R) Core(TM) i9-13900H,clang-22.1.8 (https://github.com/msys2/MINGW-packages 6e4e79c2f86eeb534e324e583f2057dc9fd5ecab),SM4-128,shuffle,block,65536,3,1297600,262144,4.949951172,0.202022195,14.826240540,ok
Windows-x86_64,13th Gen Intel(R) Core(TM) i9-13900H,clang-22.1.8 (https://github.com/msys2/MINGW-packages 6e4e79c2f86eeb534e324e583f2057dc9fd5ecab),SM4-128,shuffle,block,65536,4,1324300,262144,5.051803589,0.197949105,15.131843567,ok
Windows-x86_64,13th Gen Intel(R) Core(TM) i9-13900H,clang-22.1.8 (https://github.com/msys2/MINGW-packages 6e4e79c2f86eeb534e324e583f2057dc9fd5ecab),SM4-128,shuffle,block,65536,5,1286100,262144,4.906082153,0.203828629,14.695396423,ok
Windows-x86_64,13th Gen Intel(R) Core(TM) i9-13900H,clang-22.1.8 (https://github.com/msys2/MINGW-packages 6e4e79c2f86eeb534e324e583f2057dc9fd5ecab),SM4-128,shuffle,block,65536,6,1309300,262144,4.994583130,0.200216910,14.959808350,ok
Windows-x86_64,13th Gen Intel(R) Core(TM) i9-13900H,clang-22.1.8 (https://github.com/msys2/MINGW-packages 6e4e79c2f86eeb534e324e583f2057dc9fd5ecab),SM4-128,shuffle,block,65536,7,1312100,262144,5.005264282,0.199789650,14.992408752,ok
Windows-x86_64,13th Gen Intel(R) Core(TM) i9-13900H,clang-22.1.8 (https://github.com/msys2/MINGW-packages 6e4e79c2f86eeb534e324e583f2057dc9fd5ecab),SM4-128,shuffle,block,65536,8,1314300,262144,5.013656616,0.199455223,15.017616272,ok
Windows-x86_64,13th Gen Intel(R) Core(TM) i9-13900H,clang-22.1.8 (https://github.com/msys2/MINGW-packages 6e4e79c2f86eeb534e324e583f2057dc9fd5ecab),SM4-128,shuffle,block,65536,9,1297000,262144,4.947662354,0.202115652,14.819633484,ok
Windows-x86_64,13th Gen Intel(R) Core(TM) i9-13900H,clang-22.1.8 (https://github.com/msys2/MINGW-packages 6e4e79c2f86eeb534e324e583f2057dc9fd5ecab),SM4-128,shuffle,block,65536,10,1302600,262144,4.969024658,0.201246737,14.884277344,ok
Windows-x86_64,13th Gen Intel(R) Core(TM) i9-13900H,clang-22.1.8 (https://github.com/msys2/MINGW-packages 6e4e79c2f86eeb534e324e583f2057dc9fd5ecab),SM4-128,shuffle,block,65536,11,1331300,262144,5.078506470,0.196908285,15.212234497,ok
Windows-x86_64,13th Gen Intel(R) Core(TM) i9-13900H,clang-22.1.8 (https://github.com/msys2/MINGW-packages 6e4e79c2f86eeb534e324e583f2057dc9fd5ecab),SM4-128,shuffle,block,65536,12,1319300,262144,5.032730103,0.198699310,15.075065613,ok
Windows-x86_64,13th Gen Intel(R) Core(TM) i9-13900H,clang-22.1.8 (https://github.com/msys2/MINGW-packages 6e4e79c2f86eeb534e324e583f2057dc9fd5ecab),SM4-128,shuffle,block,65536,13,1300000,262144,4.959106445,0.201649231,14.854347229,ok
Windows-x86_64,13th Gen Intel(R) Core(TM) i9-13900H,clang-22.1.8 (https://github.com/msys2/MINGW-packages 6e4e79c2f86eeb534e324e583f2057dc9fd5ecab),SM4-128,shuffle,block,65536,14,1288400,262144,4.914855957,0.203464762,14.721862793,ok
Windows-x86_64,13th Gen Intel(R) Core(TM) i9-13900H,clang-22.1.8 (https://github.com/msys2/MINGW-packages 6e4e79c2f86eeb534e324e583f2057dc9fd5ecab),SM4-128,shuffle,block,65536,15,1298200,262144,4.952239990,0.201928825,14.833625793,ok
Windows-x86_64,13th Gen Intel(R) Core(TM) i9-13900H,clang-22.1.8 (https://github.com/msys2/MINGW-packages 6e4e79c2f86eeb534e324e583f2057dc9fd5ecab),SM4-128,shuffle,block,1048576,1,4726800,1048576,4.507827759,0.221836337,13.508705139,ok
Windows-x86_64,13th Gen Intel(R) Core(TM) i9-13900H,clang-22.1.8 (https://github.com/msys2/MINGW-packages 6e4e79c2f86eeb534e324e583f2057dc9fd5ecab),SM4-128,shuffle,block,1048576,2,4911800,1048576,4.684257507,0.213481005,14.030601501,ok
Windows-x86_64,13th Gen Intel(R) Core(TM) i9-13900H,clang-22.1.8 (https://github.com/msys2/MINGW-packages 6e4e79c2f86eeb534e324e583f2057dc9fd5ecab),SM4-128,shuffle,block,1048576,3,4737300,1048576,4.517841339,0.221344648,13.531904221,ok
Windows-x86_64,13th Gen Intel(R) Core(TM) i9-13900H,clang-22.1.8 (https://github.com/msys2/MINGW-packages 6e4e79c2f86eeb534e324e583f2057dc9fd5ecab),SM4-128,shuffle,block,1048576,4,4769400,1048576,4.548454285,0.219854908,13.623825073,ok
Windows-x86_64,13th Gen Intel(R) Core(TM) i9-13900H,clang-22.1.8 (https://github.com/msys2/MINGW-packages 6e4e79c2f86eeb534e324e583f2057dc9fd5ecab),SM4-128,shuffle,block,1048576,5,4751400,1048576,4.531288147,0.220687797,13.572261810,ok
Windows-x86_64,13th Gen Intel(R) Core(TM) i9-13900H,clang-22.1.8 (https://github.com/msys2/MINGW-packages 6e4e79c2f86eeb534e324e583f2057dc9fd5ecab),SM4-128,shuffle,block,1048576,6,4717300,1048576,4.498767853,0.222283086,13.474987030,ok
Windows-x86_64,13th Gen Intel(R) Core(TM) i9-13900H,clang-22.1.8 (https://github.com/msys2/MINGW-packages 6e4e79c2f86eeb534e324e583f2057dc9fd5ecab),SM4-128,shuffle,block,1048576,7,4772700,1048576,4.551601410,0.219702894,13.633171082,ok
Windows-x86_64,13th Gen Intel(R) Core(TM) i9-13900H,clang-22.1.8 (https://github.com/msys2/MINGW-packages 6e4e79c2f86eeb534e324e583f2057dc9fd5ecab),SM4-128,shuffle,block,1048576,8,4756700,1048576,4.536342621,0.220441903,13.587654114,ok
Windows-x86_64,13th Gen Intel(R) Core(TM) i9-13900H,clang-22.1.8 (https://github.com/msys2/MINGW-packages 6e4e79c2f86eeb534e324e583f2057dc9fd5ecab),SM4-128,shuffle,block,1048576,9,4898000,1048576,4.671096802,0.214082483,13.991330147,ok
Windows-x86_64,13th Gen Intel(R) Core(TM) i9-13900H,clang-22.1.8 (https://github.com/msys2/MINGW-packages 6e4e79c2f86eeb534e324e583f2057dc9fd5ecab),SM4-128,shuffle,block,1048576,10,4732700,1048576,4.513454437,0.221559786,13.519126892,ok
Windows-x86_64,13th Gen Intel(R) Core(TM) i9-13900H,clang-22.1.8 (https://github.com/msys2/MINGW-packages 6e4e79c2f86eeb534e324e583f2057dc9fd5ecab),SM4-128,shuffle,block,1048576,11,4820500,1048576,4.597187042,0.217524323,13.769693375,ok
Windows-x86_64,13th Gen Intel(R) Core(TM) i9-13900H,clang-22.1.8 (https://github.com/msys2/MINGW-packages 6e4e79c2f86eeb534e324e583f2057dc9fd5ecab),SM4-128,shuffle,block,1048576,12,4724400,1048576,4.505538940,0.221949031,13.495168686,ok
Windows-x86_64,13th Gen Intel(R) Core(TM) i9-13900H,clang-22.1.8 (https://github.com/msys2/MINGW-packages 6e4e79c2f86eeb534e324e583f2057dc9fd5ecab),SM4-128,shuffle,block,1048576,13,4908400,1048576,4.681015015,0.213628881,14.020666122,ok
Windows-x86_64,13th Gen Intel(R) Core(TM) i9-13900H,clang-22.1.8 (https://github.com/msys2/MINGW-packages 6e4e79c2f86eeb534e324e583f2057dc9fd5ecab),SM4-128,shuffle,block,1048576,14,5480600,1048576,5.226707458,0.191325037,15.655134201,ok
Windows-x86_64,13th Gen Intel(R) Core(TM) i9-13900H,clang-22.1.8 (https://github.com/msys2/MINGW-packages 6e4e79c2f86eeb534e324e583f2057dc9fd5ecab),SM4-128,shuffle,block,1048576,15,5123800,1048576,4.886436462,0.204648113,14.636066437,ok
Windows-x86_64,13th Gen Intel(R) Core(TM) i9-13900H,clang-22.1.8 (https://github.com/msys2/MINGW-packages 6e4e79c2f86eeb534e324e583f2057dc9fd5ecab),SM4-128,aes-hw,block,64,1,1497300,262144,5.711746216,0.175077807,17.111373901,ok
Windows-x86_64,13th Gen Intel(R) Core(TM) i9-13900H,clang-22.1.8 (https://github.com/msys2/MINGW-packages 6e4e79c2f86eeb534e324e583f2057dc9fd5ecab),SM4-128,aes-hw,block,64,2,1581900,262144,6.034469604,0.165714647,18.075881958,ok
Windows-x86_64,13th Gen Intel(R) Core(TM) i9-13900H,clang-22.1.8 (https://github.com/msys2/MINGW-packages 6e4e79c2f86eeb534e324e583f2057dc9fd5ecab),SM4-128,aes-hw,block,64,3,1530900,262144,5.839920044,0.171235221,17.491752625,ok
Windows-x86_64,13th Gen Intel(R) Core(TM) i9-13900H,clang-22.1.8 (https://github.com/msys2/MINGW-packages 6e4e79c2f86eeb534e324e583f2057dc9fd5ecab),SM4-128,aes-hw,block,64,4,1521600,262144,5.804443359,0.172281809,17.385932922,ok
Windows-x86_64,13th Gen Intel(R) Core(TM) i9-13900H,clang-22.1.8 (https://github.com/msys2/MINGW-packages 6e4e79c2f86eeb534e324e583f2057dc9fd5ecab),SM4-128,aes-hw,block,64,5,1568700,262144,5.984115601,0.167109071,17.924613953,ok
Windows-x86_64,13th Gen Intel(R) Core(TM) i9-13900H,clang-22.1.8 (https://github.com/msys2/MINGW-packages 6e4e79c2f86eeb534e324e583f2057dc9fd5ecab),SM4-128,aes-hw,block,64,6,1534800,262144,5.854797363,0.170800104,17.537502289,ok
Windows-x86_64,13th Gen Intel(R) Core(TM) i9-13900H,clang-22.1.8 (https://github.com/msys2/MINGW-packages 6e4e79c2f86eeb534e324e583f2057dc9fd5ecab),SM4-128,aes-hw,block,64,7,1508600,262144,5.754852295,0.173766406,17.238433838,ok
Windows-x86_64,13th Gen Intel(R) Core(TM) i9-13900H,clang-22.1.8 (https://github.com/msys2/MINGW-packages 6e4e79c2f86eeb534e324e583f2057dc9fd5ecab),SM4-128,aes-hw,block,64,8,1420300,262144,5.418014526,0.184569457,16.228752136,ok
Windows-x86_64,13th Gen Intel(R) Core(TM) i9-13900H,clang-22.1.8 (https://github.com/msys2/MINGW-packages 6e4e79c2f86eeb534e324e583f2057dc9fd5ecab),SM4-128,aes-hw,block,64,9,1394600,262144,5.319976807,0.187970744,15.934524536,ok
Windows-x86_64,13th Gen Intel(R) Core(TM) i9-13900H,clang-22.1.8 (https://github.com/msys2/MINGW-packages 6e4e79c2f86eeb534e324e583f2057dc9fd5ecab),SM4-128,aes-hw,block,64,10,1406300,262144,5.364608765,0.186406883,16.067817688,ok
Windows-x86_64,13th Gen Intel(R) Core(TM) i9-13900H,clang-22.1.8 (https://github.com/msys2/MINGW-packages 6e4e79c2f86eeb534e324e583f2057dc9fd5ecab),SM4-128,aes-hw,block,64,11,1406100,262144,5.363845825,0.186433397,16.066879272,ok
Windows-x86_64,13th Gen Intel(R) Core(TM) i9-13900H,clang-22.1.8 (https://github.com/msys2/MINGW-packages 6e4e79c2f86eeb534e324e583f2057dc9fd5ecab),SM4-128,aes-hw,block,64,12,1400900,262144,5.344009399,0.187125419,16.007240295,ok
Windows-x86_64,13th Gen Intel(R) Core(TM) i9-13900H,clang-22.1.8 (https://github.com/msys2/MINGW-packages 6e4e79c2f86eeb534e324e583f2057dc9fd5ecab),SM4-128,aes-hw,block,64,13,1441700,262144,5.499649048,0.181829784,16.474006653,ok
Windows-x86_64,13th Gen Intel(R) Core(TM) i9-13900H,clang-22.1.8 (https://github.com/msys2/MINGW-packages 6e4e79c2f86eeb534e324e583f2057dc9fd5ecab),SM4-128,aes-hw,block,64,14,1401500,262144,5.346298218,0.187045309,16.014617920,ok
Windows-x86_64,13th Gen Intel(R) Core(TM) i9-13900H,clang-22.1.8 (https://github.com/msys2/MINGW-packages 6e4e79c2f86eeb534e324e583f2057dc9fd5ecab),SM4-128,aes-hw,block,64,15,1394000,262144,5.317687988,0.188051650,15.928520203,ok
Windows-x86_64,13th Gen Intel(R) Core(TM) i9-13900H,clang-22.1.8 (https://github.com/msys2/MINGW-packages 6e4e79c2f86eeb534e324e583f2057dc9fd5ecab),SM4-128,aes-hw,block,512,1,1400400,262144,5.342102051,0.187192231,16.007202148,ok
Windows-x86_64,13th Gen Intel(R) Core(TM) i9-13900H,clang-22.1.8 (https://github.com/msys2/MINGW-packages 6e4e79c2f86eeb534e324e583f2057dc9fd5ecab),SM4-128,aes-hw,block,512,2,1389100,262144,5.298995972,0.188714995,15.872352600,ok
Windows-x86_64,13th Gen Intel(R) Core(TM) i9-13900H,clang-22.1.8 (https://github.com/msys2/MINGW-packages 6e4e79c2f86eeb534e324e583f2057dc9fd5ecab),SM4-128,aes-hw,block,512,3,1400200,262144,5.341339111,0.187218969,15.999267578,ok
Windows-x86_64,13th Gen Intel(R) Core(TM) i9-13900H,clang-22.1.8 (https://github.com/msys2/MINGW-packages 6e4e79c2f86eeb534e324e583f2057dc9fd5ecab),SM4-128,aes-hw,block,512,4,1388200,262144,5.295562744,0.188837343,15.861572266,ok
Windows-x86_64,13th Gen Intel(R) Core(TM) i9-13900H,clang-22.1.8 (https://github.com/msys2/MINGW-packages 6e4e79c2f86eeb534e324e583f2057dc9fd5ecab),SM4-128,aes-hw,block,512,5,1406700,262144,5.366134644,0.186353878,16.072120667,ok
Windows-x86_64,13th Gen Intel(R) Core(TM) i9-13900H,clang-22.1.8 (https://github.com/msys2/MINGW-packages 6e4e79c2f86eeb534e324e583f2057dc9fd5ecab),SM4-128,aes-hw,block,512,6,1401800,262144,5.347442627,0.187005279,16.016967773,ok
Windows-x86_64,13th Gen Intel(R) Core(TM) i9-13900H,clang-22.1.8 (https://github.com/msys2/MINGW-packages 6e4e79c2f86eeb534e324e583f2057dc9fd5ecab),SM4-128,aes-hw,block,512,7,1406700,262144,5.366134644,0.186353878,16.073181152,ok
Windows-x86_64,13th Gen Intel(R) Core(TM) i9-13900H,clang-22.1.8 (https://github.com/msys2/MINGW-packages 6e4e79c2f86eeb534e324e583f2057dc9fd5ecab),SM4-128,aes-hw,block,512,8,1395800,262144,5.324554443,0.187809142,15.949165344,ok
Windows-x86_64,13th Gen Intel(R) Core(TM) i9-13900H,clang-22.1.8 (https://github.com/msys2/MINGW-packages 6e4e79c2f86eeb534e324e583f2057dc9fd5ecab),SM4-128,aes-hw,block,512,9,1411700,262144,5.385208130,0.185693844,16.130275726,ok
Windows-x86_64,13th Gen Intel(R) Core(TM) i9-13900H,clang-22.1.8 (https://github.com/msys2/MINGW-packages 6e4e79c2f86eeb534e324e583f2057dc9fd5ecab),SM4-128,aes-hw,block,512,10,1402200,262144,5.348968506,0.186951933,16.021965027,ok
Windows-x86_64,13th Gen Intel(R) Core(TM) i9-13900H,clang-22.1.8 (https://github.com/msys2/MINGW-packages 6e4e79c2f86eeb534e324e583f2057dc9fd5ecab),SM4-128,aes-hw,block,512,11,1431400,262144,5.460357666,0.183138186,16.355400085,ok
Windows-x86_64,13th Gen Intel(R) Core(TM) i9-13900H,clang-22.1.8 (https://github.com/msys2/MINGW-packages 6e4e79c2f86eeb534e324e583f2057dc9fd5ecab),SM4-128,aes-hw,block,512,12,1411800,262144,5.385589600,0.185680691,16.131095886,ok
Windows-x86_64,13th Gen Intel(R) Core(TM) i9-13900H,clang-22.1.8 (https://github.com/msys2/MINGW-packages 6e4e79c2f86eeb534e324e583f2057dc9fd5ecab),SM4-128,aes-hw,block,512,13,1410400,262144,5.380249023,0.185865003,16.115150452,ok
Windows-x86_64,13th Gen Intel(R) Core(TM) i9-13900H,clang-22.1.8 (https://github.com/msys2/MINGW-packages 6e4e79c2f86eeb534e324e583f2057dc9fd5ecab),SM4-128,aes-hw,block,512,14,1396800,262144,5.328369141,0.187674685,15.961318970,ok
Windows-x86_64,13th Gen Intel(R) Core(TM) i9-13900H,clang-22.1.8 (https://github.com/msys2/MINGW-packages 6e4e79c2f86eeb534e324e583f2057dc9fd5ecab),SM4-128,aes-hw,block,512,15,1414900,262144,5.397415161,0.185273871,16.167640686,ok
Windows-x86_64,13th Gen Intel(R) Core(TM) i9-13900H,clang-22.1.8 (https://github.com/msys2/MINGW-packages 6e4e79c2f86eeb534e324e583f2057dc9fd5ecab),SM4-128,aes-hw,block,4096,1,1382200,262144,5.272674561,0.189657068,15.793617249,ok
Windows-x86_64,13th Gen Intel(R) Core(TM) i9-13900H,clang-22.1.8 (https://github.com/msys2/MINGW-packages 6e4e79c2f86eeb534e324e583f2057dc9fd5ecab),SM4-128,aes-hw,block,4096,2,1414500,262144,5.395889282,0.185326264,16.161819458,ok
Windows-x86_64,13th Gen Intel(R) Core(TM) i9-13900H,clang-22.1.8 (https://github.com/msys2/MINGW-packages 6e4e79c2f86eeb534e324e583f2057dc9fd5ecab),SM4-128,aes-hw,block,4096,3,1421400,262144,5.422210693,0.184426622,16.240486145,ok
Windows-x86_64,13th Gen Intel(R) Core(TM) i9-13900H,clang-22.1.8 (https://github.com/msys2/MINGW-packages 6e4e79c2f86eeb534e324e583f2057dc9fd5ecab),SM4-128,aes-hw,block,4096,4,1407600,262144,5.369567871,0.186234726,16.083648682,ok
Windows-x86_64,13th Gen Intel(R) Core(TM) i9-13900H,clang-22.1.8 (https://github.com/msys2/MINGW-packages 6e4e79c2f86eeb534e324e583f2057dc9fd5ecab),SM4-128,aes-hw,block,4096,5,1398800,262144,5.335998535,0.187406348,15.982894897,ok
Windows-x86_64,13th Gen Intel(R) Core(TM) i9-13900H,clang-22.1.8 (https://github.com/msys2/MINGW-packages 6e4e79c2f86eeb534e324e583f2057dc9fd5ecab),SM4-128,aes-hw,block,4096,6,1412200,262144,5.387115479,0.185628098,16.136306763,ok
Windows-x86_64,13th Gen Intel(R) Core(TM) i9-13900H,clang-22.1.8 (https://github.com/msys2/MINGW-packages 6e4e79c2f86eeb534e324e583f2057dc9fd5ecab),SM4-128,aes-hw,block,4096,7,1474400,262144,5.624389648,0.177797070,16.847305298,ok
Windows-x86_64,13th Gen Intel(R) Core(TM) i9-13900H,clang-22.1.8 (https://github.com/msys2/MINGW-packages 6e4e79c2f86eeb534e324e583f2057dc9fd5ecab),SM4-128,aes-hw,block,4096,8,1583900,262144,6.042098999,0.165505398,18.097610474,ok
Windows-x86_64,13th Gen Intel(R) Core(TM) i9-13900H,clang-22.1.8 (https://github.com/msys2/MINGW-packages 6e4e79c2f86eeb534e324e583f2057dc9fd5ecab),SM4-128,aes-hw,block,4096,9,1546800,262144,5.900573730,0.169475045,17.673179626,ok
Windows-x86_64,13th Gen Intel(R) Core(TM) i9-13900H,clang-22.1.8 (https://github.com/msys2/MINGW-packages 6e4e79c2f86eeb534e324e583f2057dc9fd5ecab),SM4-128,aes-hw,block,4096,10,1544200,262144,5.890655518,0.169760394,17.644409180,ok
Windows-x86_64,13th Gen Intel(R) Core(TM) i9-13900H,clang-22.1.8 (https://github.com/msys2/MINGW-packages 6e4e79c2f86eeb534e324e583f2057dc9fd5ecab),SM4-128,aes-hw,block,4096,11,1480500,262144,5.647659302,0.177064505,16.917274475,ok
Windows-x86_64,13th Gen Intel(R) Core(TM) i9-13900H,clang-22.1.8 (https://github.com/msys2/MINGW-packages 6e4e79c2f86eeb534e324e583f2057dc9fd5ecab),SM4-128,aes-hw,block,4096,12,1484000,262144,5.661010742,0.176646900,16.957214355,ok
Windows-x86_64,13th Gen Intel(R) Core(TM) i9-13900H,clang-22.1.8 (https://github.com/msys2/MINGW-packages 6e4e79c2f86eeb534e324e583f2057dc9fd5ecab),SM4-128,aes-hw,block,4096,13,1527000,262144,5.825042725,0.171672561,17.447875977,ok
Windows-x86_64,13th Gen Intel(R) Core(TM) i9-13900H,clang-22.1.8 (https://github.com/msys2/MINGW-packages 6e4e79c2f86eeb534e324e583f2057dc9fd5ecab),SM4-128,aes-hw,block,4096,14,1504800,262144,5.740356445,0.174205210,17.193778992,ok
Windows-x86_64,13th Gen Intel(R) Core(TM) i9-13900H,clang-22.1.8 (https://github.com/msys2/MINGW-packages 6e4e79c2f86eeb534e324e583f2057dc9fd5ecab),SM4-128,aes-hw,block,4096,15,1493100,262144,5.695724487,0.175570290,17.060020447,ok
Windows-x86_64,13th Gen Intel(R) Core(TM) i9-13900H,clang-22.1.8 (https://github.com/msys2/MINGW-packages 6e4e79c2f86eeb534e324e583f2057dc9fd5ecab),SM4-128,aes-hw,block,8192,1,1449300,262144,5.528640747,0.180876285,16.561004639,ok
Windows-x86_64,13th Gen Intel(R) Core(TM) i9-13900H,clang-22.1.8 (https://github.com/msys2/MINGW-packages 6e4e79c2f86eeb534e324e583f2057dc9fd5ecab),SM4-128,aes-hw,block,8192,2,1459300,262144,5.566787720,0.179636812,16.673645020,ok
Windows-x86_64,13th Gen Intel(R) Core(TM) i9-13900H,clang-22.1.8 (https://github.com/msys2/MINGW-packages 6e4e79c2f86eeb534e324e583f2057dc9fd5ecab),SM4-128,aes-hw,block,8192,3,1494700,262144,5.701828003,0.175382351,17.079063416,ok
Windows-x86_64,13th Gen Intel(R) Core(TM) i9-13900H,clang-22.1.8 (https://github.com/msys2/MINGW-packages 6e4e79c2f86eeb534e324e583f2057dc9fd5ecab),SM4-128,aes-hw,block,8192,4,1443800,262144,5.507659912,0.181565314,16.496093750,ok
Windows-x86_64,13th Gen Intel(R) Core(TM) i9-13900H,clang-22.1.8 (https://github.com/msys2/MINGW-packages 6e4e79c2f86eeb534e324e583f2057dc9fd5ecab),SM4-128,aes-hw,block,8192,5,1455500,262144,5.552291870,0.180105806,16.630699158,ok
Windows-x86_64,13th Gen Intel(R) Core(TM) i9-13900H,clang-22.1.8 (https://github.com/msys2/MINGW-packages 6e4e79c2f86eeb534e324e583f2057dc9fd5ecab),SM4-128,aes-hw,block,8192,6,1527200,262144,5.825805664,0.171650079,17.449974060,ok
Windows-x86_64,13th Gen Intel(R) Core(TM) i9-13900H,clang-22.1.8 (https://github.com/msys2/MINGW-packages 6e4e79c2f86eeb534e324e583f2057dc9fd5ecab),SM4-128,aes-hw,block,8192,7,1531300,262144,5.841445923,0.171190492,17.496429443,ok
Windows-x86_64,13th Gen Intel(R) Core(TM) i9-13900H,clang-22.1.8 (https://github.com/msys2/MINGW-packages 6e4e79c2f86eeb534e324e583f2057dc9fd5ecab),SM4-128,aes-hw,block,8192,8,1512900,262144,5.771255493,0.173272523,17.286743164,ok
Windows-x86_64,13th Gen Intel(R) Core(TM) i9-13900H,clang-22.1.8 (https://github.com/msys2/MINGW-packages 6e4e79c2f86eeb534e324e583f2057dc9fd5ecab),SM4-128,aes-hw,block,8192,9,1480300,262144,5.646896362,0.177088428,16.915084839,ok
Windows-x86_64,13th Gen Intel(R) Core(TM) i9-13900H,clang-22.1.8 (https://github.com/msys2/MINGW-packages 6e4e79c2f86eeb534e324e583f2057dc9fd5ecab),SM4-128,aes-hw,block,8192,10,1505100,262144,5.741500854,0.174170487,17.198204041,ok
Windows-x86_64,13th Gen Intel(R) Core(TM) i9-13900H,clang-22.1.8 (https://github.com/msys2/MINGW-packages 6e4e79c2f86eeb534e324e583f2057dc9fd5ecab),SM4-128,aes-hw,block,8192,11,1479000,262144,5.641937256,0.177244084,16.898681641,ok
Windows-x86_64,13th Gen Intel(R) Core(TM) i9-13900H,clang-22.1.8 (https://github.com/msys2/MINGW-packages 6e4e79c2f86eeb534e324e583f2057dc9fd5ecab),SM4-128,aes-hw,block,8192,12,1481000,262144,5.649566650,0.177004727,16.922111511,ok
Windows-x86_64,13th Gen Intel(R) Core(TM) i9-13900H,clang-22.1.8 (https://github.com/msys2/MINGW-packages 6e4e79c2f86eeb534e324e583f2057dc9fd5ecab),SM4-128,aes-hw,block,8192,13,1524200,262144,5.814361572,0.171987928,17.416419983,ok
Windows-x86_64,13th Gen Intel(R) Core(TM) i9-13900H,clang-22.1.8 (https://github.com/msys2/MINGW-packages 6e4e79c2f86eeb534e324e583f2057dc9fd5ecab),SM4-128,aes-hw,block,8192,14,1483900,262144,5.660629272,0.176658805,16.954971313,ok
Windows-x86_64,13th Gen Intel(R) Core(TM) i9-13900H,clang-22.1.8 (https://github.com/msys2/MINGW-packages 6e4e79c2f86eeb534e324e583f2057dc9fd5ecab),SM4-128,aes-hw,block,8192,15,1518400,262144,5.792236328,0.172644889,17.349830627,ok
Windows-x86_64,13th Gen Intel(R) Core(TM) i9-13900H,clang-22.1.8 (https://github.com/msys2/MINGW-packages 6e4e79c2f86eeb534e324e583f2057dc9fd5ecab),SM4-128,aes-hw,block,65536,1,1521300,262144,5.803298950,0.172315783,17.383255005,ok
Windows-x86_64,13th Gen Intel(R) Core(TM) i9-13900H,clang-22.1.8 (https://github.com/msys2/MINGW-packages 6e4e79c2f86eeb534e324e583f2057dc9fd5ecab),SM4-128,aes-hw,block,65536,2,1498200,262144,5.715179443,0.174972634,17.119155884,ok
Windows-x86_64,13th Gen Intel(R) Core(TM) i9-13900H,clang-22.1.8 (https://github.com/msys2/MINGW-packages 6e4e79c2f86eeb534e324e583f2057dc9fd5ecab),SM4-128,aes-hw,block,65536,3,1493000,262144,5.695343018,0.175582050,17.058868408,ok
Windows-x86_64,13th Gen Intel(R) Core(TM) i9-13900H,clang-22.1.8 (https://github.com/msys2/MINGW-packages 6e4e79c2f86eeb534e324e583f2057dc9fd5ecab),SM4-128,aes-hw,block,65536,4,1498200,262144,5.715179443,0.174972634,17.118698120,ok
Windows-x86_64,13th Gen Intel(R) Core(TM) i9-13900H,clang-22.1.8 (https://github.com/msys2/MINGW-packages 6e4e79c2f86eeb534e324e583f2057dc9fd5ecab),SM4-128,aes-hw,block,65536,5,1498500,262144,5.716323853,0.174937604,17.121284485,ok
Windows-x86_64,13th Gen Intel(R) Core(TM) i9-13900H,clang-22.1.8 (https://github.com/msys2/MINGW-packages 6e4e79c2f86eeb534e324e583f2057dc9fd5ecab),SM4-128,aes-hw,block,65536,6,1536800,262144,5.862426758,0.170577824,17.559799194,ok
Windows-x86_64,13th Gen Intel(R) Core(TM) i9-13900H,clang-22.1.8 (https://github.com/msys2/MINGW-packages 6e4e79c2f86eeb534e324e583f2057dc9fd5ecab),SM4-128,aes-hw,block,65536,7,1485000,262144,5.664825439,0.176527946,16.967933655,ok
Windows-x86_64,13th Gen Intel(R) Core(TM) i9-13900H,clang-22.1.8 (https://github.com/msys2/MINGW-packages 6e4e79c2f86eeb534e324e583f2057dc9fd5ecab),SM4-128,aes-hw,block,65536,8,1524900,262144,5.817031860,0.171908978,17.423805237,ok
Windows-x86_64,13th Gen Intel(R) Core(TM) i9-13900H,clang-22.1.8 (https://github.com/msys2/MINGW-packages 6e4e79c2f86eeb534e324e583f2057dc9fd5ecab),SM4-128,aes-hw,block,65536,9,1485000,262144,5.664825439,0.176527946,16.968643188,ok
Windows-x86_64,13th Gen Intel(R) Core(TM) i9-13900H,clang-22.1.8 (https://github.com/msys2/MINGW-packages 6e4e79c2f86eeb534e324e583f2057dc9fd5ecab),SM4-128,aes-hw,block,65536,10,1501100,262144,5.726242065,0.174634601,17.151916504,ok
Windows-x86_64,13th Gen Intel(R) Core(TM) i9-13900H,clang-22.1.8 (https://github.com/msys2/MINGW-packages 6e4e79c2f86eeb534e324e583f2057dc9fd5ecab),SM4-128,aes-hw,block,65536,11,1539700,262144,5.873489380,0.170256543,17.592842102,ok
Windows-x86_64,13th Gen Intel(R) Core(TM) i9-13900H,clang-22.1.8 (https://github.com/msys2/MINGW-packages 6e4e79c2f86eeb534e324e583f2057dc9fd5ecab),SM4-128,aes-hw,block,65536,12,1559400,262144,5.948638916,0.168105682,17.817695618,ok
Windows-x86_64,13th Gen Intel(R) Core(TM) i9-13900H,clang-22.1.8 (https://github.com/msys2/MINGW-packages 6e4e79c2f86eeb534e324e583f2057dc9fd5ecab),SM4-128,aes-hw,block,65536,13,1539300,262144,5.871963501,0.170300786,17.588600159,ok
Windows-x86_64,13th Gen Intel(R) Core(TM) i9-13900H,clang-22.1.8 (https://github.com/msys2/MINGW-packages 6e4e79c2f86eeb534e324e583f2057dc9fd5ecab),SM4-128,aes-hw,block,65536,14,1519500,262144,5.796432495,0.172519908,17.361694336,ok
Windows-x86_64,13th Gen Intel(R) Core(TM) i9-13900H,clang-22.1.8 (https://github.com/msys2/MINGW-packages 6e4e79c2f86eeb534e324e583f2057dc9fd5ecab),SM4-128,aes-hw,block,65536,15,1537800,262144,5.866241455,0.170466901,17.571472168,ok
Windows-x86_64,13th Gen Intel(R) Core(TM) i9-13900H,clang-22.1.8 (https://github.com/msys2/MINGW-packages 6e4e79c2f86eeb534e324e583f2057dc9fd5ecab),SM4-128,aes-hw,block,1048576,1,6009300,1048576,5.730915070,0.174492204,17.167808533,ok
Windows-x86_64,13th Gen Intel(R) Core(TM) i9-13900H,clang-22.1.8 (https://github.com/msys2/MINGW-packages 6e4e79c2f86eeb534e324e583f2057dc9fd5ecab),SM4-128,aes-hw,block,1048576,2,6055300,1048576,5.774784088,0.173166647,17.296796799,ok
Windows-x86_64,13th Gen Intel(R) Core(TM) i9-13900H,clang-22.1.8 (https://github.com/msys2/MINGW-packages 6e4e79c2f86eeb534e324e583f2057dc9fd5ecab),SM4-128,aes-hw,block,1048576,3,6072500,1048576,5.791187286,0.172676163,17.345876694,ok
Windows-x86_64,13th Gen Intel(R) Core(TM) i9-13900H,clang-22.1.8 (https://github.com/msys2/MINGW-packages 6e4e79c2f86eeb534e324e583f2057dc9fd5ecab),SM4-128,aes-hw,block,1048576,4,6023500,1048576,5.744457245,0.174080850,17.205934525,ok
Windows-x86_64,13th Gen Intel(R) Core(TM) i9-13900H,clang-22.1.8 (https://github.com/msys2/MINGW-packages 6e4e79c2f86eeb534e324e583f2057dc9fd5ecab),SM4-128,aes-hw,block,1048576,5,6100900,1048576,5.818271637,0.171872347,17.427305222,ok
Windows-x86_64,13th Gen Intel(R) Core(TM) i9-13900H,clang-22.1.8 (https://github.com/msys2/MINGW-packages 6e4e79c2f86eeb534e324e583f2057dc9fd5ecab),SM4-128,aes-hw,block,1048576,6,5982300,1048576,5.705165863,0.175279742,17.088447571,ok
Windows-x86_64,13th Gen Intel(R) Core(TM) i9-13900H,clang-22.1.8 (https://github.com/msys2/MINGW-packages 6e4e79c2f86eeb534e324e583f2057dc9fd5ecab),SM4-128,aes-hw,block,1048576,7,5990700,1048576,5.713176727,0.175033969,17.112314224,ok
Windows-x86_64,13th Gen Intel(R) Core(TM) i9-13900H,clang-22.1.8 (https://github.com/msys2/MINGW-packages 6e4e79c2f86eeb534e324e583f2057dc9fd5ecab),SM4-128,aes-hw,block,1048576,8,6014200,1048576,5.735588074,0.174350038,17.179296494,ok
Windows-x86_64,13th Gen Intel(R) Core(TM) i9-13900H,clang-22.1.8 (https://github.com/msys2/MINGW-packages 6e4e79c2f86eeb534e324e583f2057dc9fd5ecab),SM4-128,aes-hw,block,1048576,9,6134800,1048576,5.850601196,0.170922605,17.523771286,ok
Windows-x86_64,13th Gen Intel(R) Core(TM) i9-13900H,clang-22.1.8 (https://github.com/msys2/MINGW-packages 6e4e79c2f86eeb534e324e583f2057dc9fd5ecab),SM4-128,aes-hw,block,1048576,10,6089600,1048576,5.807495117,0.172191277,17.394702911,ok
Windows-x86_64,13th Gen Intel(R) Core(TM) i9-13900H,clang-22.1.8 (https://github.com/msys2/MINGW-packages 6e4e79c2f86eeb534e324e583f2057dc9fd5ecab),SM4-128,aes-hw,block,1048576,11,5973900,1048576,5.697154999,0.175526206,17.064451218,ok
Windows-x86_64,13th Gen Intel(R) Core(TM) i9-13900H,clang-22.1.8 (https://github.com/msys2/MINGW-packages 6e4e79c2f86eeb534e324e583f2057dc9fd5ecab),SM4-128,aes-hw,block,1048576,12,6056900,1048576,5.776309967,0.173120903,17.301603317,ok
Windows-x86_64,13th Gen Intel(R) Core(TM) i9-13900H,clang-22.1.8 (https://github.com/msys2/MINGW-packages 6e4e79c2f86eeb534e324e583f2057dc9fd5ecab),SM4-128,aes-hw,block,1048576,13,6041200,1048576,5.761337280,0.173570814,17.256877899,ok
Windows-x86_64,13th Gen Intel(R) Core(TM) i9-13900H,clang-22.1.8 (https://github.com/msys2/MINGW-packages 6e4e79c2f86eeb534e324e583f2057dc9fd5ecab),SM4-128,aes-hw,block,1048576,14,5906600,1048576,5.632972717,0.177526157,16.872841835,ok
Windows-x86_64,13th Gen Intel(R) Core(TM) i9-13900H,clang-22.1.8 (https://github.com/msys2/MINGW-packages 6e4e79c2f86eeb534e324e583f2057dc9fd5ecab),SM4-128,aes-hw,block,1048576,15,5555400,1048576,5.298042297,0.188748965,15.869279861,ok
Windows-x86_64,13th Gen Intel(R) Core(TM) i9-13900H,clang-22.1.8 (https://github.com/msys2/MINGW-packages 6e4e79c2f86eeb534e324e583f2057dc9fd5ecab),SM4-128,gfni,block,64,1,883500,262144,3.370285034,0.296710809,10.096382141,ok
Windows-x86_64,13th Gen Intel(R) Core(TM) i9-13900H,clang-22.1.8 (https://github.com/msys2/MINGW-packages 6e4e79c2f86eeb534e324e583f2057dc9fd5ecab),SM4-128,gfni,block,64,2,872700,262144,3.329086304,0.300382720,9.971893311,ok
Windows-x86_64,13th Gen Intel(R) Core(TM) i9-13900H,clang-22.1.8 (https://github.com/msys2/MINGW-packages 6e4e79c2f86eeb534e324e583f2057dc9fd5ecab),SM4-128,gfni,block,64,3,924800,262144,3.527832031,0.283460208,10.566360474,ok
Windows-x86_64,13th Gen Intel(R) Core(TM) i9-13900H,clang-22.1.8 (https://github.com/msys2/MINGW-packages 6e4e79c2f86eeb534e324e583f2057dc9fd5ecab),SM4-128,gfni,block,64,4,1157600,262144,4.415893555,0.226454734,13.226722717,ok
Windows-x86_64,13th Gen Intel(R) Core(TM) i9-13900H,clang-22.1.8 (https://github.com/msys2/MINGW-packages 6e4e79c2f86eeb534e324e583f2057dc9fd5ecab),SM4-128,gfni,block,64,5,1040900,262144,3.970718384,0.251843597,11.893066406,ok
Windows-x86_64,13th Gen Intel(R) Core(TM) i9-13900H,clang-22.1.8 (https://github.com/msys2/MINGW-packages 6e4e79c2f86eeb534e324e583f2057dc9fd5ecab),SM4-128,gfni,block,64,6,925700,262144,3.531265259,0.283184617,10.577079773,ok
Windows-x86_64,13th Gen Intel(R) Core(TM) i9-13900H,clang-22.1.8 (https://github.com/msys2/MINGW-packages 6e4e79c2f86eeb534e324e583f2057dc9fd5ecab),SM4-128,gfni,block,64,7,882100,262144,3.364944458,0.297181725,10.078994751,ok
Windows-x86_64,13th Gen Intel(R) Core(TM) i9-13900H,clang-22.1.8 (https://github.com/msys2/MINGW-packages 6e4e79c2f86eeb534e324e583f2057dc9fd5ecab),SM4-128,gfni,block,64,8,963800,262144,3.676605225,0.271990039,11.012794495,ok
Windows-x86_64,13th Gen Intel(R) Core(TM) i9-13900H,clang-22.1.8 (https://github.com/msys2/MINGW-packages 6e4e79c2f86eeb534e324e583f2057dc9fd5ecab),SM4-128,gfni,block,64,9,964100,262144,3.677749634,0.271905404,11.016212463,ok
Windows-x86_64,13th Gen Intel(R) Core(TM) i9-13900H,clang-22.1.8 (https://github.com/msys2/MINGW-packages 6e4e79c2f86eeb534e324e583f2057dc9fd5ecab),SM4-128,gfni,block,64,10,1031600,262144,3.935241699,0.254113998,11.786643982,ok
Windows-x86_64,13th Gen Intel(R) Core(TM) i9-13900H,clang-22.1.8 (https://github.com/msys2/MINGW-packages 6e4e79c2f86eeb534e324e583f2057dc9fd5ecab),SM4-128,gfni,block,64,11,1410100,262144,5.379104614,0.185904546,16.113243103,ok
Windows-x86_64,13th Gen Intel(R) Core(TM) i9-13900H,clang-22.1.8 (https://github.com/msys2/MINGW-packages 6e4e79c2f86eeb534e324e583f2057dc9fd5ecab),SM4-128,gfni,block,64,12,1420500,262144,5.418777466,0.184543471,16.232124329,ok
Windows-x86_64,13th Gen Intel(R) Core(TM) i9-13900H,clang-22.1.8 (https://github.com/msys2/MINGW-packages 6e4e79c2f86eeb534e324e583f2057dc9fd5ecab),SM4-128,gfni,block,64,13,1383900,262144,5.279159546,0.189424091,15.815155029,ok
Windows-x86_64,13th Gen Intel(R) Core(TM) i9-13900H,clang-22.1.8 (https://github.com/msys2/MINGW-packages 6e4e79c2f86eeb534e324e583f2057dc9fd5ecab),SM4-128,gfni,block,64,14,991200,262144,3.781127930,0.264471348,11.325355530,ok
Windows-x86_64,13th Gen Intel(R) Core(TM) i9-13900H,clang-22.1.8 (https://github.com/msys2/MINGW-packages 6e4e79c2f86eeb534e324e583f2057dc9fd5ecab),SM4-128,gfni,block,64,15,875300,262144,3.339004517,0.299490460,10.002105713,ok
Windows-x86_64,13th Gen Intel(R) Core(TM) i9-13900H,clang-22.1.8 (https://github.com/msys2/MINGW-packages 6e4e79c2f86eeb534e324e583f2057dc9fd5ecab),SM4-128,gfni,block,512,1,1005800,262144,3.836822510,0.260632332,11.499404907,ok
Windows-x86_64,13th Gen Intel(R) Core(TM) i9-13900H,clang-22.1.8 (https://github.com/msys2/MINGW-packages 6e4e79c2f86eeb534e324e583f2057dc9fd5ecab),SM4-128,gfni,block,512,2,877100,262144,3.345870972,0.298875841,10.022888184,ok
Windows-x86_64,13th Gen Intel(R) Core(TM) i9-13900H,clang-22.1.8 (https://github.com/msys2/MINGW-packages 6e4e79c2f86eeb534e324e583f2057dc9fd5ecab),SM4-128,gfni,block,512,3,872900,262144,3.329849243,0.300313896,9.974502563,ok
Windows-x86_64,13th Gen Intel(R) Core(TM) i9-13900H,clang-22.1.8 (https://github.com/msys2/MINGW-packages 6e4e79c2f86eeb534e324e583f2057dc9fd5ecab),SM4-128,gfni,block,512,4,873500,262144,3.332138062,0.300107613,9.980461121,ok
Windows-x86_64,13th Gen Intel(R) Core(TM) i9-13900H,clang-22.1.8 (https://github.com/msys2/MINGW-packages 6e4e79c2f86eeb534e324e583f2057dc9fd5ecab),SM4-128,gfni,block,512,5,870600,262144,3.321075439,0.301107282,9.948173523,ok
Windows-x86_64,13th Gen Intel(R) Core(TM) i9-13900H,clang-22.1.8 (https://github.com/msys2/MINGW-packages 6e4e79c2f86eeb534e324e583f2057dc9fd5ecab),SM4-128,gfni,block,512,6,870400,262144,3.320312500,0.301176471,9.945526123,ok
Windows-x86_64,13th Gen Intel(R) Core(TM) i9-13900H,clang-22.1.8 (https://github.com/msys2/MINGW-packages 6e4e79c2f86eeb534e324e583f2057dc9fd5ecab),SM4-128,gfni,block,512,7,870600,262144,3.321075439,0.301107282,9.947090149,ok
Windows-x86_64,13th Gen Intel(R) Core(TM) i9-13900H,clang-22.1.8 (https://github.com/msys2/MINGW-packages 6e4e79c2f86eeb534e324e583f2057dc9fd5ecab),SM4-128,gfni,block,512,8,877800,262144,3.348541260,0.298637503,10.029441833,ok
Windows-x86_64,13th Gen Intel(R) Core(TM) i9-13900H,clang-22.1.8 (https://github.com/msys2/MINGW-packages 6e4e79c2f86eeb534e324e583f2057dc9fd5ecab),SM4-128,gfni,block,512,9,877900,262144,3.348922729,0.298603486,10.032272339,ok
Windows-x86_64,13th Gen Intel(R) Core(TM) i9-13900H,clang-22.1.8 (https://github.com/msys2/MINGW-packages 6e4e79c2f86eeb534e324e583f2057dc9fd5ecab),SM4-128,gfni,block,512,10,876100,262144,3.342056274,0.299216984,10.010444641,ok
Windows-x86_64,13th Gen Intel(R) Core(TM) i9-13900H,clang-22.1.8 (https://github.com/msys2/MINGW-packages 6e4e79c2f86eeb534e324e583f2057dc9fd5ecab),SM4-128,gfni,block,512,11,874000,262144,3.334045410,0.299935927,9.986656189,ok
Windows-x86_64,13th Gen Intel(R) Core(TM) i9-13900H,clang-22.1.8 (https://github.com/msys2/MINGW-packages 6e4e79c2f86eeb534e324e583f2057dc9fd5ecab),SM4-128,gfni,block,512,12,870500,262144,3.320693970,0.301141872,9.946472168,ok
Windows-x86_64,13th Gen Intel(R) Core(TM) i9-13900H,clang-22.1.8 (https://github.com/msys2/MINGW-packages 6e4e79c2f86eeb534e324e583f2057dc9fd5ecab),SM4-128,gfni,block,512,13,873100,262144,3.330612183,0.300245104,9.976676941,ok
Windows-x86_64,13th Gen Intel(R) Core(TM) i9-13900H,clang-22.1.8 (https://github.com/msys2/MINGW-packages 6e4e79c2f86eeb534e324e583f2057dc9fd5ecab),SM4-128,gfni,block,512,14,867100,262144,3.307723999,0.302322685,9.907592773,ok
Windows-x86_64,13th Gen Intel(R) Core(TM) i9-13900H,clang-22.1.8 (https://github.com/msys2/MINGW-packages 6e4e79c2f86eeb534e324e583f2057dc9fd5ecab),SM4-128,gfni,block,512,15,868100,262144,3.311538696,0.301974427,9.919891357,ok
Windows-x86_64,13th Gen Intel(R) Core(TM) i9-13900H,clang-22.1.8 (https://github.com/msys2/MINGW-packages 6e4e79c2f86eeb534e324e583f2057dc9fd5ecab),SM4-128,gfni,block,4096,1,891400,262144,3.400421143,0.294081221,10.195098877,ok
Windows-x86_64,13th Gen Intel(R) Core(TM) i9-13900H,clang-22.1.8 (https://github.com/msys2/MINGW-packages 6e4e79c2f86eeb534e324e583f2057dc9fd5ecab),SM4-128,gfni,block,4096,2,887700,262144,3.386306763,0.295306973,10.143272400,ok
Windows-x86_64,13th Gen Intel(R) Core(TM) i9-13900H,clang-22.1.8 (https://github.com/msys2/MINGW-packages 6e4e79c2f86eeb534e324e583f2057dc9fd5ecab),SM4-128,gfni,block,4096,3,888800,262144,3.390502930,0.294941494,10.156005859,ok
Windows-x86_64,13th Gen Intel(R) Core(TM) i9-13900H,clang-22.1.8 (https://github.com/msys2/MINGW-packages 6e4e79c2f86eeb534e324e583f2057dc9fd5ecab),SM4-128,gfni,block,4096,4,886300,262144,3.380966187,0.295773440,10.127464294,ok
Windows-x86_64,13th Gen Intel(R) Core(TM) i9-13900H,clang-22.1.8 (https://github.com/msys2/MINGW-packages 6e4e79c2f86eeb534e324e583f2057dc9fd5ecab),SM4-128,gfni,block,4096,5,890500,262144,3.396987915,0.294378439,10.175598145,ok
Windows-x86_64,13th Gen Intel(R) Core(TM) i9-13900H,clang-22.1.8 (https://github.com/msys2/MINGW-packages 6e4e79c2f86eeb534e324e583f2057dc9fd5ecab),SM4-128,gfni,block,4096,6,865700,262144,3.302383423,0.302811598,9.892822266,ok
Windows-x86_64,13th Gen Intel(R) Core(TM) i9-13900H,clang-22.1.8 (https://github.com/msys2/MINGW-packages 6e4e79c2f86eeb534e324e583f2057dc9fd5ecab),SM4-128,gfni,block,4096,7,868000,262144,3.311157227,0.302009217,9.918922424,ok
Windows-x86_64,13th Gen Intel(R) Core(TM) i9-13900H,clang-22.1.8 (https://github.com/msys2/MINGW-packages 6e4e79c2f86eeb534e324e583f2057dc9fd5ecab),SM4-128,gfni,block,4096,8,868000,262144,3.311157227,0.302009217,9.918510437,ok
Windows-x86_64,13th Gen Intel(R) Core(TM) i9-13900H,clang-22.1.8 (https://github.com/msys2/MINGW-packages 6e4e79c2f86eeb534e324e583f2057dc9fd5ecab),SM4-128,gfni,block,4096,9,867900,262144,3.310775757,0.302044014,9.917068481,ok
Windows-x86_64,13th Gen Intel(R) Core(TM) i9-13900H,clang-22.1.8 (https://github.com/msys2/MINGW-packages 6e4e79c2f86eeb534e324e583f2057dc9fd5ecab),SM4-128,gfni,block,4096,10,866000,262144,3.303527832,0.302706697,9.895118713,ok
Windows-x86_64,13th Gen Intel(R) Core(TM) i9-13900H,clang-22.1.8 (https://github.com/msys2/MINGW-packages 6e4e79c2f86eeb534e324e583f2057dc9fd5ecab),SM4-128,gfni,block,4096,11,865900,262144,3.303146362,0.302741656,9.894325256,ok
Windows-x86_64,13th Gen Intel(R) Core(TM) i9-13900H,clang-22.1.8 (https://github.com/msys2/MINGW-packages 6e4e79c2f86eeb534e324e583f2057dc9fd5ecab),SM4-128,gfni,block,4096,12,870200,262144,3.319549561,0.301245691,9.943809509,ok
Windows-x86_64,13th Gen Intel(R) Core(TM) i9-13900H,clang-22.1.8 (https://github.com/msys2/MINGW-packages 6e4e79c2f86eeb534e324e583f2057dc9fd5ecab),SM4-128,gfni,block,4096,13,866800,262144,3.306579590,0.302427319,9.904853821,ok
Windows-x86_64,13th Gen Intel(R) Core(TM) i9-13900H,clang-22.1.8 (https://github.com/msys2/MINGW-packages 6e4e79c2f86eeb534e324e583f2057dc9fd5ecab),SM4-128,gfni,block,4096,14,879600,262144,3.355407715,0.298026376,10.051162720,ok
Windows-x86_64,13th Gen Intel(R) Core(TM) i9-13900H,clang-22.1.8 (https://github.com/msys2/MINGW-packages 6e4e79c2f86eeb534e324e583f2057dc9fd5ecab),SM4-128,gfni,block,4096,15,866500,262144,3.305435181,0.302532025,9.901512146,ok
Windows-x86_64,13th Gen Intel(R) Core(TM) i9-13900H,clang-22.1.8 (https://github.com/msys2/MINGW-packages 6e4e79c2f86eeb534e324e583f2057dc9fd5ecab),SM4-128,gfni,block,8192,1,865100,262144,3.300094604,0.303021616,9.885993958,ok
Windows-x86_64,13th Gen Intel(R) Core(TM) i9-13900H,clang-22.1.8 (https://github.com/msys2/MINGW-packages 6e4e79c2f86eeb534e324e583f2057dc9fd5ecab),SM4-128,gfni,block,8192,2,875600,262144,3.340148926,0.299387848,10.004699707,ok
Windows-x86_64,13th Gen Intel(R) Core(TM) i9-13900H,clang-22.1.8 (https://github.com/msys2/MINGW-packages 6e4e79c2f86eeb534e324e583f2057dc9fd5ecab),SM4-128,gfni,block,8192,3,864200,262144,3.296661377,0.303337190,9.874160767,ok
Windows-x86_64,13th Gen Intel(R) Core(TM) i9-13900H,clang-22.1.8 (https://github.com/msys2/MINGW-packages 6e4e79c2f86eeb534e324e583f2057dc9fd5ecab),SM4-128,gfni,block,8192,4,872000,262144,3.326416016,0.300623853,9.964218140,ok
Windows-x86_64,13th Gen Intel(R) Core(TM) i9-13900H,clang-22.1.8 (https://github.com/msys2/MINGW-packages 6e4e79c2f86eeb534e324e583f2057dc9fd5ecab),SM4-128,gfni,block,8192,5,865400,262144,3.301239014,0.302916570,9.888290405,ok
Windows-x86_64,13th Gen Intel(R) Core(TM) i9-13900H,clang-22.1.8 (https://github.com/msys2/MINGW-packages 6e4e79c2f86eeb534e324e583f2057dc9fd5ecab),SM4-128,gfni,block,8192,6,868200,262144,3.311920166,0.301939645,9.920402527,ok
Windows-x86_64,13th Gen Intel(R) Core(TM) i9-13900H,clang-22.1.8 (https://github.com/msys2/MINGW-packages 6e4e79c2f86eeb534e324e583f2057dc9fd5ecab),SM4-128,gfni,block,8192,7,865300,262144,3.300857544,0.302951577,9.887145996,ok
Windows-x86_64,13th Gen Intel(R) Core(TM) i9-13900H,clang-22.1.8 (https://github.com/msys2/MINGW-packages 6e4e79c2f86eeb534e324e583f2057dc9fd5ecab),SM4-128,gfni,block,8192,8,866400,262144,3.305053711,0.302566944,9.900199890,ok
Windows-x86_64,13th Gen Intel(R) Core(TM) i9-13900H,clang-22.1.8 (https://github.com/msys2/MINGW-packages 6e4e79c2f86eeb534e324e583f2057dc9fd5ecab),SM4-128,gfni,block,8192,9,867900,262144,3.310775757,0.302044014,9.917633057,ok
Windows-x86_64,13th Gen Intel(R) Core(TM) i9-13900H,clang-22.1.8 (https://github.com/msys2/MINGW-packages 6e4e79c2f86eeb534e324e583f2057dc9fd5ecab),SM4-128,gfni,block,8192,10,865700,262144,3.302383423,0.302811598,9.891639709,ok
Windows-x86_64,13th Gen Intel(R) Core(TM) i9-13900H,clang-22.1.8 (https://github.com/msys2/MINGW-packages 6e4e79c2f86eeb534e324e583f2057dc9fd5ecab),SM4-128,gfni,block,8192,11,868400,262144,3.312683105,0.301870106,9.922645569,ok
Windows-x86_64,13th Gen Intel(R) Core(TM) i9-13900H,clang-22.1.8 (https://github.com/msys2/MINGW-packages 6e4e79c2f86eeb534e324e583f2057dc9fd5ecab),SM4-128,gfni,block,8192,12,865700,262144,3.302383423,0.302811598,9.891510010,ok
Windows-x86_64,13th Gen Intel(R) Core(TM) i9-13900H,clang-22.1.8 (https://github.com/msys2/MINGW-packages 6e4e79c2f86eeb534e324e583f2057dc9fd5ecab),SM4-128,gfni,block,8192,13,868000,262144,3.311157227,0.302009217,9.918136597,ok
Windows-x86_64,13th Gen Intel(R) Core(TM) i9-13900H,clang-22.1.8 (https://github.com/msys2/MINGW-packages 6e4e79c2f86eeb534e324e583f2057dc9fd5ecab),SM4-128,gfni,block,8192,14,865600,262144,3.302001953,0.302846580,9.891479492,ok
Windows-x86_64,13th Gen Intel(R) Core(TM) i9-13900H,clang-22.1.8 (https://github.com/msys2/MINGW-packages 6e4e79c2f86eeb534e324e583f2057dc9fd5ecab),SM4-128,gfni,block,8192,15,865400,262144,3.301239014,0.302916570,9.889450073,ok
Windows-x86_64,13th Gen Intel(R) Core(TM) i9-13900H,clang-22.1.8 (https://github.com/msys2/MINGW-packages 6e4e79c2f86eeb534e324e583f2057dc9fd5ecab),SM4-128,gfni,block,65536,1,865100,262144,3.300094604,0.303021616,9.885498047,ok
Windows-x86_64,13th Gen Intel(R) Core(TM) i9-13900H,clang-22.1.8 (https://github.com/msys2/MINGW-packages 6e4e79c2f86eeb534e324e583f2057dc9fd5ecab),SM4-128,gfni,block,65536,2,872700,262144,3.329086304,0.300382720,9.971115112,ok
Windows-x86_64,13th Gen Intel(R) Core(TM) i9-13900H,clang-22.1.8 (https://github.com/msys2/MINGW-packages 6e4e79c2f86eeb534e324e583f2057dc9fd5ecab),SM4-128,gfni,block,65536,3,864800,262144,3.298950195,0.303126735,9.882156372,ok
Windows-x86_64,13th Gen Intel(R) Core(TM) i9-13900H,clang-22.1.8 (https://github.com/msys2/MINGW-packages 6e4e79c2f86eeb534e324e583f2057dc9fd5ecab),SM4-128,gfni,block,65536,4,868000,262144,3.311157227,0.302009217,9.918159485,ok
Windows-x86_64,13th Gen Intel(R) Core(TM) i9-13900H,clang-22.1.8 (https://github.com/msys2/MINGW-packages 6e4e79c2f86eeb534e324e583f2057dc9fd5ecab),SM4-128,gfni,block,65536,5,864500,262144,3.297805786,0.303231926,9.878280640,ok
Windows-x86_64,13th Gen Intel(R) Core(TM) i9-13900H,clang-22.1.8 (https://github.com/msys2/MINGW-packages 6e4e79c2f86eeb534e324e583f2057dc9fd5ecab),SM4-128,gfni,block,65536,6,868200,262144,3.311920166,0.301939645,9.921287537,ok
Windows-x86_64,13th Gen Intel(R) Core(TM) i9-13900H,clang-22.1.8 (https://github.com/msys2/MINGW-packages 6e4e79c2f86eeb534e324e583f2057dc9fd5ecab),SM4-128,gfni,block,65536,7,864700,262144,3.298568726,0.303161790,9.880203247,ok
Windows-x86_64,13th Gen Intel(R) Core(TM) i9-13900H,clang-22.1.8 (https://github.com/msys2/MINGW-packages 6e4e79c2f86eeb534e324e583f2057dc9fd5ecab),SM4-128,gfni,block,65536,8,867800,262144,3.310394287,0.302078820,9.916374207,ok
Windows-x86_64,13th Gen Intel(R) Core(TM) i9-13900H,clang-22.1.8 (https://github.com/msys2/MINGW-packages 6e4e79c2f86eeb534e324e583f2057dc9fd5ecab),SM4-128,gfni,block,65536,9,864400,262144,3.297424316,0.303267006,9.877311707,ok
Windows-x86_64,13th Gen Intel(R) Core(TM) i9-13900H,clang-22.1.8 (https://github.com/msys2/MINGW-packages 6e4e79c2f86eeb534e324e583f2057dc9fd5ecab),SM4-128,gfni,block,65536,10,863900,262144,3.295516968,0.303442528,9.872016907,ok
Windows-x86_64,13th Gen Intel(R) Core(TM) i9-13900H,clang-22.1.8 (https://github.com/msys2/MINGW-packages 6e4e79c2f86eeb534e324e583f2057dc9fd5ecab),SM4-128,gfni,block,65536,11,868500,262144,3.313064575,0.301835348,9.922958374,ok
Windows-x86_64,13th Gen Intel(R) Core(TM) i9-13900H,clang-22.1.8 (https://github.com/msys2/MINGW-packages 6e4e79c2f86eeb534e324e583f2057dc9fd5ecab),SM4-128,gfni,block,65536,12,873400,262144,3.331756592,0.300141974,9.979499817,ok
Windows-x86_64,13th Gen Intel(R) Core(TM) i9-13900H,clang-22.1.8 (https://github.com/msys2/MINGW-packages 6e4e79c2f86eeb534e324e583f2057dc9fd5ecab),SM4-128,gfni,block,65536,13,866900,262144,3.306961060,0.302392433,9.905624390,ok
Windows-x86_64,13th Gen Intel(R) Core(TM) i9-13900H,clang-22.1.8 (https://github.com/msys2/MINGW-packages 6e4e79c2f86eeb534e324e583f2057dc9fd5ecab),SM4-128,gfni,block,65536,14,864500,262144,3.297805786,0.303231926,9.877662659,ok
Windows-x86_64,13th Gen Intel(R) Core(TM) i9-13900H,clang-22.1.8 (https://github.com/msys2/MINGW-packages 6e4e79c2f86eeb534e324e583f2057dc9fd5ecab),SM4-128,gfni,block,65536,15,867700,262144,3.310012817,0.302113634,9.915237427,ok
Windows-x86_64,13th Gen Intel(R) Core(TM) i9-13900H,clang-22.1.8 (https://github.com/msys2/MINGW-packages 6e4e79c2f86eeb534e324e583f2057dc9fd5ecab),SM4-128,gfni,block,1048576,1,3509600,1048576,3.347015381,0.298773649,10.084789276,ok
Windows-x86_64,13th Gen Intel(R) Core(TM) i9-13900H,clang-22.1.8 (https://github.com/msys2/MINGW-packages 6e4e79c2f86eeb534e324e583f2057dc9fd5ecab),SM4-128,gfni,block,1048576,2,3517500,1048576,3.354549408,0.298102630,10.047639847,ok
Windows-x86_64,13th Gen Intel(R) Core(TM) i9-13900H,clang-22.1.8 (https://github.com/msys2/MINGW-packages 6e4e79c2f86eeb534e324e583f2057dc9fd5ecab),SM4-128,gfni,block,1048576,3,3505100,1048576,3.342723846,0.299157228,10.012252808,ok
Windows-x86_64,13th Gen Intel(R) Core(TM) i9-13900H,clang-22.1.8 (https://github.com/msys2/MINGW-packages 6e4e79c2f86eeb534e324e583f2057dc9fd5ecab),SM4-128,gfni,block,1048576,4,3495400,1048576,3.333473206,0.299987412,9.984746933,ok
Windows-x86_64,13th Gen Intel(R) Core(TM) i9-13900H,clang-22.1.8 (https://github.com/msys2/MINGW-packages 6e4e79c2f86eeb534e324e583f2057dc9fd5ecab),SM4-128,gfni,block,1048576,5,3507700,1048576,3.345203400,0.298935485,10.019664764,ok
Windows-x86_64,13th Gen Intel(R) Core(TM) i9-13900H,clang-22.1.8 (https://github.com/msys2/MINGW-packages 6e4e79c2f86eeb534e324e583f2057dc9fd5ecab),SM4-128,gfni,block,1048576,6,3507000,1048576,3.344535828,0.298995153,10.017866135,ok
Windows-x86_64,13th Gen Intel(R) Core(TM) i9-13900H,clang-22.1.8 (https://github.com/msys2/MINGW-packages 6e4e79c2f86eeb534e324e583f2057dc9fd5ecab),SM4-128,gfni,block,1048576,7,3506400,1048576,3.343963623,0.299046315,10.015985489,ok
Windows-x86_64,13th Gen Intel(R) Core(TM) i9-13900H,clang-22.1.8 (https://github.com/msys2/MINGW-packages 6e4e79c2f86eeb534e324e583f2057dc9fd5ecab),SM4-128,gfni,block,1048576,8,3510000,1048576,3.347396851,0.298739601,10.026487350,ok
Windows-x86_64,13th Gen Intel(R) Core(TM) i9-13900H,clang-22.1.8 (https://github.com/msys2/MINGW-packages 6e4e79c2f86eeb534e324e583f2057dc9fd5ecab),SM4-128,gfni,block,1048576,9,3504500,1048576,3.342151642,0.299208446,10.010663986,ok
Windows-x86_64,13th Gen Intel(R) Core(TM) i9-13900H,clang-22.1.8 (https://github.com/msys2/MINGW-packages 6e4e79c2f86eeb534e324e583f2057dc9fd5ecab),SM4-128,gfni,block,1048576,10,3502800,1048576,3.340530396,0.299353660,10.005868912,ok
Windows-x86_64,13th Gen Intel(R) Core(TM) i9-13900H,clang-22.1.8 (https://github.com/msys2/MINGW-packages 6e4e79c2f86eeb534e324e583f2057dc9fd5ecab),SM4-128,gfni,block,1048576,11,3688000,1048576,3.517150879,0.284321041,10.534927368,ok
Windows-x86_64,13th Gen Intel(R) Core(TM) i9-13900H,clang-22.1.8 (https://github.com/msys2/MINGW-packages 6e4e79c2f86eeb534e324e583f2057dc9fd5ecab),SM4-128,gfni,block,1048576,12,3512600,1048576,3.349876404,0.298518476,10.033601761,ok
Windows-x86_64,13th Gen Intel(R) Core(TM) i9-13900H,clang-22.1.8 (https://github.com/msys2/MINGW-packages 6e4e79c2f86eeb534e324e583f2057dc9fd5ecab),SM4-128,gfni,block,1048576,13,3505900,1048576,3.343486786,0.299088964,10.014635086,ok
Windows-x86_64,13th Gen Intel(R) Core(TM) i9-13900H,clang-22.1.8 (https://github.com/msys2/MINGW-packages 6e4e79c2f86eeb534e324e583f2057dc9fd5ecab),SM4-128,gfni,block,1048576,14,3514400,1048576,3.351593018,0.298365582,10.038873672,ok
Windows-x86_64,13th Gen Intel(R) Core(TM) i9-13900H,clang-22.1.8 (https://github.com/msys2/MINGW-packages 6e4e79c2f86eeb534e324e583f2057dc9fd5ecab),SM4-128,gfni,block,1048576,15,3508000,1048576,3.345489502,0.298909920,10.020482063,ok
Windows-x86_64,13th Gen Intel(R) Core(TM) i9-13900H,clang-22.1.8 (https://github.com/msys2/MINGW-packages 6e4e79c2f86eeb534e324e583f2057dc9fd5ecab),SM4-128,ttable-2k,block-dec,64,1,2708500,262144,10.332107544,0.096785675,30.950035095,ok
Windows-x86_64,13th Gen Intel(R) Core(TM) i9-13900H,clang-22.1.8 (https://github.com/msys2/MINGW-packages 6e4e79c2f86eeb534e324e583f2057dc9fd5ecab),SM4-128,ttable-2k,block-dec,64,2,2711700,262144,10.344314575,0.096671461,30.983238220,ok
Windows-x86_64,13th Gen Intel(R) Core(TM) i9-13900H,clang-22.1.8 (https://github.com/msys2/MINGW-packages 6e4e79c2f86eeb534e324e583f2057dc9fd5ecab),SM4-128,ttable-2k,block-dec,64,3,2711300,262144,10.342788696,0.096685723,30.978897095,ok
Windows-x86_64,13th Gen Intel(R) Core(TM) i9-13900H,clang-22.1.8 (https://github.com/msys2/MINGW-packages 6e4e79c2f86eeb534e324e583f2057dc9fd5ecab),SM4-128,ttable-2k,block-dec,64,4,2709300,262144,10.335159302,0.096757096,30.955696106,ok
Windows-x86_64,13th Gen Intel(R) Core(TM) i9-13900H,clang-22.1.8 (https://github.com/msys2/MINGW-packages 6e4e79c2f86eeb534e324e583f2057dc9fd5ecab),SM4-128,ttable-2k,block-dec,64,5,2720800,262144,10.379028320,0.096348133,31.088714600,ok
Windows-x86_64,13th Gen Intel(R) Core(TM) i9-13900H,clang-22.1.8 (https://github.com/msys2/MINGW-packages 6e4e79c2f86eeb534e324e583f2057dc9fd5ecab),SM4-128,ttable-2k,block-dec,64,6,3010200,262144,11.483001709,0.087085244,34.394805908,ok
Windows-x86_64,13th Gen Intel(R) Core(TM) i9-13900H,clang-22.1.8 (https://github.com/msys2/MINGW-packages 6e4e79c2f86eeb534e324e583f2057dc9fd5ecab),SM4-128,ttable-2k,block-dec,64,7,2948300,262144,11.246871948,0.088913611,33.687446594,ok
Windows-x86_64,13th Gen Intel(R) Core(TM) i9-13900H,clang-22.1.8 (https://github.com/msys2/MINGW-packages 6e4e79c2f86eeb534e324e583f2057dc9fd5ecab),SM4-128,ttable-2k,block-dec,64,8,2914600,262144,11.118316650,0.089941673,33.302658081,ok
Windows-x86_64,13th Gen Intel(R) Core(TM) i9-13900H,clang-22.1.8 (https://github.com/msys2/MINGW-packages 6e4e79c2f86eeb534e324e583f2057dc9fd5ecab),SM4-128,ttable-2k,block-dec,64,9,2903600,262144,11.076354980,0.090282408,33.175979614,ok
Windows-x86_64,13th Gen Intel(R) Core(TM) i9-13900H,clang-22.1.8 (https://github.com/msys2/MINGW-packages 6e4e79c2f86eeb534e324e583f2057dc9fd5ecab),SM4-128,ttable-2k,block-dec,64,10,2909200,262144,11.097717285,0.090108621,33.240333557,ok
Windows-x86_64,13th Gen Intel(R) Core(TM) i9-13900H,clang-22.1.8 (https://github.com/msys2/MINGW-packages 6e4e79c2f86eeb534e324e583f2057dc9fd5ecab),SM4-128,ttable-2k,block-dec,64,11,2896200,262144,11.048126221,0.090513086,33.092147827,ok
Windows-x86_64,13th Gen Intel(R) Core(TM) i9-13900H,clang-22.1.8 (https://github.com/msys2/MINGW-packages 6e4e79c2f86eeb534e324e583f2057dc9fd5ecab),SM4-128,ttable-2k,block-dec,64,12,2900200,262144,11.063385010,0.090388249,33.137855530,ok
Windows-x86_64,13th Gen Intel(R) Core(TM) i9-13900H,clang-22.1.8 (https://github.com/msys2/MINGW-packages 6e4e79c2f86eeb534e324e583f2057dc9fd5ecab),SM4-128,ttable-2k,block-dec,64,13,2899100,262144,11.059188843,0.090422545,33.125236511,ok
Windows-x86_64,13th Gen Intel(R) Core(TM) i9-13900H,clang-22.1.8 (https://github.com/msys2/MINGW-packages 6e4e79c2f86eeb534e324e583f2057dc9fd5ecab),SM4-128,ttable-2k,block-dec,64,14,2869200,262144,10.945129395,0.091364840,32.783264160,ok
Windows-x86_64,13th Gen Intel(R) Core(TM) i9-13900H,clang-22.1.8 (https://github.com/msys2/MINGW-packages 6e4e79c2f86eeb534e324e583f2057dc9fd5ecab),SM4-128,ttable-2k,block-dec,64,15,2902000,262144,11.070251465,0.090332185,33.157867432,ok
Windows-x86_64,13th Gen Intel(R) Core(TM) i9-13900H,clang-22.1.8 (https://github.com/msys2/MINGW-packages 6e4e79c2f86eeb534e324e583f2057dc9fd5ecab),SM4-128,ttable-2k,block-dec,512,1,3056400,262144,11.659240723,0.085768878,34.923942566,ok
Windows-x86_64,13th Gen Intel(R) Core(TM) i9-13900H,clang-22.1.8 (https://github.com/msys2/MINGW-packages 6e4e79c2f86eeb534e324e583f2057dc9fd5ecab),SM4-128,ttable-2k,block-dec,512,2,2819000,262144,10.753631592,0.092991841,32.210071564,ok
Windows-x86_64,13th Gen Intel(R) Core(TM) i9-13900H,clang-22.1.8 (https://github.com/msys2/MINGW-packages 6e4e79c2f86eeb534e324e583f2057dc9fd5ecab),SM4-128,ttable-2k,block-dec,512,3,2729600,262144,10.412597656,0.096037515,31.188407898,ok
Windows-x86_64,13th Gen Intel(R) Core(TM) i9-13900H,clang-22.1.8 (https://github.com/msys2/MINGW-packages 6e4e79c2f86eeb534e324e583f2057dc9fd5ecab),SM4-128,ttable-2k,block-dec,512,4,2692900,262144,10.272598267,0.097346355,30.768821716,ok
Windows-x86_64,13th Gen Intel(R) Core(TM) i9-13900H,clang-22.1.8 (https://github.com/msys2/MINGW-packages 6e4e79c2f86eeb534e324e583f2057dc9fd5ecab),SM4-128,ttable-2k,block-dec,512,5,2681600,262144,10.229492188,0.097756563,30.640121460,ok
Windows-x86_64,13th Gen Intel(R) Core(TM) i9-13900H,clang-22.1.8 (https://github.com/msys2/MINGW-packages 6e4e79c2f86eeb534e324e583f2057dc9fd5ecab),SM4-128,ttable-2k,block-dec,512,6,2673600,262144,10.198974609,0.098049072,30.548782349,ok
Windows-x86_64,13th Gen Intel(R) Core(TM) i9-13900H,clang-22.1.8 (https://github.com/msys2/MINGW-packages 6e4e79c2f86eeb534e324e583f2057dc9fd5ecab),SM4-128,ttable-2k,block-dec,512,7,2703400,262144,10.312652588,0.096968262,30.889968872,ok
Windows-x86_64,13th Gen Intel(R) Core(TM) i9-13900H,clang-22.1.8 (https://github.com/msys2/MINGW-packages 6e4e79c2f86eeb534e324e583f2057dc9fd5ecab),SM4-128,ttable-2k,block-dec,512,8,2673100,262144,10.197067261,0.098067412,30.542167664,ok
Windows-x86_64,13th Gen Intel(R) Core(TM) i9-13900H,clang-22.1.8 (https://github.com/msys2/MINGW-packages 6e4e79c2f86eeb534e324e583f2057dc9fd5ecab),SM4-128,ttable-2k,block-dec,512,9,2690800,262144,10.264587402,0.097422328,30.745086670,ok
Windows-x86_64,13th Gen Intel(R) Core(TM) i9-13900H,clang-22.1.8 (https://github.com/msys2/MINGW-packages 6e4e79c2f86eeb534e324e583f2057dc9fd5ecab),SM4-128,ttable-2k,block-dec,512,10,2678100,262144,10.216140747,0.097884321,30.600021362,ok
Windows-x86_64,13th Gen Intel(R) Core(TM) i9-13900H,clang-22.1.8 (https://github.com/msys2/MINGW-packages 6e4e79c2f86eeb534e324e583f2057dc9fd5ecab),SM4-128,ttable-2k,block-dec,512,11,2674800,262144,10.203552246,0.098005084,30.562126160,ok
Windows-x86_64,13th Gen Intel(R) Core(TM) i9-13900H,clang-22.1.8 (https://github.com/msys2/MINGW-packages 6e4e79c2f86eeb534e324e583f2057dc9fd5ecab),SM4-128,ttable-2k,block-dec,512,12,2798400,262144,10.675048828,0.093676387,31.974811554,ok
Windows-x86_64,13th Gen Intel(R) Core(TM) i9-13900H,clang-22.1.8 (https://github.com/msys2/MINGW-packages 6e4e79c2f86eeb534e324e583f2057dc9fd5ecab),SM4-128,ttable-2k,block-dec,512,13,3017400,262144,11.510467529,0.086877444,34.476959229,ok
Windows-x86_64,13th Gen Intel(R) Core(TM) i9-13900H,clang-22.1.8 (https://github.com/msys2/MINGW-packages 6e4e79c2f86eeb534e324e583f2057dc9fd5ecab),SM4-128,ttable-2k,block-dec,512,14,2715100,262144,10.357284546,0.096550403,31.022777557,ok
Windows-x86_64,13th Gen Intel(R) Core(TM) i9-13900H,clang-22.1.8 (https://github.com/msys2/MINGW-packages 6e4e79c2f86eeb534e324e583f2057dc9fd5ecab),SM4-128,ttable-2k,block-dec,512,15,2672300,262144,10.194015503,0.098096771,30.533523560,ok
Windows-x86_64,13th Gen Intel(R) Core(TM) i9-13900H,clang-22.1.8 (https://github.com/msys2/MINGW-packages 6e4e79c2f86eeb534e324e583f2057dc9fd5ecab),SM4-128,ttable-2k,block-dec,4096,1,2702600,262144,10.309600830,0.096996966,30.886474609,ok
Windows-x86_64,13th Gen Intel(R) Core(TM) i9-13900H,clang-22.1.8 (https://github.com/msys2/MINGW-packages 6e4e79c2f86eeb534e324e583f2057dc9fd5ecab),SM4-128,ttable-2k,block-dec,4096,2,2708400,262144,10.331726074,0.096789248,30.945632935,ok
Windows-x86_64,13th Gen Intel(R) Core(TM) i9-13900H,clang-22.1.8 (https://github.com/msys2/MINGW-packages 6e4e79c2f86eeb534e324e583f2057dc9fd5ecab),SM4-128,ttable-2k,block-dec,4096,3,2694600,262144,10.279083252,0.097284940,30.789604187,ok
Windows-x86_64,13th Gen Intel(R) Core(TM) i9-13900H,clang-22.1.8 (https://github.com/msys2/MINGW-packages 6e4e79c2f86eeb534e324e583f2057dc9fd5ecab),SM4-128,ttable-2k,block-dec,4096,4,2685900,262144,10.245895386,0.097600060,30.689369202,ok
Windows-x86_64,13th Gen Intel(R) Core(TM) i9-13900H,clang-22.1.8 (https://github.com/msys2/MINGW-packages 6e4e79c2f86eeb534e324e583f2057dc9fd5ecab),SM4-128,ttable-2k,block-dec,4096,5,2687500,262144,10.251998901,0.097541953,30.708030701,ok
Windows-x86_64,13th Gen Intel(R) Core(TM) i9-13900H,clang-22.1.8 (https://github.com/msys2/MINGW-packages 6e4e79c2f86eeb534e324e583f2057dc9fd5ecab),SM4-128,ttable-2k,block-dec,4096,6,2686200,262144,10.247039795,0.097589159,30.692543030,ok
Windows-x86_64,13th Gen Intel(R) Core(TM) i9-13900H,clang-22.1.8 (https://github.com/msys2/MINGW-packages 6e4e79c2f86eeb534e324e583f2057dc9fd5ecab),SM4-128,ttable-2k,block-dec,4096,7,2673700,262144,10.199356079,0.098045405,30.550224304,ok
Windows-x86_64,13th Gen Intel(R) Core(TM) i9-13900H,clang-22.1.8 (https://github.com/msys2/MINGW-packages 6e4e79c2f86eeb534e324e583f2057dc9fd5ecab),SM4-128,ttable-2k,block-dec,4096,8,2682900,262144,10.234451294,0.097709195,30.655105591,ok
Windows-x86_64,13th Gen Intel(R) Core(TM) i9-13900H,clang-22.1.8 (https://github.com/msys2/MINGW-packages 6e4e79c2f86eeb534e324e583f2057dc9fd5ecab),SM4-128,ttable-2k,block-dec,4096,9,2678500,262144,10.217666626,0.097869703,30.604644775,ok
Windows-x86_64,13th Gen Intel(R) Core(TM) i9-13900H,clang-22.1.8 (https://github.com/msys2/MINGW-packages 6e4e79c2f86eeb534e324e583f2057dc9fd5ecab),SM4-128,ttable-2k,block-dec,4096,10,2855500,262144,10.892868042,0.091803187,32.627395630,ok
Windows-x86_64,13th Gen Intel(R) Core(TM) i9-13900H,clang-22.1.8 (https://github.com/msys2/MINGW-packages 6e4e79c2f86eeb534e324e583f2057dc9fd5ecab),SM4-128,ttable-2k,block-dec,4096,11,2884300,262144,11.002731323,0.090886524,32.956481934,ok
Windows-x86_64,13th Gen Intel(R) Core(TM) i9-13900H,clang-22.1.8 (https://github.com/msys2/MINGW-packages 6e4e79c2f86eeb534e324e583f2057dc9fd5ecab),SM4-128,ttable-2k,block-dec,4096,12,2877600,262144,10.977172852,0.091098137,32.878616333,ok
Windows-x86_64,13th Gen Intel(R) Core(TM) i9-13900H,clang-22.1.8 (https://github.com/msys2/MINGW-packages 6e4e79c2f86eeb534e324e583f2057dc9fd5ecab),SM4-128,ttable-2k,block-dec,4096,13,2878500,262144,10.980606079,0.091069654,32.889945984,ok
Windows-x86_64,13th Gen Intel(R) Core(TM) i9-13900H,clang-22.1.8 (https://github.com/msys2/MINGW-packages 6e4e79c2f86eeb534e324e583f2057dc9fd5ecab),SM4-128,ttable-2k,block-dec,4096,14,2873200,262144,10.960388184,0.091237644,32.829605103,ok
Windows-x86_64,13th Gen Intel(R) Core(TM) i9-13900H,clang-22.1.8 (https://github.com/msys2/MINGW-packages 6e4e79c2f86eeb534e324e583f2057dc9fd5ecab),SM4-128,ttable-2k,block-dec,4096,15,2828300,262144,10.789108276,0.092686066,32.316070557,ok
Windows-x86_64,13th Gen Intel(R) Core(TM) i9-13900H,clang-22.1.8 (https://github.com/msys2/MINGW-packages 6e4e79c2f86eeb534e324e583f2057dc9fd5ecab),SM4-128,ttable-2k,block-dec,8192,1,2878000,262144,10.978698730,0.091085476,32.887458801,ok
Windows-x86_64,13th Gen Intel(R) Core(TM) i9-13900H,clang-22.1.8 (https://github.com/msys2/MINGW-packages 6e4e79c2f86eeb534e324e583f2057dc9fd5ecab),SM4-128,ttable-2k,block-dec,8192,2,2873600,262144,10.961914062,0.091224944,32.833679199,ok
Windows-x86_64,13th Gen Intel(R) Core(TM) i9-13900H,clang-22.1.8 (https://github.com/msys2/MINGW-packages 6e4e79c2f86eeb534e324e583f2057dc9fd5ecab),SM4-128,ttable-2k,block-dec,8192,3,2877800,262144,10.977935791,0.091091806,32.881698608,ok
Windows-x86_64,13th Gen Intel(R) Core(TM) i9-13900H,clang-22.1.8 (https://github.com/msys2/MINGW-packages 6e4e79c2f86eeb534e324e583f2057dc9fd5ecab),SM4-128,ttable-2k,block-dec,8192,4,2944100,262144,11.230850220,0.089040454,33.639186859,ok
Windows-x86_64,13th Gen Intel(R) Core(TM) i9-13900H,clang-22.1.8 (https://github.com/msys2/MINGW-packages 6e4e79c2f86eeb534e324e583f2057dc9fd5ecab),SM4-128,ttable-2k,block-dec,8192,5,2818600,262144,10.752105713,0.093005038,32.205108643,ok
Windows-x86_64,13th Gen Intel(R) Core(TM) i9-13900H,clang-22.1.8 (https://github.com/msys2/MINGW-packages 6e4e79c2f86eeb534e324e583f2057dc9fd5ecab),SM4-128,ttable-2k,block-dec,8192,6,2676900,262144,10.211563110,0.097928201,30.587532043,ok
Windows-x86_64,13th Gen Intel(R) Core(TM) i9-13900H,clang-22.1.8 (https://github.com/msys2/MINGW-packages 6e4e79c2f86eeb534e324e583f2057dc9fd5ecab),SM4-128,ttable-2k,block-dec,8192,7,2697400,262144,10.289764404,0.097183955,30.821014404,ok
Windows-x86_64,13th Gen Intel(R) Core(TM) i9-13900H,clang-22.1.8 (https://github.com/msys2/MINGW-packages 6e4e79c2f86eeb534e324e583f2057dc9fd5ecab),SM4-128,ttable-2k,block-dec,8192,8,2665900,262144,10.169601440,0.098332271,30.460289001,ok
Windows-x86_64,13th Gen Intel(R) Core(TM) i9-13900H,clang-22.1.8 (https://github.com/msys2/MINGW-packages 6e4e79c2f86eeb534e324e583f2057dc9fd5ecab),SM4-128,ttable-2k,block-dec,8192,9,2673200,262144,10.197448730,0.098063744,30.543609619,ok
Windows-x86_64,13th Gen Intel(R) Core(TM) i9-13900H,clang-22.1.8 (https://github.com/msys2/MINGW-packages 6e4e79c2f86eeb534e324e583f2057dc9fd5ecab),SM4-128,ttable-2k,block-dec,8192,10,2700200,262144,10.300445557,0.097083179,30.853233337,ok
Windows-x86_64,13th Gen Intel(R) Core(TM) i9-13900H,clang-22.1.8 (https://github.com/msys2/MINGW-packages 6e4e79c2f86eeb534e324e583f2057dc9fd5ecab),SM4-128,ttable-2k,block-dec,8192,11,2672500,262144,10.194778442,0.098089429,30.535003662,ok
Windows-x86_64,13th Gen Intel(R) Core(TM) i9-13900H,clang-22.1.8 (https://github.com/msys2/MINGW-packages 6e4e79c2f86eeb534e324e583f2057dc9fd5ecab),SM4-128,ttable-2k,block-dec,8192,12,2677300,262144,10.213088989,0.097913570,30.591476440,ok
Windows-x86_64,13th Gen Intel(R) Core(TM) i9-13900H,clang-22.1.8 (https://github.com/msys2/MINGW-packages 6e4e79c2f86eeb534e324e583f2057dc9fd5ecab),SM4-128,ttable-2k,block-dec,8192,13,2668300,262144,10.178756714,0.098243826,30.487762451,ok
Windows-x86_64,13th Gen Intel(R) Core(TM) i9-13900H,clang-22.1.8 (https://github.com/msys2/MINGW-packages 6e4e79c2f86eeb534e324e583f2057dc9fd5ecab),SM4-128,ttable-2k,block-dec,8192,14,2748600,262144,10.485076904,0.095373645,31.405788422,ok
Windows-x86_64,13th Gen Intel(R) Core(TM) i9-13900H,clang-22.1.8 (https://github.com/msys2/MINGW-packages 6e4e79c2f86eeb534e324e583f2057dc9fd5ecab),SM4-128,ttable-2k,block-dec,8192,15,2690000,262144,10.261535645,0.097451301,30.735649109,ok
Windows-x86_64,13th Gen Intel(R) Core(TM) i9-13900H,clang-22.1.8 (https://github.com/msys2/MINGW-packages 6e4e79c2f86eeb534e324e583f2057dc9fd5ecab),SM4-128,ttable-2k,block-dec,65536,1,2674900,262144,10.203933716,0.098001421,30.714538574,ok
Windows-x86_64,13th Gen Intel(R) Core(TM) i9-13900H,clang-22.1.8 (https://github.com/msys2/MINGW-packages 6e4e79c2f86eeb534e324e583f2057dc9fd5ecab),SM4-128,ttable-2k,block-dec,65536,2,2674100,262144,10.200881958,0.098030739,30.555244446,ok
Windows-x86_64,13th Gen Intel(R) Core(TM) i9-13900H,clang-22.1.8 (https://github.com/msys2/MINGW-packages 6e4e79c2f86eeb534e324e583f2057dc9fd5ecab),SM4-128,ttable-2k,block-dec,65536,3,2680000,262144,10.223388672,0.097814925,30.621612549,ok
Windows-x86_64,13th Gen Intel(R) Core(TM) i9-13900H,clang-22.1.8 (https://github.com/msys2/MINGW-packages 6e4e79c2f86eeb534e324e583f2057dc9fd5ecab),SM4-128,ttable-2k,block-dec,65536,4,2667600,262144,10.176086426,0.098269606,30.480209351,ok
Windows-x86_64,13th Gen Intel(R) Core(TM) i9-13900H,clang-22.1.8 (https://github.com/msys2/MINGW-packages 6e4e79c2f86eeb534e324e583f2057dc9fd5ecab),SM4-128,ttable-2k,block-dec,65536,5,2672100,262144,10.193252563,0.098104113,30.531822205,ok
Windows-x86_64,13th Gen Intel(R) Core(TM) i9-13900H,clang-22.1.8 (https://github.com/msys2/MINGW-packages 6e4e79c2f86eeb534e324e583f2057dc9fd5ecab),SM4-128,ttable-2k,block-dec,65536,6,2673700,262144,10.199356079,0.098045405,30.549812317,ok
Windows-x86_64,13th Gen Intel(R) Core(TM) i9-13900H,clang-22.1.8 (https://github.com/msys2/MINGW-packages 6e4e79c2f86eeb534e324e583f2057dc9fd5ecab),SM4-128,ttable-2k,block-dec,65536,7,2668400,262144,10.179138184,0.098240144,30.489265442,ok
Windows-x86_64,13th Gen Intel(R) Core(TM) i9-13900H,clang-22.1.8 (https://github.com/msys2/MINGW-packages 6e4e79c2f86eeb534e324e583f2057dc9fd5ecab),SM4-128,ttable-2k,block-dec,65536,8,2672200,262144,10.193634033,0.098100442,30.531791687,ok
Windows-x86_64,13th Gen Intel(R) Core(TM) i9-13900H,clang-22.1.8 (https://github.com/msys2/MINGW-packages 6e4e79c2f86eeb534e324e583f2057dc9fd5ecab),SM4-128,ttable-2k,block-dec,65536,9,2724000,262144,10.391235352,0.096234949,31.124526978,ok
Windows-x86_64,13th Gen Intel(R) Core(TM) i9-13900H,clang-22.1.8 (https://github.com/msys2/MINGW-packages 6e4e79c2f86eeb534e324e583f2057dc9fd5ecab),SM4-128,ttable-2k,block-dec,65536,10,2674500,262144,10.202407837,0.098016078,30.560485840,ok
Windows-x86_64,13th Gen Intel(R) Core(TM) i9-13900H,clang-22.1.8 (https://github.com/msys2/MINGW-packages 6e4e79c2f86eeb534e324e583f2057dc9fd5ecab),SM4-128,ttable-2k,block-dec,65536,11,2710400,262144,10.339355469,0.096717828,30.968231201,ok
Windows-x86_64,13th Gen Intel(R) Core(TM) i9-13900H,clang-22.1.8 (https://github.com/msys2/MINGW-packages 6e4e79c2f86eeb534e324e583f2057dc9fd5ecab),SM4-128,ttable-2k,block-dec,65536,12,2671100,262144,10.189437866,0.098140841,30.520271301,ok
Windows-x86_64,13th Gen Intel(R) Core(TM) i9-13900H,clang-22.1.8 (https://github.com/msys2/MINGW-packages 6e4e79c2f86eeb534e324e583f2057dc9fd5ecab),SM4-128,ttable-2k,block-dec,65536,13,2672700,262144,10.195541382,0.098082089,30.537544250,ok
Windows-x86_64,13th Gen Intel(R) Core(TM) i9-13900H,clang-22.1.8 (https://github.com/msys2/MINGW-packages 6e4e79c2f86eeb534e324e583f2057dc9fd5ecab),SM4-128,ttable-2k,block-dec,65536,14,2667500,262144,10.175704956,0.098273290,30.478317261,ok
Windows-x86_64,13th Gen Intel(R) Core(TM) i9-13900H,clang-22.1.8 (https://github.com/msys2/MINGW-packages 6e4e79c2f86eeb534e324e583f2057dc9fd5ecab),SM4-128,ttable-2k,block-dec,65536,15,2686900,262144,10.249710083,0.097563735,30.734695435,ok
Windows-x86_64,13th Gen Intel(R) Core(TM) i9-13900H,clang-22.1.8 (https://github.com/msys2/MINGW-packages 6e4e79c2f86eeb534e324e583f2057dc9fd5ecab),SM4-128,ttable-2k,block-dec,1048576,1,11465400,1048576,10.934257507,0.091455684,32.757631302,ok
Windows-x86_64,13th Gen Intel(R) Core(TM) i9-13900H,clang-22.1.8 (https://github.com/msys2/MINGW-packages 6e4e79c2f86eeb534e324e583f2057dc9fd5ecab),SM4-128,ttable-2k,block-dec,1048576,2,11443200,1048576,10.913085938,0.091633110,32.687337875,ok
Windows-x86_64,13th Gen Intel(R) Core(TM) i9-13900H,clang-22.1.8 (https://github.com/msys2/MINGW-packages 6e4e79c2f86eeb534e324e583f2057dc9fd5ecab),SM4-128,ttable-2k,block-dec,1048576,3,11312000,1048576,10.787963867,0.092695898,32.314002991,ok
Windows-x86_64,13th Gen Intel(R) Core(TM) i9-13900H,clang-22.1.8 (https://github.com/msys2/MINGW-packages 6e4e79c2f86eeb534e324e583f2057dc9fd5ecab),SM4-128,ttable-2k,block-dec,1048576,4,10914200,1048576,10.408592224,0.096074472,31.176129341,ok
Windows-x86_64,13th Gen Intel(R) Core(TM) i9-13900H,clang-22.1.8 (https://github.com/msys2/MINGW-packages 6e4e79c2f86eeb534e324e583f2057dc9fd5ecab),SM4-128,ttable-2k,block-dec,1048576,5,10705600,1048576,10.209655762,0.097946495,30.580244064,ok
Windows-x86_64,13th Gen Intel(R) Core(TM) i9-13900H,clang-22.1.8 (https://github.com/msys2/MINGW-packages 6e4e79c2f86eeb534e324e583f2057dc9fd5ecab),SM4-128,ttable-2k,block-dec,1048576,6,10742300,1048576,10.244655609,0.097611871,30.685265541,ok
Windows-x86_64,13th Gen Intel(R) Core(TM) i9-13900H,clang-22.1.8 (https://github.com/msys2/MINGW-packages 6e4e79c2f86eeb534e324e583f2057dc9fd5ecab),SM4-128,ttable-2k,block-dec,1048576,7,10762500,1048576,10.263919830,0.097428664,30.742975235,ok
Windows-x86_64,13th Gen Intel(R) Core(TM) i9-13900H,clang-22.1.8 (https://github.com/msys2/MINGW-packages 6e4e79c2f86eeb534e324e583f2057dc9fd5ecab),SM4-128,ttable-2k,block-dec,1048576,8,10880100,1048576,10.376071930,0.096375585,31.078652382,ok
Windows-x86_64,13th Gen Intel(R) Core(TM) i9-13900H,clang-22.1.8 (https://github.com/msys2/MINGW-packages 6e4e79c2f86eeb534e324e583f2057dc9fd5ecab),SM4-128,ttable-2k,block-dec,1048576,9,10857400,1048576,10.354423523,0.096577081,31.014151573,ok
Windows-x86_64,13th Gen Intel(R) Core(TM) i9-13900H,clang-22.1.8 (https://github.com/msys2/MINGW-packages 6e4e79c2f86eeb534e324e583f2057dc9fd5ecab),SM4-128,ttable-2k,block-dec,1048576,10,10768900,1048576,10.270023346,0.097370762,30.761341095,ok
Windows-x86_64,13th Gen Intel(R) Core(TM) i9-13900H,clang-22.1.8 (https://github.com/msys2/MINGW-packages 6e4e79c2f86eeb534e324e583f2057dc9fd5ecab),SM4-128,ttable-2k,block-dec,1048576,11,11306700,1048576,10.782909393,0.092739349,32.297372818,ok
Windows-x86_64,13th Gen Intel(R) Core(TM) i9-13900H,clang-22.1.8 (https://github.com/msys2/MINGW-packages 6e4e79c2f86eeb534e324e583f2057dc9fd5ecab),SM4-128,ttable-2k,block-dec,1048576,12,11389200,1048576,10.861587524,0.092067573,32.533172607,ok
Windows-x86_64,13th Gen Intel(R) Core(TM) i9-13900H,clang-22.1.8 (https://github.com/msys2/MINGW-packages 6e4e79c2f86eeb534e324e583f2057dc9fd5ecab),SM4-128,ttable-2k,block-dec,1048576,13,11874500,1048576,11.324405670,0.088304855,33.919306755,ok
Windows-x86_64,13th Gen Intel(R) Core(TM) i9-13900H,clang-22.1.8 (https://github.com/msys2/MINGW-packages 6e4e79c2f86eeb534e324e583f2057dc9fd5ecab),SM4-128,ttable-2k,block-dec,1048576,14,11736800,1048576,11.193084717,0.089340877,33.525865555,ok
Windows-x86_64,13th Gen Intel(R) Core(TM) i9-13900H,clang-22.1.8 (https://github.com/msys2/MINGW-packages 6e4e79c2f86eeb534e324e583f2057dc9fd5ecab),SM4-128,ttable-2k,block-dec,1048576,15,10941500,1048576,10.434627533,0.095834758,31.254533768,ok
Windows-x86_64,13th Gen Intel(R) Core(TM) i9-13900H,clang-22.1.8 (https://github.com/msys2/MINGW-packages 6e4e79c2f86eeb534e324e583f2057dc9fd5ecab),SM4-128,gfni,block-dec,64,1,874600,262144,3.336334229,0.299730162,9.994964600,ok
Windows-x86_64,13th Gen Intel(R) Core(TM) i9-13900H,clang-22.1.8 (https://github.com/msys2/MINGW-packages 6e4e79c2f86eeb534e324e583f2057dc9fd5ecab),SM4-128,gfni,block-dec,64,2,877000,262144,3.345489502,0.298909920,10.021354675,ok
Windows-x86_64,13th Gen Intel(R) Core(TM) i9-13900H,clang-22.1.8 (https://github.com/msys2/MINGW-packages 6e4e79c2f86eeb534e324e583f2057dc9fd5ecab),SM4-128,gfni,block-dec,64,3,871800,262144,3.325653076,0.300692819,9.961700439,ok
Windows-x86_64,13th Gen Intel(R) Core(TM) i9-13900H,clang-22.1.8 (https://github.com/msys2/MINGW-packages 6e4e79c2f86eeb534e324e583f2057dc9fd5ecab),SM4-128,gfni,block-dec,64,4,1339100,262144,5.108261108,0.195761332,15.300968170,ok
Windows-x86_64,13th Gen Intel(R) Core(TM) i9-13900H,clang-22.1.8 (https://github.com/msys2/MINGW-packages 6e4e79c2f86eeb534e324e583f2057dc9fd5ecab),SM4-128,gfni,block-dec,64,5,887600,262144,3.385925293,0.295340243,10.142173767,ok
Windows-x86_64,13th Gen Intel(R) Core(TM) i9-13900H,clang-22.1.8 (https://github.com/msys2/MINGW-packages 6e4e79c2f86eeb534e324e583f2057dc9fd5ecab),SM4-128,gfni,block-dec,64,6,895500,262144,3.416061401,0.292734785,10.232437134,ok
Windows-x86_64,13th Gen Intel(R) Core(TM) i9-13900H,clang-22.1.8 (https://github.com/msys2/MINGW-packages 6e4e79c2f86eeb534e324e583f2057dc9fd5ecab),SM4-128,gfni,block-dec,64,7,888200,262144,3.388214111,0.295140734,10.148880005,ok
Windows-x86_64,13th Gen Intel(R) Core(TM) i9-13900H,clang-22.1.8 (https://github.com/msys2/MINGW-packages 6e4e79c2f86eeb534e324e583f2057dc9fd5ecab),SM4-128,gfni,block-dec,64,8,893300,262144,3.407669067,0.293455726,10.207115173,ok
Windows-x86_64,13th Gen Intel(R) Core(TM) i9-13900H,clang-22.1.8 (https://github.com/msys2/MINGW-packages 6e4e79c2f86eeb534e324e583f2057dc9fd5ecab),SM4-128,gfni,block-dec,64,9,887500,262144,3.385543823,0.295373521,10.140769958,ok
Windows-x86_64,13th Gen Intel(R) Core(TM) i9-13900H,clang-22.1.8 (https://github.com/msys2/MINGW-packages 6e4e79c2f86eeb534e324e583f2057dc9fd5ecab),SM4-128,gfni,block-dec,64,10,888900,262144,3.390884399,0.294908314,10.157661438,ok
Windows-x86_64,13th Gen Intel(R) Core(TM) i9-13900H,clang-22.1.8 (https://github.com/msys2/MINGW-packages 6e4e79c2f86eeb534e324e583f2057dc9fd5ecab),SM4-128,gfni,block-dec,64,11,885500,262144,3.377914429,0.296040655,10.118537903,ok
Windows-x86_64,13th Gen Intel(R) Core(TM) i9-13900H,clang-22.1.8 (https://github.com/msys2/MINGW-packages 6e4e79c2f86eeb534e324e583f2057dc9fd5ecab),SM4-128,gfni,block-dec,64,12,901700,262144,3.439712524,0.290721970,10.303405762,ok
Windows-x86_64,13th Gen Intel(R) Core(TM) i9-13900H,clang-22.1.8 (https://github.com/msys2/MINGW-packages 6e4e79c2f86eeb534e324e583f2057dc9fd5ecab),SM4-128,gfni,block-dec,64,13,882900,262144,3.367996216,0.296912448,10.087951660,ok
Windows-x86_64,13th Gen Intel(R) Core(TM) i9-13900H,clang-22.1.8 (https://github.com/msys2/MINGW-packages 6e4e79c2f86eeb534e324e583f2057dc9fd5ecab),SM4-128,gfni,block-dec,64,14,885200,262144,3.376770020,0.296140985,10.115074158,ok
Windows-x86_64,13th Gen Intel(R) Core(TM) i9-13900H,clang-22.1.8 (https://github.com/msys2/MINGW-packages 6e4e79c2f86eeb534e324e583f2057dc9fd5ecab),SM4-128,gfni,block-dec,64,15,891600,262144,3.401184082,0.294015253,10.186897278,ok
Windows-x86_64,13th Gen Intel(R) Core(TM) i9-13900H,clang-22.1.8 (https://github.com/msys2/MINGW-packages 6e4e79c2f86eeb534e324e583f2057dc9fd5ecab),SM4-128,gfni,block-dec,512,1,872700,262144,3.329086304,0.300382720,9.972625732,ok
Windows-x86_64,13th Gen Intel(R) Core(TM) i9-13900H,clang-22.1.8 (https://github.com/msys2/MINGW-packages 6e4e79c2f86eeb534e324e583f2057dc9fd5ecab),SM4-128,gfni,block-dec,512,2,870200,262144,3.319549561,0.301245691,9.943130493,ok
Windows-x86_64,13th Gen Intel(R) Core(TM) i9-13900H,clang-22.1.8 (https://github.com/msys2/MINGW-packages 6e4e79c2f86eeb534e324e583f2057dc9fd5ecab),SM4-128,gfni,block-dec,512,3,872900,262144,3.329849243,0.300313896,9.973648071,ok
Windows-x86_64,13th Gen Intel(R) Core(TM) i9-13900H,clang-22.1.8 (https://github.com/msys2/MINGW-packages 6e4e79c2f86eeb534e324e583f2057dc9fd5ecab),SM4-128,gfni,block-dec,512,4,870500,262144,3.320693970,0.301141872,9.946563721,ok
Windows-x86_64,13th Gen Intel(R) Core(TM) i9-13900H,clang-22.1.8 (https://github.com/msys2/MINGW-packages 6e4e79c2f86eeb534e324e583f2057dc9fd5ecab),SM4-128,gfni,block-dec,512,5,871300,262144,3.323745728,0.300865374,9.956031799,ok
Windows-x86_64,13th Gen Intel(R) Core(TM) i9-13900H,clang-22.1.8 (https://github.com/msys2/MINGW-packages 6e4e79c2f86eeb534e324e583f2057dc9fd5ecab),SM4-128,gfni,block-dec,512,6,870100,262144,3.319168091,0.301280313,9.942375183,ok
Windows-x86_64,13th Gen Intel(R) Core(TM) i9-13900H,clang-22.1.8 (https://github.com/msys2/MINGW-packages 6e4e79c2f86eeb534e324e583f2057dc9fd5ecab),SM4-128,gfni,block-dec,512,7,875500,262144,3.339767456,0.299422045,10.003730774,ok
Windows-x86_64,13th Gen Intel(R) Core(TM) i9-13900H,clang-22.1.8 (https://github.com/msys2/MINGW-packages 6e4e79c2f86eeb534e324e583f2057dc9fd5ecab),SM4-128,gfni,block-dec,512,8,867000,262144,3.307342529,0.302357555,9.906745911,ok
Windows-x86_64,13th Gen Intel(R) Core(TM) i9-13900H,clang-22.1.8 (https://github.com/msys2/MINGW-packages 6e4e79c2f86eeb534e324e583f2057dc9fd5ecab),SM4-128,gfni,block-dec,512,9,871300,262144,3.323745728,0.300865374,9.955886841,ok
Windows-x86_64,13th Gen Intel(R) Core(TM) i9-13900H,clang-22.1.8 (https://github.com/msys2/MINGW-packages 6e4e79c2f86eeb534e324e583f2057dc9fd5ecab),SM4-128,gfni,block-dec,512,10,870000,262144,3.318786621,0.301314943,9.940742493,ok
Windows-x86_64,13th Gen Intel(R) Core(TM) i9-13900H,clang-22.1.8 (https://github.com/msys2/MINGW-packages 6e4e79c2f86eeb534e324e583f2057dc9fd5ecab),SM4-128,gfni,block-dec,512,11,869800,262144,3.318023682,0.301384226,9.938911438,ok
Windows-x86_64,13th Gen Intel(R) Core(TM) i9-13900H,clang-22.1.8 (https://github.com/msys2/MINGW-packages 6e4e79c2f86eeb534e324e583f2057dc9fd5ecab),SM4-128,gfni,block-dec,512,12,872300,262144,3.327560425,0.300520463,9.967231750,ok
Windows-x86_64,13th Gen Intel(R) Core(TM) i9-13900H,clang-22.1.8 (https://github.com/msys2/MINGW-packages 6e4e79c2f86eeb534e324e583f2057dc9fd5ecab),SM4-128,gfni,block-dec,512,13,870000,262144,3.318786621,0.301314943,9.941291809,ok
Windows-x86_64,13th Gen Intel(R) Core(TM) i9-13900H,clang-22.1.8 (https://github.com/msys2/MINGW-packages 6e4e79c2f86eeb534e324e583f2057dc9fd5ecab),SM4-128,gfni,block-dec,512,14,872300,262144,3.327560425,0.300520463,9.967674255,ok
Windows-x86_64,13th Gen Intel(R) Core(TM) i9-13900H,clang-22.1.8 (https://github.com/msys2/MINGW-packages 6e4e79c2f86eeb534e324e583f2057dc9fd5ecab),SM4-128,gfni,block-dec,512,15,871700,262144,3.325271606,0.300727314,9.960395813,ok
Windows-x86_64,13th Gen Intel(R) Core(TM) i9-13900H,clang-22.1.8 (https://github.com/msys2/MINGW-packages 6e4e79c2f86eeb534e324e583f2057dc9fd5ecab),SM4-128,gfni,block-dec,4096,1,868800,262144,3.314208984,0.301731123,9.927536011,ok
Windows-x86_64,13th Gen Intel(R) Core(TM) i9-13900H,clang-22.1.8 (https://github.com/msys2/MINGW-packages 6e4e79c2f86eeb534e324e583f2057dc9fd5ecab),SM4-128,gfni,block-dec,4096,2,866100,262144,3.303909302,0.302671747,9.896087646,ok
Windows-x86_64,13th Gen Intel(R) Core(TM) i9-13900H,clang-22.1.8 (https://github.com/msys2/MINGW-packages 6e4e79c2f86eeb534e324e583f2057dc9fd5ecab),SM4-128,gfni,block-dec,4096,3,924800,262144,3.527832031,0.283460208,10.567550659,ok
Windows-x86_64,13th Gen Intel(R) Core(TM) i9-13900H,clang-22.1.8 (https://github.com/msys2/MINGW-packages 6e4e79c2f86eeb534e324e583f2057dc9fd5ecab),SM4-128,gfni,block-dec,4096,4,949100,262144,3.620529175,0.276202718,10.845069885,ok
Windows-x86_64,13th Gen Intel(R) Core(TM) i9-13900H,clang-22.1.8 (https://github.com/msys2/MINGW-packages 6e4e79c2f86eeb534e324e583f2057dc9fd5ecab),SM4-128,gfni,block-dec,4096,5,969500,262144,3.698348999,0.270390923,11.077777863,ok
Windows-x86_64,13th Gen Intel(R) Core(TM) i9-13900H,clang-22.1.8 (https://github.com/msys2/MINGW-packages 6e4e79c2f86eeb534e324e583f2057dc9fd5ecab),SM4-128,gfni,block-dec,4096,6,868200,262144,3.311920166,0.301939645,9.920646667,ok
Windows-x86_64,13th Gen Intel(R) Core(TM) i9-13900H,clang-22.1.8 (https://github.com/msys2/MINGW-packages 6e4e79c2f86eeb534e324e583f2057dc9fd5ecab),SM4-128,gfni,block-dec,4096,7,872300,262144,3.327560425,0.300520463,9.967414856,ok
Windows-x86_64,13th Gen Intel(R) Core(TM) i9-13900H,clang-22.1.8 (https://github.com/msys2/MINGW-packages 6e4e79c2f86eeb534e324e583f2057dc9fd5ecab),SM4-128,gfni,block-dec,4096,8,876900,262144,3.345108032,0.298944007,10.020347595,ok
Windows-x86_64,13th Gen Intel(R) Core(TM) i9-13900H,clang-22.1.8 (https://github.com/msys2/MINGW-packages 6e4e79c2f86eeb534e324e583f2057dc9fd5ecab),SM4-128,gfni,block-dec,4096,9,879500,262144,3.355026245,0.298060262,10.049896240,ok
Windows-x86_64,13th Gen Intel(R) Core(TM) i9-13900H,clang-22.1.8 (https://github.com/msys2/MINGW-packages 6e4e79c2f86eeb534e324e583f2057dc9fd5ecab),SM4-128,gfni,block-dec,4096,10,886600,262144,3.382110596,0.295673359,10.130989075,ok
Windows-x86_64,13th Gen Intel(R) Core(TM) i9-13900H,clang-22.1.8 (https://github.com/msys2/MINGW-packages 6e4e79c2f86eeb534e324e583f2057dc9fd5ecab),SM4-128,gfni,block-dec,4096,11,876800,262144,3.344726562,0.298978102,10.018699646,ok
Windows-x86_64,13th Gen Intel(R) Core(TM) i9-13900H,clang-22.1.8 (https://github.com/msys2/MINGW-packages 6e4e79c2f86eeb534e324e583f2057dc9fd5ecab),SM4-128,gfni,block-dec,4096,12,874000,262144,3.334045410,0.299935927,9.986869812,ok
Windows-x86_64,13th Gen Intel(R) Core(TM) i9-13900H,clang-22.1.8 (https://github.com/msys2/MINGW-packages 6e4e79c2f86eeb534e324e583f2057dc9fd5ecab),SM4-128,gfni,block-dec,4096,13,874600,262144,3.336334229,0.299730162,9.993171692,ok
Windows-x86_64,13th Gen Intel(R) Core(TM) i9-13900H,clang-22.1.8 (https://github.com/msys2/MINGW-packages 6e4e79c2f86eeb534e324e583f2057dc9fd5ecab),SM4-128,gfni,block-dec,4096,14,870500,262144,3.320693970,0.301141872,9.946327209,ok
Windows-x86_64,13th Gen Intel(R) Core(TM) i9-13900H,clang-22.1.8 (https://github.com/msys2/MINGW-packages 6e4e79c2f86eeb534e324e583f2057dc9fd5ecab),SM4-128,gfni,block-dec,4096,15,874900,262144,3.337478638,0.299627386,9.997940063,ok
Windows-x86_64,13th Gen Intel(R) Core(TM) i9-13900H,clang-22.1.8 (https://github.com/msys2/MINGW-packages 6e4e79c2f86eeb534e324e583f2057dc9fd5ecab),SM4-128,gfni,block-dec,8192,1,877900,262144,3.348922729,0.298603486,10.036911011,ok
Windows-x86_64,13th Gen Intel(R) Core(TM) i9-13900H,clang-22.1.8 (https://github.com/msys2/MINGW-packages 6e4e79c2f86eeb534e324e583f2057dc9fd5ecab),SM4-128,gfni,block-dec,8192,2,873700,262144,3.332901001,0.300038915,9.983963013,ok
Windows-x86_64,13th Gen Intel(R) Core(TM) i9-13900H,clang-22.1.8 (https://github.com/msys2/MINGW-packages 6e4e79c2f86eeb534e324e583f2057dc9fd5ecab),SM4-128,gfni,block-dec,8192,3,872400,262144,3.327941895,0.300486016,9.968368530,ok
Windows-x86_64,13th Gen Intel(R) Core(TM) i9-13900H,clang-22.1.8 (https://github.com/msys2/MINGW-packages 6e4e79c2f86eeb534e324e583f2057dc9fd5ecab),SM4-128,gfni,block-dec,8192,4,866400,262144,3.305053711,0.302566944,9.899375916,ok
Windows-x86_64,13th Gen Intel(R) Core(TM) i9-13900H,clang-22.1.8 (https://github.com/msys2/MINGW-packages 6e4e79c2f86eeb534e324e583f2057dc9fd5ecab),SM4-128,gfni,block-dec,8192,5,876000,262144,3.341674805,0.299251142,10.010032654,ok
Windows-x86_64,13th Gen Intel(R) Core(TM) i9-13900H,clang-22.1.8 (https://github.com/msys2/MINGW-packages 6e4e79c2f86eeb534e324e583f2057dc9fd5ecab),SM4-128,gfni,block-dec,8192,6,869400,262144,3.316497803,0.301522889,9.934761047,ok
Windows-x86_64,13th Gen Intel(R) Core(TM) i9-13900H,clang-22.1.8 (https://github.com/msys2/MINGW-packages 6e4e79c2f86eeb534e324e583f2057dc9fd5ecab),SM4-128,gfni,block-dec,8192,7,873600,262144,3.332519531,0.300073260,9.982627869,ok
Windows-x86_64,13th Gen Intel(R) Core(TM) i9-13900H,clang-22.1.8 (https://github.com/msys2/MINGW-packages 6e4e79c2f86eeb534e324e583f2057dc9fd5ecab),SM4-128,gfni,block-dec,8192,8,878500,262144,3.351211548,0.298399545,10.037788391,ok
Windows-x86_64,13th Gen Intel(R) Core(TM) i9-13900H,clang-22.1.8 (https://github.com/msys2/MINGW-packages 6e4e79c2f86eeb534e324e583f2057dc9fd5ecab),SM4-128,gfni,block-dec,8192,9,868700,262144,3.313827515,0.301765857,9.926803589,ok
Windows-x86_64,13th Gen Intel(R) Core(TM) i9-13900H,clang-22.1.8 (https://github.com/msys2/MINGW-packages 6e4e79c2f86eeb534e324e583f2057dc9fd5ecab),SM4-128,gfni,block-dec,8192,10,869000,262144,3.314971924,0.301661680,9.929252625,ok
Windows-x86_64,13th Gen Intel(R) Core(TM) i9-13900H,clang-22.1.8 (https://github.com/msys2/MINGW-packages 6e4e79c2f86eeb534e324e583f2057dc9fd5ecab),SM4-128,gfni,block-dec,8192,11,864800,262144,3.298950195,0.303126735,9.881538391,ok
Windows-x86_64,13th Gen Intel(R) Core(TM) i9-13900H,clang-22.1.8 (https://github.com/msys2/MINGW-packages 6e4e79c2f86eeb534e324e583f2057dc9fd5ecab),SM4-128,gfni,block-dec,8192,12,865500,262144,3.301620483,0.302881571,9.890045166,ok
Windows-x86_64,13th Gen Intel(R) Core(TM) i9-13900H,clang-22.1.8 (https://github.com/msys2/MINGW-packages 6e4e79c2f86eeb534e324e583f2057dc9fd5ecab),SM4-128,gfni,block-dec,8192,13,874000,262144,3.334045410,0.299935927,9.987571716,ok
Windows-x86_64,13th Gen Intel(R) Core(TM) i9-13900H,clang-22.1.8 (https://github.com/msys2/MINGW-packages 6e4e79c2f86eeb534e324e583f2057dc9fd5ecab),SM4-128,gfni,block-dec,8192,14,874100,262144,3.334426880,0.299901613,9.987564087,ok
Windows-x86_64,13th Gen Intel(R) Core(TM) i9-13900H,clang-22.1.8 (https://github.com/msys2/MINGW-packages 6e4e79c2f86eeb534e324e583f2057dc9fd5ecab),SM4-128,gfni,block-dec,8192,15,871600,262144,3.324890137,0.300761817,9.958717346,ok
Windows-x86_64,13th Gen Intel(R) Core(TM) i9-13900H,clang-22.1.8 (https://github.com/msys2/MINGW-packages 6e4e79c2f86eeb534e324e583f2057dc9fd5ecab),SM4-128,gfni,block-dec,65536,1,868000,262144,3.311157227,0.302009217,9.919105530,ok
Windows-x86_64,13th Gen Intel(R) Core(TM) i9-13900H,clang-22.1.8 (https://github.com/msys2/MINGW-packages 6e4e79c2f86eeb534e324e583f2057dc9fd5ecab),SM4-128,gfni,block-dec,65536,2,867200,262144,3.308105469,0.302287823,9.908775330,ok
Windows-x86_64,13th Gen Intel(R) Core(TM) i9-13900H,clang-22.1.8 (https://github.com/msys2/MINGW-packages 6e4e79c2f86eeb534e324e583f2057dc9fd5ecab),SM4-128,gfni,block-dec,65536,3,868700,262144,3.313827515,0.301765857,9.925498962,ok
Windows-x86_64,13th Gen Intel(R) Core(TM) i9-13900H,clang-22.1.8 (https://github.com/msys2/MINGW-packages 6e4e79c2f86eeb534e324e583f2057dc9fd5ecab),SM4-128,gfni,block-dec,65536,4,877300,262144,3.346633911,0.298807705,10.024360657,ok
Windows-x86_64,13th Gen Intel(R) Core(TM) i9-13900H,clang-22.1.8 (https://github.com/msys2/MINGW-packages 6e4e79c2f86eeb534e324e583f2057dc9fd5ecab),SM4-128,gfni,block-dec,65536,5,878100,262144,3.349685669,0.298535474,10.034034729,ok
Windows-x86_64,13th Gen Intel(R) Core(TM) i9-13900H,clang-22.1.8 (https://github.com/msys2/MINGW-packages 6e4e79c2f86eeb534e324e583f2057dc9fd5ecab),SM4-128,gfni,block-dec,65536,6,878400,262144,3.350830078,0.298433515,10.037590027,ok
Windows-x86_64,13th Gen Intel(R) Core(TM) i9-13900H,clang-22.1.8 (https://github.com/msys2/MINGW-packages 6e4e79c2f86eeb534e324e583f2057dc9fd5ecab),SM4-128,gfni,block-dec,65536,7,886600,262144,3.382110596,0.295673359,10.130699158,ok
Windows-x86_64,13th Gen Intel(R) Core(TM) i9-13900H,clang-22.1.8 (https://github.com/msys2/MINGW-packages 6e4e79c2f86eeb534e324e583f2057dc9fd5ecab),SM4-128,gfni,block-dec,65536,8,874500,262144,3.335952759,0.299764437,9.992500305,ok
Windows-x86_64,13th Gen Intel(R) Core(TM) i9-13900H,clang-22.1.8 (https://github.com/msys2/MINGW-packages 6e4e79c2f86eeb534e324e583f2057dc9fd5ecab),SM4-128,gfni,block-dec,65536,9,871500,262144,3.324508667,0.300796328,9.957382202,ok
Windows-x86_64,13th Gen Intel(R) Core(TM) i9-13900H,clang-22.1.8 (https://github.com/msys2/MINGW-packages 6e4e79c2f86eeb534e324e583f2057dc9fd5ecab),SM4-128,gfni,block-dec,65536,10,866800,262144,3.306579590,0.302427319,9.904998779,ok
Windows-x86_64,13th Gen Intel(R) Core(TM) i9-13900H,clang-22.1.8 (https://github.com/msys2/MINGW-packages 6e4e79c2f86eeb534e324e583f2057dc9fd5ecab),SM4-128,gfni,block-dec,65536,11,867300,262144,3.308486938,0.302252969,9.909141541,ok
Windows-x86_64,13th Gen Intel(R) Core(TM) i9-13900H,clang-22.1.8 (https://github.com/msys2/MINGW-packages 6e4e79c2f86eeb534e324e583f2057dc9fd5ecab),SM4-128,gfni,block-dec,65536,12,875300,262144,3.339004517,0.299490460,10.001846313,ok
Windows-x86_64,13th Gen Intel(R) Core(TM) i9-13900H,clang-22.1.8 (https://github.com/msys2/MINGW-packages 6e4e79c2f86eeb534e324e583f2057dc9fd5ecab),SM4-128,gfni,block-dec,65536,13,878400,262144,3.350830078,0.298433515,10.036926270,ok
Windows-x86_64,13th Gen Intel(R) Core(TM) i9-13900H,clang-22.1.8 (https://github.com/msys2/MINGW-packages 6e4e79c2f86eeb534e324e583f2057dc9fd5ecab),SM4-128,gfni,block-dec,65536,14,874300,262144,3.335189819,0.299833009,9.990631104,ok
Windows-x86_64,13th Gen Intel(R) Core(TM) i9-13900H,clang-22.1.8 (https://github.com/msys2/MINGW-packages 6e4e79c2f86eeb534e324e583f2057dc9fd5ecab),SM4-128,gfni,block-dec,65536,15,872900,262144,3.329849243,0.300313896,9.973632812,ok
Windows-x86_64,13th Gen Intel(R) Core(TM) i9-13900H,clang-22.1.8 (https://github.com/msys2/MINGW-packages 6e4e79c2f86eeb534e324e583f2057dc9fd5ecab),SM4-128,gfni,block-dec,1048576,1,3490900,1048576,3.329181671,0.300374116,9.978202820,ok
Windows-x86_64,13th Gen Intel(R) Core(TM) i9-13900H,clang-22.1.8 (https://github.com/msys2/MINGW-packages 6e4e79c2f86eeb534e324e583f2057dc9fd5ecab),SM4-128,gfni,block-dec,1048576,2,3611000,1048576,3.443717957,0.290383827,10.314789772,ok
Windows-x86_64,13th Gen Intel(R) Core(TM) i9-13900H,clang-22.1.8 (https://github.com/msys2/MINGW-packages 6e4e79c2f86eeb534e324e583f2057dc9fd5ecab),SM4-128,gfni,block-dec,1048576,3,3506700,1048576,3.344249725,0.299020732,10.016933441,ok
Windows-x86_64,13th Gen Intel(R) Core(TM) i9-13900H,clang-22.1.8 (https://github.com/msys2/MINGW-packages 6e4e79c2f86eeb534e324e583f2057dc9fd5ecab),SM4-128,gfni,block-dec,1048576,4,3482000,1048576,3.320693970,0.301141872,9.946332932,ok
Windows-x86_64,13th Gen Intel(R) Core(TM) i9-13900H,clang-22.1.8 (https://github.com/msys2/MINGW-packages 6e4e79c2f86eeb534e324e583f2057dc9fd5ecab),SM4-128,gfni,block-dec,1048576,5,3461500,1048576,3.301143646,0.302925321,9.887638092,ok
Windows-x86_64,13th Gen Intel(R) Core(TM) i9-13900H,clang-22.1.8 (https://github.com/msys2/MINGW-packages 6e4e79c2f86eeb534e324e583f2057dc9fd5ecab),SM4-128,gfni,block-dec,1048576,6,3467500,1048576,3.306865692,0.302401154,9.904878616,ok
Windows-x86_64,13th Gen Intel(R) Core(TM) i9-13900H,clang-22.1.8 (https://github.com/msys2/MINGW-packages 6e4e79c2f86eeb534e324e583f2057dc9fd5ecab),SM4-128,gfni,block-dec,1048576,7,3470800,1048576,3.310012817,0.302113634,9.914075851,ok
Windows-x86_64,13th Gen Intel(R) Core(TM) i9-13900H,clang-22.1.8 (https://github.com/msys2/MINGW-packages 6e4e79c2f86eeb534e324e583f2057dc9fd5ecab),SM4-128,gfni,block-dec,1048576,8,3466800,1048576,3.306198120,0.302462213,9.902944565,ok
Windows-x86_64,13th Gen Intel(R) Core(TM) i9-13900H,clang-22.1.8 (https://github.com/msys2/MINGW-packages 6e4e79c2f86eeb534e324e583f2057dc9fd5ecab),SM4-128,gfni,block-dec,1048576,9,3467100,1048576,3.306484222,0.302436042,9.903730392,ok
Windows-x86_64,13th Gen Intel(R) Core(TM) i9-13900H,clang-22.1.8 (https://github.com/msys2/MINGW-packages 6e4e79c2f86eeb534e324e583f2057dc9fd5ecab),SM4-128,gfni,block-dec,1048576,10,3469600,1048576,3.308868408,0.302218123,9.910947800,ok
Windows-x86_64,13th Gen Intel(R) Core(TM) i9-13900H,clang-22.1.8 (https://github.com/msys2/MINGW-packages 6e4e79c2f86eeb534e324e583f2057dc9fd5ecab),SM4-128,gfni,block-dec,1048576,11,3541500,1048576,3.377437592,0.296082451,10.116368294,ok
Windows-x86_64,13th Gen Intel(R) Core(TM) i9-13900H,clang-22.1.8 (https://github.com/msys2/MINGW-packages 6e4e79c2f86eeb534e324e583f2057dc9fd5ecab),SM4-128,gfni,block-dec,1048576,12,3504100,1048576,3.341770172,0.299242602,10.009460449,ok
Windows-x86_64,13th Gen Intel(R) Core(TM) i9-13900H,clang-22.1.8 (https://github.com/msys2/MINGW-packages 6e4e79c2f86eeb534e324e583f2057dc9fd5ecab),SM4-128,gfni,block-dec,1048576,13,3511900,1048576,3.349208832,0.298577978,10.031953812,ok
Windows-x86_64,13th Gen Intel(R) Core(TM) i9-13900H,clang-22.1.8 (https://github.com/msys2/MINGW-packages 6e4e79c2f86eeb534e324e583f2057dc9fd5ecab),SM4-128,gfni,block-dec,1048576,14,3505100,1048576,3.342723846,0.299157228,10.012475014,ok
Windows-x86_64,13th Gen Intel(R) Core(TM) i9-13900H,clang-22.1.8 (https://github.com/msys2/MINGW-packages 6e4e79c2f86eeb534e324e583f2057dc9fd5ecab),SM4-128,gfni,block-dec,1048576,15,3510300,1048576,3.347682953,0.298714070,10.027215958,ok
Windows-x86_64,13th Gen Intel(R) Core(TM) i9-13900H,clang-22.1.8 (https://github.com/msys2/MINGW-packages 6e4e79c2f86eeb534e324e583f2057dc9fd5ecab),GIFT-64/128,ref,block,64,1,10101300,262144,38.533401489,0.025951511,115.419822693,ok
Windows-x86_64,13th Gen Intel(R) Core(TM) i9-13900H,clang-22.1.8 (https://github.com/msys2/MINGW-packages 6e4e79c2f86eeb534e324e583f2057dc9fd5ecab),GIFT-64/128,ref,block,64,2,9874800,262144,37.669372559,0.026546766,112.827636719,ok
Windows-x86_64,13th Gen Intel(R) Core(TM) i9-13900H,clang-22.1.8 (https://github.com/msys2/MINGW-packages 6e4e79c2f86eeb534e324e583f2057dc9fd5ecab),GIFT-64/128,ref,block,64,3,10231300,262144,39.029312134,0.025621768,116.902328491,ok
Windows-x86_64,13th Gen Intel(R) Core(TM) i9-13900H,clang-22.1.8 (https://github.com/msys2/MINGW-packages 6e4e79c2f86eeb534e324e583f2057dc9fd5ecab),GIFT-64/128,ref,block,64,4,10258200,262144,39.131927490,0.025554581,117.208923340,ok
Windows-x86_64,13th Gen Intel(R) Core(TM) i9-13900H,clang-22.1.8 (https://github.com/msys2/MINGW-packages 6e4e79c2f86eeb534e324e583f2057dc9fd5ecab),GIFT-64/128,ref,block,64,5,10041600,262144,38.305664062,0.026105800,114.733825684,ok
Windows-x86_64,13th Gen Intel(R) Core(TM) i9-13900H,clang-22.1.8 (https://github.com/msys2/MINGW-packages 6e4e79c2f86eeb534e324e583f2057dc9fd5ecab),GIFT-64/128,ref,block,64,6,9968500,262144,38.026809692,0.026297236,113.899772644,ok
Windows-x86_64,13th Gen Intel(R) Core(TM) i9-13900H,clang-22.1.8 (https://github.com/msys2/MINGW-packages 6e4e79c2f86eeb534e324e583f2057dc9fd5ecab),GIFT-64/128,ref,block,64,7,9960800,262144,37.997436523,0.026317565,113.809944153,ok
Windows-x86_64,13th Gen Intel(R) Core(TM) i9-13900H,clang-22.1.8 (https://github.com/msys2/MINGW-packages 6e4e79c2f86eeb534e324e583f2057dc9fd5ecab),GIFT-64/128,ref,block,64,8,10905500,262144,41.601181030,0.024037779,124.604377747,ok
Windows-x86_64,13th Gen Intel(R) Core(TM) i9-13900H,clang-22.1.8 (https://github.com/msys2/MINGW-packages 6e4e79c2f86eeb534e324e583f2057dc9fd5ecab),GIFT-64/128,ref,block,64,9,10518300,262144,40.124130249,0.024922659,120.181571960,ok
Windows-x86_64,13th Gen Intel(R) Core(TM) i9-13900H,clang-22.1.8 (https://github.com/msys2/MINGW-packages 6e4e79c2f86eeb534e324e583f2057dc9fd5ecab),GIFT-64/128,ref,block,64,10,10342700,262144,39.454269409,0.025345799,118.173858643,ok
Windows-x86_64,13th Gen Intel(R) Core(TM) i9-13900H,clang-22.1.8 (https://github.com/msys2/MINGW-packages 6e4e79c2f86eeb534e324e583f2057dc9fd5ecab),GIFT-64/128,ref,block,64,11,10330600,262144,39.408111572,0.025375486,118.035507202,ok
Windows-x86_64,13th Gen Intel(R) Core(TM) i9-13900H,clang-22.1.8 (https://github.com/msys2/MINGW-packages 6e4e79c2f86eeb534e324e583f2057dc9fd5ecab),GIFT-64/128,ref,block,64,12,10355100,262144,39.501571655,0.025315448,118.315399170,ok
Windows-x86_64,13th Gen Intel(R) Core(TM) i9-13900H,clang-22.1.8 (https://github.com/msys2/MINGW-packages 6e4e79c2f86eeb534e324e583f2057dc9fd5ecab),GIFT-64/128,ref,block,64,13,9840100,262144,37.537002563,0.026640380,112.431602478,ok
Windows-x86_64,13th Gen Intel(R) Core(TM) i9-13900H,clang-22.1.8 (https://github.com/msys2/MINGW-packages 6e4e79c2f86eeb534e324e583f2057dc9fd5ecab),GIFT-64/128,ref,block,64,14,10452300,262144,39.872360229,0.025080030,119.426483154,ok
Windows-x86_64,13th Gen Intel(R) Core(TM) i9-13900H,clang-22.1.8 (https://github.com/msys2/MINGW-packages 6e4e79c2f86eeb534e324e583f2057dc9fd5ecab),GIFT-64/128,ref,block,64,15,10194500,262144,38.888931274,0.025714258,116.480735779,ok
Windows-x86_64,13th Gen Intel(R) Core(TM) i9-13900H,clang-22.1.8 (https://github.com/msys2/MINGW-packages 6e4e79c2f86eeb534e324e583f2057dc9fd5ecab),GIFT-64/128,ref,block,512,1,9990100,262144,38.109207153,0.026240378,114.150016785,ok
Windows-x86_64,13th Gen Intel(R) Core(TM) i9-13900H,clang-22.1.8 (https://github.com/msys2/MINGW-packages 6e4e79c2f86eeb534e324e583f2057dc9fd5ecab),GIFT-64/128,ref,block,512,2,10504800,262144,40.072631836,0.024954687,120.027046204,ok
Windows-x86_64,13th Gen Intel(R) Core(TM) i9-13900H,clang-22.1.8 (https://github.com/msys2/MINGW-packages 6e4e79c2f86eeb534e324e583f2057dc9fd5ecab),GIFT-64/128,ref,block,512,3,10247800,262144,39.092254639,0.025580515,117.089942932,ok
Windows-x86_64,13th Gen Intel(R) Core(TM) i9-13900H,clang-22.1.8 (https://github.com/msys2/MINGW-packages 6e4e79c2f86eeb534e324e583f2057dc9fd5ecab),GIFT-64/128,ref,block,512,4,10291700,262144,39.259719849,0.025471399,117.591598511,ok
Windows-x86_64,13th Gen Intel(R) Core(TM) i9-13900H,clang-22.1.8 (https://github.com/msys2/MINGW-packages 6e4e79c2f86eeb534e324e583f2057dc9fd5ecab),GIFT-64/128,ref,block,512,5,10227900,262144,39.016342163,0.025630286,116.862777710,ok
Windows-x86_64,13th Gen Intel(R) Core(TM) i9-13900H,clang-22.1.8 (https://github.com/msys2/MINGW-packages 6e4e79c2f86eeb534e324e583f2057dc9fd5ecab),GIFT-64/128,ref,block,512,6,10333400,262144,39.418792725,0.025368611,118.067451477,ok
Windows-x86_64,13th Gen Intel(R) Core(TM) i9-13900H,clang-22.1.8 (https://github.com/msys2/MINGW-packages 6e4e79c2f86eeb534e324e583f2057dc9fd5ecab),GIFT-64/128,ref,block,512,7,10332200,262144,39.414215088,0.025371557,118.054145813,ok
Windows-x86_64,13th Gen Intel(R) Core(TM) i9-13900H,clang-22.1.8 (https://github.com/msys2/MINGW-packages 6e4e79c2f86eeb534e324e583f2057dc9fd5ecab),GIFT-64/128,ref,block,512,8,10256300,262144,39.124679565,0.025559315,117.187019348,ok
Windows-x86_64,13th Gen Intel(R) Core(TM) i9-13900H,clang-22.1.8 (https://github.com/msys2/MINGW-packages 6e4e79c2f86eeb534e324e583f2057dc9fd5ecab),GIFT-64/128,ref,block,512,9,10363700,262144,39.534378052,0.025294441,118.414001465,ok
Windows-x86_64,13th Gen Intel(R) Core(TM) i9-13900H,clang-22.1.8 (https://github.com/msys2/MINGW-packages 6e4e79c2f86eeb534e324e583f2057dc9fd5ecab),GIFT-64/128,ref,block,512,10,10381400,262144,39.601898193,0.025251315,118.616104126,ok
Windows-x86_64,13th Gen Intel(R) Core(TM) i9-13900H,clang-22.1.8 (https://github.com/msys2/MINGW-packages 6e4e79c2f86eeb534e324e583f2057dc9fd5ecab),GIFT-64/128,ref,block,512,11,10276900,262144,39.203262329,0.025508081,117.422973633,ok
Windows-x86_64,13th Gen Intel(R) Core(TM) i9-13900H,clang-22.1.8 (https://github.com/msys2/MINGW-packages 6e4e79c2f86eeb534e324e583f2057dc9fd5ecab),GIFT-64/128,ref,block,512,12,10140900,262144,38.684463501,0.025850171,115.868911743,ok
Windows-x86_64,13th Gen Intel(R) Core(TM) i9-13900H,clang-22.1.8 (https://github.com/msys2/MINGW-packages 6e4e79c2f86eeb534e324e583f2057dc9fd5ecab),GIFT-64/128,ref,block,512,13,10220000,262144,38.986206055,0.025650098,116.772178650,ok
Windows-x86_64,13th Gen Intel(R) Core(TM) i9-13900H,clang-22.1.8 (https://github.com/msys2/MINGW-packages 6e4e79c2f86eeb534e324e583f2057dc9fd5ecab),GIFT-64/128,ref,block,512,14,10167800,262144,38.787078857,0.025781782,116.175636292,ok
Windows-x86_64,13th Gen Intel(R) Core(TM) i9-13900H,clang-22.1.8 (https://github.com/msys2/MINGW-packages 6e4e79c2f86eeb534e324e583f2057dc9fd5ecab),GIFT-64/128,ref,block,512,15,10351800,262144,39.488983154,0.025323519,118.278480530,ok
Windows-x86_64,13th Gen Intel(R) Core(TM) i9-13900H,clang-22.1.8 (https://github.com/msys2/MINGW-packages 6e4e79c2f86eeb534e324e583f2057dc9fd5ecab),GIFT-64/128,ref,block,4096,1,10194300,262144,38.888168335,0.025714762,116.481292725,ok
Windows-x86_64,13th Gen Intel(R) Core(TM) i9-13900H,clang-22.1.8 (https://github.com/msys2/MINGW-packages 6e4e79c2f86eeb534e324e583f2057dc9fd5ecab),GIFT-64/128,ref,block,4096,2,10206200,262144,38.933563232,0.025684780,116.614135742,ok
Windows-x86_64,13th Gen Intel(R) Core(TM) i9-13900H,clang-22.1.8 (https://github.com/msys2/MINGW-packages 6e4e79c2f86eeb534e324e583f2057dc9fd5ecab),GIFT-64/128,ref,block,4096,3,10162100,262144,38.765335083,0.025796243,116.110473633,ok
Windows-x86_64,13th Gen Intel(R) Core(TM) i9-13900H,clang-22.1.8 (https://github.com/msys2/MINGW-packages 6e4e79c2f86eeb534e324e583f2057dc9fd5ecab),GIFT-64/128,ref,block,4096,4,10150700,262144,38.721847534,0.025825214,115.980518341,ok
Windows-x86_64,13th Gen Intel(R) Core(TM) i9-13900H,clang-22.1.8 (https://github.com/msys2/MINGW-packages 6e4e79c2f86eeb534e324e583f2057dc9fd5ecab),GIFT-64/128,ref,block,4096,5,9445700,262144,36.032485962,0.027752734,107.925739288,ok
Windows-x86_64,13th Gen Intel(R) Core(TM) i9-13900H,clang-22.1.8 (https://github.com/msys2/MINGW-packages 6e4e79c2f86eeb534e324e583f2057dc9fd5ecab),GIFT-64/128,ref,block,4096,6,10255900,262144,39.123153687,0.025560312,117.182266235,ok
Windows-x86_64,13th Gen Intel(R) Core(TM) i9-13900H,clang-22.1.8 (https://github.com/msys2/MINGW-packages 6e4e79c2f86eeb534e324e583f2057dc9fd5ecab),GIFT-64/128,ref,block,4096,7,10070500,262144,38.415908813,0.026030882,115.063972473,ok
Windows-x86_64,13th Gen Intel(R) Core(TM) i9-13900H,clang-22.1.8 (https://github.com/msys2/MINGW-packages 6e4e79c2f86eeb534e324e583f2057dc9fd5ecab),GIFT-64/128,ref,block,4096,8,9886700,262144,37.714767456,0.026514813,112.964027405,ok
Windows-x86_64,13th Gen Intel(R) Core(TM) i9-13900H,clang-22.1.8 (https://github.com/msys2/MINGW-packages 6e4e79c2f86eeb534e324e583f2057dc9fd5ecab),GIFT-64/128,ref,block,4096,9,10012300,262144,38.193893433,0.026182196,114.399833679,ok
Windows-x86_64,13th Gen Intel(R) Core(TM) i9-13900H,clang-22.1.8 (https://github.com/msys2/MINGW-packages 6e4e79c2f86eeb534e324e583f2057dc9fd5ecab),GIFT-64/128,ref,block,4096,10,9541100,262144,36.396408081,0.027475239,109.016548157,ok
Windows-x86_64,13th Gen Intel(R) Core(TM) i9-13900H,clang-22.1.8 (https://github.com/msys2/MINGW-packages 6e4e79c2f86eeb534e324e583f2057dc9fd5ecab),GIFT-64/128,ref,block,4096,11,10637700,262144,40.579605103,0.024642921,121.544616699,ok
Windows-x86_64,13th Gen Intel(R) Core(TM) i9-13900H,clang-22.1.8 (https://github.com/msys2/MINGW-packages 6e4e79c2f86eeb534e324e583f2057dc9fd5ecab),GIFT-64/128,ref,block,4096,12,10114000,262144,38.581848145,0.025918924,115.561141968,ok
Windows-x86_64,13th Gen Intel(R) Core(TM) i9-13900H,clang-22.1.8 (https://github.com/msys2/MINGW-packages 6e4e79c2f86eeb534e324e583f2057dc9fd5ecab),GIFT-64/128,ref,block,4096,13,10182400,262144,38.842773438,0.025744815,116.342529297,ok
Windows-x86_64,13th Gen Intel(R) Core(TM) i9-13900H,clang-22.1.8 (https://github.com/msys2/MINGW-packages 6e4e79c2f86eeb534e324e583f2057dc9fd5ecab),GIFT-64/128,ref,block,4096,14,10236700,262144,39.049911499,0.025608253,116.963020325,ok
Windows-x86_64,13th Gen Intel(R) Core(TM) i9-13900H,clang-22.1.8 (https://github.com/msys2/MINGW-packages 6e4e79c2f86eeb534e324e583f2057dc9fd5ecab),GIFT-64/128,ref,block,4096,15,10179400,262144,38.831329346,0.025752402,116.308616638,ok
Windows-x86_64,13th Gen Intel(R) Core(TM) i9-13900H,clang-22.1.8 (https://github.com/msys2/MINGW-packages 6e4e79c2f86eeb534e324e583f2057dc9fd5ecab),GIFT-64/128,ref,block,8192,1,10152200,262144,38.727569580,0.025821398,116.006546021,ok
Windows-x86_64,13th Gen Intel(R) Core(TM) i9-13900H,clang-22.1.8 (https://github.com/msys2/MINGW-packages 6e4e79c2f86eeb534e324e583f2057dc9fd5ecab),GIFT-64/128,ref,block,8192,2,10208000,262144,38.940429688,0.025680251,116.635482788,ok
Windows-x86_64,13th Gen Intel(R) Core(TM) i9-13900H,clang-22.1.8 (https://github.com/msys2/MINGW-packages 6e4e79c2f86eeb534e324e583f2057dc9fd5ecab),GIFT-64/128,ref,block,8192,3,10226200,262144,39.009857178,0.025634547,116.843246460,ok
Windows-x86_64,13th Gen Intel(R) Core(TM) i9-13900H,clang-22.1.8 (https://github.com/msys2/MINGW-packages 6e4e79c2f86eeb534e324e583f2057dc9fd5ecab),GIFT-64/128,ref,block,8192,4,10218600,262144,38.980865479,0.025653612,116.756599426,ok
Windows-x86_64,13th Gen Intel(R) Core(TM) i9-13900H,clang-22.1.8 (https://github.com/msys2/MINGW-packages 6e4e79c2f86eeb534e324e583f2057dc9fd5ecab),GIFT-64/128,ref,block,8192,5,10150100,262144,38.719558716,0.025826741,115.974494934,ok
Windows-x86_64,13th Gen Intel(R) Core(TM) i9-13900H,clang-22.1.8 (https://github.com/msys2/MINGW-packages 6e4e79c2f86eeb534e324e583f2057dc9fd5ecab),GIFT-64/128,ref,block,8192,6,10231700,262144,39.030838013,0.025620767,116.905624390,ok
Windows-x86_64,13th Gen Intel(R) Core(TM) i9-13900H,clang-22.1.8 (https://github.com/msys2/MINGW-packages 6e4e79c2f86eeb534e324e583f2057dc9fd5ecab),GIFT-64/128,ref,block,8192,7,10302800,262144,39.302062988,0.025443957,117.718292236,ok
Windows-x86_64,13th Gen Intel(R) Core(TM) i9-13900H,clang-22.1.8 (https://github.com/msys2/MINGW-packages 6e4e79c2f86eeb534e324e583f2057dc9fd5ecab),GIFT-64/128,ref,block,8192,8,9941500,262144,37.923812866,0.026368657,113.590385437,ok
Windows-x86_64,13th Gen Intel(R) Core(TM) i9-13900H,clang-22.1.8 (https://github.com/msys2/MINGW-packages 6e4e79c2f86eeb534e324e583f2057dc9fd5ecab),GIFT-64/128,ref,block,8192,9,10102500,262144,38.537979126,0.025948429,115.429740906,ok
Windows-x86_64,13th Gen Intel(R) Core(TM) i9-13900H,clang-22.1.8 (https://github.com/msys2/MINGW-packages 6e4e79c2f86eeb534e324e583f2057dc9fd5ecab),GIFT-64/128,ref,block,8192,10,10333900,262144,39.420700073,0.025367383,118.074104309,ok
Windows-x86_64,13th Gen Intel(R) Core(TM) i9-13900H,clang-22.1.8 (https://github.com/msys2/MINGW-packages 6e4e79c2f86eeb534e324e583f2057dc9fd5ecab),GIFT-64/128,ref,block,8192,11,10162700,262144,38.767623901,0.025794720,116.117027283,ok
Windows-x86_64,13th Gen Intel(R) Core(TM) i9-13900H,clang-22.1.8 (https://github.com/msys2/MINGW-packages 6e4e79c2f86eeb534e324e583f2057dc9fd5ecab),GIFT-64/128,ref,block,8192,12,10323300,262144,39.380264282,0.025393430,117.951950073,ok
Windows-x86_64,13th Gen Intel(R) Core(TM) i9-13900H,clang-22.1.8 (https://github.com/msys2/MINGW-packages 6e4e79c2f86eeb534e324e583f2057dc9fd5ecab),GIFT-64/128,ref,block,8192,13,10083600,262144,38.465881348,0.025997065,115.214775085,ok
Windows-x86_64,13th Gen Intel(R) Core(TM) i9-13900H,clang-22.1.8 (https://github.com/msys2/MINGW-packages 6e4e79c2f86eeb534e324e583f2057dc9fd5ecab),GIFT-64/128,ref,block,8192,14,10145100,262144,38.700485229,0.025839469,115.916564941,ok
Windows-x86_64,13th Gen Intel(R) Core(TM) i9-13900H,clang-22.1.8 (https://github.com/msys2/MINGW-packages 6e4e79c2f86eeb534e324e583f2057dc9fd5ecab),GIFT-64/128,ref,block,8192,15,10074300,262144,38.430404663,0.026021063,115.107208252,ok
Windows-x86_64,13th Gen Intel(R) Core(TM) i9-13900H,clang-22.1.8 (https://github.com/msys2/MINGW-packages 6e4e79c2f86eeb534e324e583f2057dc9fd5ecab),GIFT-64/128,ref,block,65536,1,10141400,262144,38.686370850,0.025848897,115.877975464,ok
Windows-x86_64,13th Gen Intel(R) Core(TM) i9-13900H,clang-22.1.8 (https://github.com/msys2/MINGW-packages 6e4e79c2f86eeb534e324e583f2057dc9fd5ecab),GIFT-64/128,ref,block,65536,2,9971600,262144,38.038635254,0.026289061,113.935577393,ok
Windows-x86_64,13th Gen Intel(R) Core(TM) i9-13900H,clang-22.1.8 (https://github.com/msys2/MINGW-packages 6e4e79c2f86eeb534e324e583f2057dc9fd5ecab),GIFT-64/128,ref,block,65536,3,9519800,262144,36.315155029,0.027536713,108.772384644,ok
Windows-x86_64,13th Gen Intel(R) Core(TM) i9-13900H,clang-22.1.8 (https://github.com/msys2/MINGW-packages 6e4e79c2f86eeb534e324e583f2057dc9fd5ecab),GIFT-64/128,ref,block,65536,4,10423900,262144,39.764022827,0.025148361,119.102516174,ok
Windows-x86_64,13th Gen Intel(R) Core(TM) i9-13900H,clang-22.1.8 (https://github.com/msys2/MINGW-packages 6e4e79c2f86eeb534e324e583f2057dc9fd5ecab),GIFT-64/128,ref,block,65536,5,10225400,262144,39.006805420,0.025636552,116.832939148,ok
Windows-x86_64,13th Gen Intel(R) Core(TM) i9-13900H,clang-22.1.8 (https://github.com/msys2/MINGW-packages 6e4e79c2f86eeb534e324e583f2057dc9fd5ecab),GIFT-64/128,ref,block,65536,6,10149000,262144,38.715362549,0.025829540,115.961166382,ok
Windows-x86_64,13th Gen Intel(R) Core(TM) i9-13900H,clang-22.1.8 (https://github.com/msys2/MINGW-packages 6e4e79c2f86eeb534e324e583f2057dc9fd5ecab),GIFT-64/128,ref,block,65536,7,10315000,262144,39.348602295,0.025413863,117.857795715,ok
Windows-x86_64,13th Gen Intel(R) Core(TM) i9-13900H,clang-22.1.8 (https://github.com/msys2/MINGW-packages 6e4e79c2f86eeb534e324e583f2057dc9fd5ecab),GIFT-64/128,ref,block,65536,8,10179100,262144,38.830184937,0.025753161,116.305145264,ok
Windows-x86_64,13th Gen Intel(R) Core(TM) i9-13900H,clang-22.1.8 (https://github.com/msys2/MINGW-packages 6e4e79c2f86eeb534e324e583f2057dc9fd5ecab),GIFT-64/128,ref,block,65536,9,10298000,262144,39.283752441,0.025455817,117.663314819,ok
Windows-x86_64,13th Gen Intel(R) Core(TM) i9-13900H,clang-22.1.8 (https://github.com/msys2/MINGW-packages 6e4e79c2f86eeb534e324e583f2057dc9fd5ecab),GIFT-64/128,ref,block,65536,10,10073100,262144,38.425827026,0.026024163,115.093894958,ok
Windows-x86_64,13th Gen Intel(R) Core(TM) i9-13900H,clang-22.1.8 (https://github.com/msys2/MINGW-packages 6e4e79c2f86eeb534e324e583f2057dc9fd5ecab),GIFT-64/128,ref,block,65536,11,10309100,262144,39.326095581,0.025428408,117.790245056,ok
Windows-x86_64,13th Gen Intel(R) Core(TM) i9-13900H,clang-22.1.8 (https://github.com/msys2/MINGW-packages 6e4e79c2f86eeb534e324e583f2057dc9fd5ecab),GIFT-64/128,ref,block,65536,12,10246300,262144,39.086532593,0.025584260,117.073455811,ok
Windows-x86_64,13th Gen Intel(R) Core(TM) i9-13900H,clang-22.1.8 (https://github.com/msys2/MINGW-packages 6e4e79c2f86eeb534e324e583f2057dc9fd5ecab),GIFT-64/128,ref,block,65536,13,10128200,262144,38.636016846,0.025882585,115.722946167,ok
Windows-x86_64,13th Gen Intel(R) Core(TM) i9-13900H,clang-22.1.8 (https://github.com/msys2/MINGW-packages 6e4e79c2f86eeb534e324e583f2057dc9fd5ecab),GIFT-64/128,ref,block,65536,14,10014800,262144,38.203430176,0.026175660,114.427474976,ok
Windows-x86_64,13th Gen Intel(R) Core(TM) i9-13900H,clang-22.1.8 (https://github.com/msys2/MINGW-packages 6e4e79c2f86eeb534e324e583f2057dc9fd5ecab),GIFT-64/128,ref,block,65536,15,10116300,262144,38.590621948,0.025913031,115.587280273,ok
Windows-x86_64,13th Gen Intel(R) Core(TM) i9-13900H,clang-22.1.8 (https://github.com/msys2/MINGW-packages 6e4e79c2f86eeb534e324e583f2057dc9fd5ecab),GIFT-64/128,ref,block,1048576,1,40103500,1048576,38.245677948,0.026146745,114.560251236,ok
Windows-x86_64,13th Gen Intel(R) Core(TM) i9-13900H,clang-22.1.8 (https://github.com/msys2/MINGW-packages 6e4e79c2f86eeb534e324e583f2057dc9fd5ecab),GIFT-64/128,ref,block,1048576,2,40540800,1048576,38.662719727,0.025864709,115.803089142,ok
Windows-x86_64,13th Gen Intel(R) Core(TM) i9-13900H,clang-22.1.8 (https://github.com/msys2/MINGW-packages 6e4e79c2f86eeb534e324e583f2057dc9fd5ecab),GIFT-64/128,ref,block,1048576,3,40138100,1048576,38.278675079,0.026124206,114.652587891,ok
Windows-x86_64,13th Gen Intel(R) Core(TM) i9-13900H,clang-22.1.8 (https://github.com/msys2/MINGW-packages 6e4e79c2f86eeb534e324e583f2057dc9fd5ecab),GIFT-64/128,ref,block,1048576,4,40689600,1048576,38.804626465,0.025770123,116.228246689,ok
Windows-x86_64,13th Gen Intel(R) Core(TM) i9-13900H,clang-22.1.8 (https://github.com/msys2/MINGW-packages 6e4e79c2f86eeb534e324e583f2057dc9fd5ecab),GIFT-64/128,ref,block,1048576,5,39741700,1048576,37.900638580,0.026384780,113.520462036,ok
Windows-x86_64,13th Gen Intel(R) Core(TM) i9-13900H,clang-22.1.8 (https://github.com/msys2/MINGW-packages 6e4e79c2f86eeb534e324e583f2057dc9fd5ecab),GIFT-64/128,ref,block,1048576,6,40423000,1048576,38.550376892,0.025940084,115.466701508,ok
Windows-x86_64,13th Gen Intel(R) Core(TM) i9-13900H,clang-22.1.8 (https://github.com/msys2/MINGW-packages 6e4e79c2f86eeb534e324e583f2057dc9fd5ecab),GIFT-64/128,ref,block,1048576,7,40486300,1048576,38.610744476,0.025899527,115.647277832,ok
Windows-x86_64,13th Gen Intel(R) Core(TM) i9-13900H,clang-22.1.8 (https://github.com/msys2/MINGW-packages 6e4e79c2f86eeb534e324e583f2057dc9fd5ecab),GIFT-64/128,ref,block,1048576,8,40640300,1048576,38.757610321,0.025801384,116.087192535,ok
Windows-x86_64,13th Gen Intel(R) Core(TM) i9-13900H,clang-22.1.8 (https://github.com/msys2/MINGW-packages 6e4e79c2f86eeb534e324e583f2057dc9fd5ecab),GIFT-64/128,ref,block,1048576,9,39396800,1048576,37.571716309,0.026615766,112.535432816,ok
Windows-x86_64,13th Gen Intel(R) Core(TM) i9-13900H,clang-22.1.8 (https://github.com/msys2/MINGW-packages 6e4e79c2f86eeb534e324e583f2057dc9fd5ecab),GIFT-64/128,ref,block,1048576,10,39933800,1048576,38.083839417,0.026257857,114.069234848,ok
Windows-x86_64,13th Gen Intel(R) Core(TM) i9-13900H,clang-22.1.8 (https://github.com/msys2/MINGW-packages 6e4e79c2f86eeb534e324e583f2057dc9fd5ecab),GIFT-64/128,ref,block,1048576,11,40239000,1048576,38.374900818,0.026058699,114.940984726,ok
Windows-x86_64,13th Gen Intel(R) Core(TM) i9-13900H,clang-22.1.8 (https://github.com/msys2/MINGW-packages 6e4e79c2f86eeb534e324e583f2057dc9fd5ecab),GIFT-64/128,ref,block,1048576,12,39928300,1048576,38.078594208,0.026261474,114.053733826,ok
Windows-x86_64,13th Gen Intel(R) Core(TM) i9-13900H,clang-22.1.8 (https://github.com/msys2/MINGW-packages 6e4e79c2f86eeb534e324e583f2057dc9fd5ecab),GIFT-64/128,ref,block,1048576,13,41158000,1048576,39.251327515,0.025476845,117.566265106,ok
Windows-x86_64,13th Gen Intel(R) Core(TM) i9-13900H,clang-22.1.8 (https://github.com/msys2/MINGW-packages 6e4e79c2f86eeb534e324e583f2057dc9fd5ecab),GIFT-64/128,ref,block,1048576,14,40774900,1048576,38.885974884,0.025716213,116.472080231,ok
Windows-x86_64,13th Gen Intel(R) Core(TM) i9-13900H,clang-22.1.8 (https://github.com/msys2/MINGW-packages 6e4e79c2f86eeb534e324e583f2057dc9fd5ecab),GIFT-64/128,ref,block,1048576,15,40524600,1048576,38.647270203,0.025875049,115.756687164,ok
Windows-x86_64,13th Gen Intel(R) Core(TM) i9-13900H,clang-22.1.8 (https://github.com/msys2/MINGW-packages 6e4e79c2f86eeb534e324e583f2057dc9fd5ecab),GIFT-64/128,shuffle,block,64,1,2585000,262144,9.860992432,0.101409671,29.542366028,ok
Windows-x86_64,13th Gen Intel(R) Core(TM) i9-13900H,clang-22.1.8 (https://github.com/msys2/MINGW-packages 6e4e79c2f86eeb534e324e583f2057dc9fd5ecab),GIFT-64/128,shuffle,block,64,2,2583500,262144,9.855270386,0.101468550,29.518699646,ok
Windows-x86_64,13th Gen Intel(R) Core(TM) i9-13900H,clang-22.1.8 (https://github.com/msys2/MINGW-packages 6e4e79c2f86eeb534e324e583f2057dc9fd5ecab),GIFT-64/128,shuffle,block,64,3,2589300,262144,9.877395630,0.101241262,29.585815430,ok
Windows-x86_64,13th Gen Intel(R) Core(TM) i9-13900H,clang-22.1.8 (https://github.com/msys2/MINGW-packages 6e4e79c2f86eeb534e324e583f2057dc9fd5ecab),GIFT-64/128,shuffle,block,64,4,2545300,262144,9.709548950,0.102991396,29.082778931,ok
Windows-x86_64,13th Gen Intel(R) Core(TM) i9-13900H,clang-22.1.8 (https://github.com/msys2/MINGW-packages 6e4e79c2f86eeb534e324e583f2057dc9fd5ecab),GIFT-64/128,shuffle,block,64,5,2527600,262144,9.642028809,0.103712613,28.879890442,ok
Windows-x86_64,13th Gen Intel(R) Core(TM) i9-13900H,clang-22.1.8 (https://github.com/msys2/MINGW-packages 6e4e79c2f86eeb534e324e583f2057dc9fd5ecab),GIFT-64/128,shuffle,block,64,6,2534300,262144,9.667587280,0.103438425,28.956748962,ok
Windows-x86_64,13th Gen Intel(R) Core(TM) i9-13900H,clang-22.1.8 (https://github.com/msys2/MINGW-packages 6e4e79c2f86eeb534e324e583f2057dc9fd5ecab),GIFT-64/128,shuffle,block,64,7,2521200,262144,9.617614746,0.103975884,28.806571960,ok
Windows-x86_64,13th Gen Intel(R) Core(TM) i9-13900H,clang-22.1.8 (https://github.com/msys2/MINGW-packages 6e4e79c2f86eeb534e324e583f2057dc9fd5ecab),GIFT-64/128,shuffle,block,64,8,2474400,262144,9.439086914,0.105942451,28.271873474,ok
Windows-x86_64,13th Gen Intel(R) Core(TM) i9-13900H,clang-22.1.8 (https://github.com/msys2/MINGW-packages 6e4e79c2f86eeb534e324e583f2057dc9fd5ecab),GIFT-64/128,shuffle,block,64,9,2482100,262144,9.468460083,0.105613795,28.360153198,ok
Windows-x86_64,13th Gen Intel(R) Core(TM) i9-13900H,clang-22.1.8 (https://github.com/msys2/MINGW-packages 6e4e79c2f86eeb534e324e583f2057dc9fd5ecab),GIFT-64/128,shuffle,block,64,10,2577500,262144,9.832382202,0.101704753,29.451263428,ok
Windows-x86_64,13th Gen Intel(R) Core(TM) i9-13900H,clang-22.1.8 (https://github.com/msys2/MINGW-packages 6e4e79c2f86eeb534e324e583f2057dc9fd5ecab),GIFT-64/128,shuffle,block,64,11,2584100,262144,9.857559204,0.101444991,29.525878906,ok
Windows-x86_64,13th Gen Intel(R) Core(TM) i9-13900H,clang-22.1.8 (https://github.com/msys2/MINGW-packages 6e4e79c2f86eeb534e324e583f2057dc9fd5ecab),GIFT-64/128,shuffle,block,64,12,2585800,262144,9.864044189,0.101378297,29.545532227,ok
Windows-x86_64,13th Gen Intel(R) Core(TM) i9-13900H,clang-22.1.8 (https://github.com/msys2/MINGW-packages 6e4e79c2f86eeb534e324e583f2057dc9fd5ecab),GIFT-64/128,shuffle,block,64,13,2583800,262144,9.856414795,0.101456769,29.523025513,ok
Windows-x86_64,13th Gen Intel(R) Core(TM) i9-13900H,clang-22.1.8 (https://github.com/msys2/MINGW-packages 6e4e79c2f86eeb534e324e583f2057dc9fd5ecab),GIFT-64/128,shuffle,block,64,14,2555200,262144,9.747314453,0.102592361,29.195693970,ok
Windows-x86_64,13th Gen Intel(R) Core(TM) i9-13900H,clang-22.1.8 (https://github.com/msys2/MINGW-packages 6e4e79c2f86eeb534e324e583f2057dc9fd5ecab),GIFT-64/128,shuffle,block,64,15,2535800,262144,9.673309326,0.103377238,28.974815369,ok
Windows-x86_64,13th Gen Intel(R) Core(TM) i9-13900H,clang-22.1.8 (https://github.com/msys2/MINGW-packages 6e4e79c2f86eeb534e324e583f2057dc9fd5ecab),GIFT-64/128,shuffle,block,512,1,2560500,262144,9.767532349,0.102380004,29.259078979,ok
Windows-x86_64,13th Gen Intel(R) Core(TM) i9-13900H,clang-22.1.8 (https://github.com/msys2/MINGW-packages 6e4e79c2f86eeb534e324e583f2057dc9fd5ecab),GIFT-64/128,shuffle,block,512,2,2578800,262144,9.837341309,0.101653482,29.465248108,ok
Windows-x86_64,13th Gen Intel(R) Core(TM) i9-13900H,clang-22.1.8 (https://github.com/msys2/MINGW-packages 6e4e79c2f86eeb534e324e583f2057dc9fd5ecab),GIFT-64/128,shuffle,block,512,3,2574400,262144,9.820556641,0.101827222,29.415534973,ok
Windows-x86_64,13th Gen Intel(R) Core(TM) i9-13900H,clang-22.1.8 (https://github.com/msys2/MINGW-packages 6e4e79c2f86eeb534e324e583f2057dc9fd5ecab),GIFT-64/128,shuffle,block,512,4,2553700,262144,9.741592407,0.102652622,29.178955078,ok
Windows-x86_64,13th Gen Intel(R) Core(TM) i9-13900H,clang-22.1.8 (https://github.com/msys2/MINGW-packages 6e4e79c2f86eeb534e324e583f2057dc9fd5ecab),GIFT-64/128,shuffle,block,512,5,2568800,262144,9.799194336,0.102049206,29.351112366,ok
Windows-x86_64,13th Gen Intel(R) Core(TM) i9-13900H,clang-22.1.8 (https://github.com/msys2/MINGW-packages 6e4e79c2f86eeb534e324e583f2057dc9fd5ecab),GIFT-64/128,shuffle,block,512,6,2513200,262144,9.587097168,0.104306860,28.715774536,ok
Windows-x86_64,13th Gen Intel(R) Core(TM) i9-13900H,clang-22.1.8 (https://github.com/msys2/MINGW-packages 6e4e79c2f86eeb534e324e583f2057dc9fd5ecab),GIFT-64/128,shuffle,block,512,7,2534000,262144,9.666442871,0.103450671,28.953765869,ok
Windows-x86_64,13th Gen Intel(R) Core(TM) i9-13900H,clang-22.1.8 (https://github.com/msys2/MINGW-packages 6e4e79c2f86eeb534e324e583f2057dc9fd5ecab),GIFT-64/128,shuffle,block,512,8,2577100,262144,9.830856323,0.101720539,29.445449829,ok
Windows-x86_64,13th Gen Intel(R) Core(TM) i9-13900H,clang-22.1.8 (https://github.com/msys2/MINGW-packages 6e4e79c2f86eeb534e324e583f2057dc9fd5ecab),GIFT-64/128,shuffle,block,512,9,2563300,262144,9.778213501,0.102268170,29.288864136,ok
Windows-x86_64,13th Gen Intel(R) Core(TM) i9-13900H,clang-22.1.8 (https://github.com/msys2/MINGW-packages 6e4e79c2f86eeb534e324e583f2057dc9fd5ecab),GIFT-64/128,shuffle,block,512,10,2515600,262144,9.596252441,0.104207346,28.743736267,ok
Windows-x86_64,13th Gen Intel(R) Core(TM) i9-13900H,clang-22.1.8 (https://github.com/msys2/MINGW-packages 6e4e79c2f86eeb534e324e583f2057dc9fd5ecab),GIFT-64/128,shuffle,block,512,11,2512900,262144,9.585952759,0.104319312,28.711952209,ok
Windows-x86_64,13th Gen Intel(R) Core(TM) i9-13900H,clang-22.1.8 (https://github.com/msys2/MINGW-packages 6e4e79c2f86eeb534e324e583f2057dc9fd5ecab),GIFT-64/128,shuffle,block,512,12,2518200,262144,9.606170654,0.104099754,28.772438049,ok
Windows-x86_64,13th Gen Intel(R) Core(TM) i9-13900H,clang-22.1.8 (https://github.com/msys2/MINGW-packages 6e4e79c2f86eeb534e324e583f2057dc9fd5ecab),GIFT-64/128,shuffle,block,512,13,2515400,262144,9.595489502,0.104215632,28.740684509,ok
Windows-x86_64,13th Gen Intel(R) Core(TM) i9-13900H,clang-22.1.8 (https://github.com/msys2/MINGW-packages 6e4e79c2f86eeb534e324e583f2057dc9fd5ecab),GIFT-64/128,shuffle,block,512,14,2537600,262144,9.680175781,0.103303909,28.994438171,ok
Windows-x86_64,13th Gen Intel(R) Core(TM) i9-13900H,clang-22.1.8 (https://github.com/msys2/MINGW-packages 6e4e79c2f86eeb534e324e583f2057dc9fd5ecab),GIFT-64/128,shuffle,block,512,15,2574500,262144,9.820938110,0.101823267,29.416519165,ok
Windows-x86_64,13th Gen Intel(R) Core(TM) i9-13900H,clang-22.1.8 (https://github.com/msys2/MINGW-packages 6e4e79c2f86eeb534e324e583f2057dc9fd5ecab),GIFT-64/128,shuffle,block,4096,1,2507400,262144,9.564971924,0.104548138,28.650749207,ok
Windows-x86_64,13th Gen Intel(R) Core(TM) i9-13900H,clang-22.1.8 (https://github.com/msys2/MINGW-packages 6e4e79c2f86eeb534e324e583f2057dc9fd5ecab),GIFT-64/128,shuffle,block,4096,2,2567700,262144,9.794998169,0.102092924,29.338180542,ok
Windows-x86_64,13th Gen Intel(R) Core(TM) i9-13900H,clang-22.1.8 (https://github.com/msys2/MINGW-packages 6e4e79c2f86eeb534e324e583f2057dc9fd5ecab),GIFT-64/128,shuffle,block,4096,3,2509100,262144,9.571456909,0.104477303,28.669822693,ok
Windows-x86_64,13th Gen Intel(R) Core(TM) i9-13900H,clang-22.1.8 (https://github.com/msys2/MINGW-packages 6e4e79c2f86eeb534e324e583f2057dc9fd5ecab),GIFT-64/128,shuffle,block,4096,4,2508200,262144,9.568023682,0.104514791,28.658782959,ok
Windows-x86_64,13th Gen Intel(R) Core(TM) i9-13900H,clang-22.1.8 (https://github.com/msys2/MINGW-packages 6e4e79c2f86eeb534e324e583f2057dc9fd5ecab),GIFT-64/128,shuffle,block,4096,5,2518100,262144,9.605789185,0.104103888,28.772132874,ok
Windows-x86_64,13th Gen Intel(R) Core(TM) i9-13900H,clang-22.1.8 (https://github.com/msys2/MINGW-packages 6e4e79c2f86eeb534e324e583f2057dc9fd5ecab),GIFT-64/128,shuffle,block,4096,6,2507300,262144,9.564590454,0.104552307,28.649261475,ok
Windows-x86_64,13th Gen Intel(R) Core(TM) i9-13900H,clang-22.1.8 (https://github.com/msys2/MINGW-packages 6e4e79c2f86eeb534e324e583f2057dc9fd5ecab),GIFT-64/128,shuffle,block,4096,7,2507500,262144,9.565353394,0.104543968,28.651557922,ok
Windows-x86_64,13th Gen Intel(R) Core(TM) i9-13900H,clang-22.1.8 (https://github.com/msys2/MINGW-packages 6e4e79c2f86eeb534e324e583f2057dc9fd5ecab),GIFT-64/128,shuffle,block,4096,8,2520700,262144,9.615707397,0.103996509,28.800994873,ok
Windows-x86_64,13th Gen Intel(R) Core(TM) i9-13900H,clang-22.1.8 (https://github.com/msys2/MINGW-packages 6e4e79c2f86eeb534e324e583f2057dc9fd5ecab),GIFT-64/128,shuffle,block,4096,9,2512100,262144,9.582901001,0.104352534,28.702659607,ok
Windows-x86_64,13th Gen Intel(R) Core(TM) i9-13900H,clang-22.1.8 (https://github.com/msys2/MINGW-packages 6e4e79c2f86eeb534e324e583f2057dc9fd5ecab),GIFT-64/128,shuffle,block,4096,10,2505700,262144,9.558486938,0.104619069,28.629425049,ok
Windows-x86_64,13th Gen Intel(R) Core(TM) i9-13900H,clang-22.1.8 (https://github.com/msys2/MINGW-packages 6e4e79c2f86eeb534e324e583f2057dc9fd5ecab),GIFT-64/128,shuffle,block,4096,11,2543500,262144,9.702682495,0.103064282,29.061538696,ok
Windows-x86_64,13th Gen Intel(R) Core(TM) i9-13900H,clang-22.1.8 (https://github.com/msys2/MINGW-packages 6e4e79c2f86eeb534e324e583f2057dc9fd5ecab),GIFT-64/128,shuffle,block,4096,12,2508800,262144,9.570312500,0.104489796,28.665939331,ok
Windows-x86_64,13th Gen Intel(R) Core(TM) i9-13900H,clang-22.1.8 (https://github.com/msys2/MINGW-packages 6e4e79c2f86eeb534e324e583f2057dc9fd5ecab),GIFT-64/128,shuffle,block,4096,13,2507400,262144,9.564971924,0.104548138,28.649520874,ok
Windows-x86_64,13th Gen Intel(R) Core(TM) i9-13900H,clang-22.1.8 (https://github.com/msys2/MINGW-packages 6e4e79c2f86eeb534e324e583f2057dc9fd5ecab),GIFT-64/128,shuffle,block,4096,14,2509700,262144,9.573745728,0.104452325,28.675750732,ok
Windows-x86_64,13th Gen Intel(R) Core(TM) i9-13900H,clang-22.1.8 (https://github.com/msys2/MINGW-packages 6e4e79c2f86eeb534e324e583f2057dc9fd5ecab),GIFT-64/128,shuffle,block,4096,15,2505500,262144,9.557723999,0.104627420,28.627899170,ok
Windows-x86_64,13th Gen Intel(R) Core(TM) i9-13900H,clang-22.1.8 (https://github.com/msys2/MINGW-packages 6e4e79c2f86eeb534e324e583f2057dc9fd5ecab),GIFT-64/128,shuffle,block,8192,1,2507700,262144,9.566116333,0.104535630,28.653312683,ok
Windows-x86_64,13th Gen Intel(R) Core(TM) i9-13900H,clang-22.1.8 (https://github.com/msys2/MINGW-packages 6e4e79c2f86eeb534e324e583f2057dc9fd5ecab),GIFT-64/128,shuffle,block,8192,2,2510100,262144,9.575271606,0.104435680,28.680557251,ok
Windows-x86_64,13th Gen Intel(R) Core(TM) i9-13900H,clang-22.1.8 (https://github.com/msys2/MINGW-packages 6e4e79c2f86eeb534e324e583f2057dc9fd5ecab),GIFT-64/128,shuffle,block,8192,3,2506600,262144,9.561920166,0.104581505,28.639930725,ok
Windows-x86_64,13th Gen Intel(R) Core(TM) i9-13900H,clang-22.1.8 (https://github.com/msys2/MINGW-packages 6e4e79c2f86eeb534e324e583f2057dc9fd5ecab),GIFT-64/128,shuffle,block,8192,4,2630300,262144,10.033798218,0.099663156,30.053962708,ok
Windows-x86_64,13th Gen Intel(R) Core(TM) i9-13900H,clang-22.1.8 (https://github.com/msys2/MINGW-packages 6e4e79c2f86eeb534e324e583f2057dc9fd5ecab),GIFT-64/128,shuffle,block,8192,5,2635200,262144,10.052490234,0.099477838,30.110466003,ok
Windows-x86_64,13th Gen Intel(R) Core(TM) i9-13900H,clang-22.1.8 (https://github.com/msys2/MINGW-packages 6e4e79c2f86eeb534e324e583f2057dc9fd5ecab),GIFT-64/128,shuffle,block,8192,6,2567800,262144,9.795379639,0.102088948,29.340469360,ok
Windows-x86_64,13th Gen Intel(R) Core(TM) i9-13900H,clang-22.1.8 (https://github.com/msys2/MINGW-packages 6e4e79c2f86eeb534e324e583f2057dc9fd5ecab),GIFT-64/128,shuffle,block,8192,7,2569700,262144,9.802627563,0.102013465,29.360839844,ok
Windows-x86_64,13th Gen Intel(R) Core(TM) i9-13900H,clang-22.1.8 (https://github.com/msys2/MINGW-packages 6e4e79c2f86eeb534e324e583f2057dc9fd5ecab),GIFT-64/128,shuffle,block,8192,8,2571300,262144,9.808731079,0.101949986,29.379455566,ok
Windows-x86_64,13th Gen Intel(R) Core(TM) i9-13900H,clang-22.1.8 (https://github.com/msys2/MINGW-packages 6e4e79c2f86eeb534e324e583f2057dc9fd5ecab),GIFT-64/128,shuffle,block,8192,9,2535600,262144,9.672546387,0.103385392,28.972633362,ok
Windows-x86_64,13th Gen Intel(R) Core(TM) i9-13900H,clang-22.1.8 (https://github.com/msys2/MINGW-packages 6e4e79c2f86eeb534e324e583f2057dc9fd5ecab),GIFT-64/128,shuffle,block,8192,10,2347700,262144,8.955764771,0.111659922,26.824844360,ok
Windows-x86_64,13th Gen Intel(R) Core(TM) i9-13900H,clang-22.1.8 (https://github.com/msys2/MINGW-packages 6e4e79c2f86eeb534e324e583f2057dc9fd5ecab),GIFT-64/128,shuffle,block,8192,11,2303600,262144,8.787536621,0.113797534,26.321060181,ok
Windows-x86_64,13th Gen Intel(R) Core(TM) i9-13900H,clang-22.1.8 (https://github.com/msys2/MINGW-packages 6e4e79c2f86eeb534e324e583f2057dc9fd5ecab),GIFT-64/128,shuffle,block,8192,12,2558400,262144,9.759521484,0.102464040,29.233146667,ok
Windows-x86_64,13th Gen Intel(R) Core(TM) i9-13900H,clang-22.1.8 (https://github.com/msys2/MINGW-packages 6e4e79c2f86eeb534e324e583f2057dc9fd5ecab),GIFT-64/128,shuffle,block,8192,13,2526400,262144,9.637451172,0.103761875,28.867172241,ok
Windows-x86_64,13th Gen Intel(R) Core(TM) i9-13900H,clang-22.1.8 (https://github.com/msys2/MINGW-packages 6e4e79c2f86eeb534e324e583f2057dc9fd5ecab),GIFT-64/128,shuffle,block,8192,14,2572700,262144,9.814071655,0.101894508,29.396041870,ok
Windows-x86_64,13th Gen Intel(R) Core(TM) i9-13900H,clang-22.1.8 (https://github.com/msys2/MINGW-packages 6e4e79c2f86eeb534e324e583f2057dc9fd5ecab),GIFT-64/128,shuffle,block,8192,15,2535800,262144,9.673309326,0.103377238,28.973648071,ok
Windows-x86_64,13th Gen Intel(R) Core(TM) i9-13900H,clang-22.1.8 (https://github.com/msys2/MINGW-packages 6e4e79c2f86eeb534e324e583f2057dc9fd5ecab),GIFT-64/128,shuffle,block,65536,1,2511300,262144,9.579849243,0.104385776,28.695640564,ok
Windows-x86_64,13th Gen Intel(R) Core(TM) i9-13900H,clang-22.1.8 (https://github.com/msys2/MINGW-packages 6e4e79c2f86eeb534e324e583f2057dc9fd5ecab),GIFT-64/128,shuffle,block,65536,2,2509400,262144,9.572601318,0.104464812,28.672798157,ok
Windows-x86_64,13th Gen Intel(R) Core(TM) i9-13900H,clang-22.1.8 (https://github.com/msys2/MINGW-packages 6e4e79c2f86eeb534e324e583f2057dc9fd5ecab),GIFT-64/128,shuffle,block,65536,3,2511400,262144,9.580230713,0.104381620,28.695739746,ok
Windows-x86_64,13th Gen Intel(R) Core(TM) i9-13900H,clang-22.1.8 (https://github.com/msys2/MINGW-packages 6e4e79c2f86eeb534e324e583f2057dc9fd5ecab),GIFT-64/128,shuffle,block,65536,4,2534100,262144,9.666824341,0.103446589,28.954757690,ok
Windows-x86_64,13th Gen Intel(R) Core(TM) i9-13900H,clang-22.1.8 (https://github.com/msys2/MINGW-packages 6e4e79c2f86eeb534e324e583f2057dc9fd5ecab),GIFT-64/128,shuffle,block,65536,5,2519800,262144,9.612274170,0.104033653,28.790794373,ok
Windows-x86_64,13th Gen Intel(R) Core(TM) i9-13900H,clang-22.1.8 (https://github.com/msys2/MINGW-packages 6e4e79c2f86eeb534e324e583f2057dc9fd5ecab),GIFT-64/128,shuffle,block,65536,6,2509200,262144,9.571838379,0.104473139,28.669631958,ok
Windows-x86_64,13th Gen Intel(R) Core(TM) i9-13900H,clang-22.1.8 (https://github.com/msys2/MINGW-packages 6e4e79c2f86eeb534e324e583f2057dc9fd5ecab),GIFT-64/128,shuffle,block,65536,7,2538000,262144,9.681701660,0.103287628,28.999572754,ok
Windows-x86_64,13th Gen Intel(R) Core(TM) i9-13900H,clang-22.1.8 (https://github.com/msys2/MINGW-packages 6e4e79c2f86eeb534e324e583f2057dc9fd5ecab),GIFT-64/128,shuffle,block,65536,8,2559100,262144,9.762191772,0.102436013,29.240760803,ok
Windows-x86_64,13th Gen Intel(R) Core(TM) i9-13900H,clang-22.1.8 (https://github.com/msys2/MINGW-packages 6e4e79c2f86eeb534e324e583f2057dc9fd5ecab),GIFT-64/128,shuffle,block,65536,9,2551900,262144,9.734725952,0.102725028,29.158309937,ok
Windows-x86_64,13th Gen Intel(R) Core(TM) i9-13900H,clang-22.1.8 (https://github.com/msys2/MINGW-packages 6e4e79c2f86eeb534e324e583f2057dc9fd5ecab),GIFT-64/128,shuffle,block,65536,10,2524900,262144,9.631729126,0.103823518,28.849685669,ok
Windows-x86_64,13th Gen Intel(R) Core(TM) i9-13900H,clang-22.1.8 (https://github.com/msys2/MINGW-packages 6e4e79c2f86eeb534e324e583f2057dc9fd5ecab),GIFT-64/128,shuffle,block,65536,11,2320300,262144,8.851242065,0.112978494,26.512519836,ok
Windows-x86_64,13th Gen Intel(R) Core(TM) i9-13900H,clang-22.1.8 (https://github.com/msys2/MINGW-packages 6e4e79c2f86eeb534e324e583f2057dc9fd5ecab),GIFT-64/128,shuffle,block,65536,12,2381300,262144,9.083938599,0.110084408,27.208709717,ok
Windows-x86_64,13th Gen Intel(R) Core(TM) i9-13900H,clang-22.1.8 (https://github.com/msys2/MINGW-packages 6e4e79c2f86eeb534e324e583f2057dc9fd5ecab),GIFT-64/128,shuffle,block,65536,13,2721500,262144,10.381698608,0.096323351,31.095977783,ok
Windows-x86_64,13th Gen Intel(R) Core(TM) i9-13900H,clang-22.1.8 (https://github.com/msys2/MINGW-packages 6e4e79c2f86eeb534e324e583f2057dc9fd5ecab),GIFT-64/128,shuffle,block,65536,14,2681200,262144,10.227966309,0.097771147,30.634918213,ok
Windows-x86_64,13th Gen Intel(R) Core(TM) i9-13900H,clang-22.1.8 (https://github.com/msys2/MINGW-packages 6e4e79c2f86eeb534e324e583f2057dc9fd5ecab),GIFT-64/128,shuffle,block,65536,15,2618500,262144,9.988784790,0.100112278,29.919342041,ok
Windows-x86_64,13th Gen Intel(R) Core(TM) i9-13900H,clang-22.1.8 (https://github.com/msys2/MINGW-packages 6e4e79c2f86eeb534e324e583f2057dc9fd5ecab),GIFT-64/128,shuffle,block,1048576,1,10360000,1048576,9.880065918,0.101213900,29.596752167,ok
Windows-x86_64,13th Gen Intel(R) Core(TM) i9-13900H,clang-22.1.8 (https://github.com/msys2/MINGW-packages 6e4e79c2f86eeb534e324e583f2057dc9fd5ecab),GIFT-64/128,shuffle,block,1048576,2,10301100,1048576,9.823894501,0.101792624,29.424562454,ok
Windows-x86_64,13th Gen Intel(R) Core(TM) i9-13900H,clang-22.1.8 (https://github.com/msys2/MINGW-packages 6e4e79c2f86eeb534e324e583f2057dc9fd5ecab),GIFT-64/128,shuffle,block,1048576,3,10053400,1048576,9.587669373,0.104300635,28.717332840,ok
Windows-x86_64,13th Gen Intel(R) Core(TM) i9-13900H,clang-22.1.8 (https://github.com/msys2/MINGW-packages 6e4e79c2f86eeb534e324e583f2057dc9fd5ecab),GIFT-64/128,shuffle,block,1048576,4,10164600,1048576,9.693717957,0.103159593,29.034885406,ok
Windows-x86_64,13th Gen Intel(R) Core(TM) i9-13900H,clang-22.1.8 (https://github.com/msys2/MINGW-packages 6e4e79c2f86eeb534e324e583f2057dc9fd5ecab),GIFT-64/128,shuffle,block,1048576,5,10217500,1048576,9.744167328,0.102625495,29.186027527,ok
Windows-x86_64,13th Gen Intel(R) Core(TM) i9-13900H,clang-22.1.8 (https://github.com/msys2/MINGW-packages 6e4e79c2f86eeb534e324e583f2057dc9fd5ecab),GIFT-64/128,shuffle,block,1048576,6,10126600,1048576,9.657478333,0.103546699,28.926105499,ok
Windows-x86_64,13th Gen Intel(R) Core(TM) i9-13900H,clang-22.1.8 (https://github.com/msys2/MINGW-packages 6e4e79c2f86eeb534e324e583f2057dc9fd5ecab),GIFT-64/128,shuffle,block,1048576,7,10105500,1048576,9.637355804,0.103762901,28.866260529,ok
Windows-x86_64,13th Gen Intel(R) Core(TM) i9-13900H,clang-22.1.8 (https://github.com/msys2/MINGW-packages 6e4e79c2f86eeb534e324e583f2057dc9fd5ecab),GIFT-64/128,shuffle,block,1048576,8,10132600,1048576,9.663200378,0.103485384,28.943527222,ok
Windows-x86_64,13th Gen Intel(R) Core(TM) i9-13900H,clang-22.1.8 (https://github.com/msys2/MINGW-packages 6e4e79c2f86eeb534e324e583f2057dc9fd5ecab),GIFT-64/128,shuffle,block,1048576,9,10138400,1048576,9.668731689,0.103426182,28.960166931,ok
Windows-x86_64,13th Gen Intel(R) Core(TM) i9-13900H,clang-22.1.8 (https://github.com/msys2/MINGW-packages 6e4e79c2f86eeb534e324e583f2057dc9fd5ecab),GIFT-64/128,shuffle,block,1048576,10,10116900,1048576,9.648227692,0.103645979,28.898492813,ok
Windows-x86_64,13th Gen Intel(R) Core(TM) i9-13900H,clang-22.1.8 (https://github.com/msys2/MINGW-packages 6e4e79c2f86eeb534e324e583f2057dc9fd5ecab),GIFT-64/128,shuffle,block,1048576,11,10119500,1048576,9.650707245,0.103619349,28.906061172,ok
Windows-x86_64,13th Gen Intel(R) Core(TM) i9-13900H,clang-22.1.8 (https://github.com/msys2/MINGW-packages 6e4e79c2f86eeb534e324e583f2057dc9fd5ecab),GIFT-64/128,shuffle,block,1048576,12,10049100,1048576,9.583568573,0.104345265,28.704853058,ok
Windows-x86_64,13th Gen Intel(R) Core(TM) i9-13900H,clang-22.1.8 (https://github.com/msys2/MINGW-packages 6e4e79c2f86eeb534e324e583f2057dc9fd5ecab),GIFT-64/128,shuffle,block,1048576,13,10183700,1048576,9.711933136,0.102966113,29.089420319,ok
Windows-x86_64,13th Gen Intel(R) Core(TM) i9-13900H,clang-22.1.8 (https://github.com/msys2/MINGW-packages 6e4e79c2f86eeb534e324e583f2057dc9fd5ecab),GIFT-64/128,shuffle,block,1048576,14,10148500,1048576,9.678363800,0.103323250,28.988897324,ok
Windows-x86_64,13th Gen Intel(R) Core(TM) i9-13900H,clang-22.1.8 (https://github.com/msys2/MINGW-packages 6e4e79c2f86eeb534e324e583f2057dc9fd5ecab),GIFT-64/128,shuffle,block,1048576,15,10221300,1048576,9.747791290,0.102587342,29.196783066,ok
Windows-x86_64,13th Gen Intel(R) Core(TM) i9-13900H,clang-22.1.8 (https://github.com/msys2/MINGW-packages 6e4e79c2f86eeb534e324e583f2057dc9fd5ecab),TWINE-80,ref,block,64,1,3994800,262144,15.238952637,0.065621308,45.644813538,ok
Windows-x86_64,13th Gen Intel(R) Core(TM) i9-13900H,clang-22.1.8 (https://github.com/msys2/MINGW-packages 6e4e79c2f86eeb534e324e583f2057dc9fd5ecab),TWINE-80,ref,block,64,2,3880800,262144,14.804077148,0.067548959,44.342117310,ok
Windows-x86_64,13th Gen Intel(R) Core(TM) i9-13900H,clang-22.1.8 (https://github.com/msys2/MINGW-packages 6e4e79c2f86eeb534e324e583f2057dc9fd5ecab),TWINE-80,ref,block,64,3,3916500,262144,14.940261841,0.066933231,44.749832153,ok
Windows-x86_64,13th Gen Intel(R) Core(TM) i9-13900H,clang-22.1.8 (https://github.com/msys2/MINGW-packages 6e4e79c2f86eeb534e324e583f2057dc9fd5ecab),TWINE-80,ref,block,64,4,3723800,262144,14.205169678,0.070396906,42.547851562,ok
Windows-x86_64,13th Gen Intel(R) Core(TM) i9-13900H,clang-22.1.8 (https://github.com/msys2/MINGW-packages 6e4e79c2f86eeb534e324e583f2057dc9fd5ecab),TWINE-80,ref,block,64,5,4003400,262144,15.271759033,0.065480342,45.742614746,ok
Windows-x86_64,13th Gen Intel(R) Core(TM) i9-13900H,clang-22.1.8 (https://github.com/msys2/MINGW-packages 6e4e79c2f86eeb534e324e583f2057dc9fd5ecab),TWINE-80,ref,block,64,6,3946700,262144,15.055465698,0.066421061,45.094169617,ok
Windows-x86_64,13th Gen Intel(R) Core(TM) i9-13900H,clang-22.1.8 (https://github.com/msys2/MINGW-packages 6e4e79c2f86eeb534e324e583f2057dc9fd5ecab),TWINE-80,ref,block,64,7,3992700,262144,15.230941772,0.065655822,45.620796204,ok
Windows-x86_64,13th Gen Intel(R) Core(TM) i9-13900H,clang-22.1.8 (https://github.com/msys2/MINGW-packages 6e4e79c2f86eeb534e324e583f2057dc9fd5ecab),TWINE-80,ref,block,64,8,3901300,262144,14.882278442,0.067194012,44.576705933,ok
Windows-x86_64,13th Gen Intel(R) Core(TM) i9-13900H,clang-22.1.8 (https://github.com/msys2/MINGW-packages 6e4e79c2f86eeb534e324e583f2057dc9fd5ecab),TWINE-80,ref,block,64,9,3906100,262144,14.900588989,0.067111441,44.631195068,ok
Windows-x86_64,13th Gen Intel(R) Core(TM) i9-13900H,clang-22.1.8 (https://github.com/msys2/MINGW-packages 6e4e79c2f86eeb534e324e583f2057dc9fd5ecab),TWINE-80,ref,block,64,10,3904100,262144,14.892959595,0.067145821,44.608238220,ok
Windows-x86_64,13th Gen Intel(R) Core(TM) i9-13900H,clang-22.1.8 (https://github.com/msys2/MINGW-packages 6e4e79c2f86eeb534e324e583f2057dc9fd5ecab),TWINE-80,ref,block,64,11,3943100,262144,15.041732788,0.066481702,45.053314209,ok
Windows-x86_64,13th Gen Intel(R) Core(TM) i9-13900H,clang-22.1.8 (https://github.com/msys2/MINGW-packages 6e4e79c2f86eeb534e324e583f2057dc9fd5ecab),TWINE-80,ref,block,64,12,3854800,262144,14.704895020,0.068004566,44.044784546,ok
Windows-x86_64,13th Gen Intel(R) Core(TM) i9-13900H,clang-22.1.8 (https://github.com/msys2/MINGW-packages 6e4e79c2f86eeb534e324e583f2057dc9fd5ecab),TWINE-80,ref,block,64,13,3934000,262144,15.007019043,0.066635486,44.950279236,ok
Windows-x86_64,13th Gen Intel(R) Core(TM) i9-13900H,clang-22.1.8 (https://github.com/msys2/MINGW-packages 6e4e79c2f86eeb534e324e583f2057dc9fd5ecab),TWINE-80,ref,block,64,14,4057700,262144,15.478897095,0.064604086,46.363235474,ok
Windows-x86_64,13th Gen Intel(R) Core(TM) i9-13900H,clang-22.1.8 (https://github.com/msys2/MINGW-packages 6e4e79c2f86eeb534e324e583f2057dc9fd5ecab),TWINE-80,ref,block,64,15,3909000,262144,14.911651611,0.067061653,44.664230347,ok
Windows-x86_64,13th Gen Intel(R) Core(TM) i9-13900H,clang-22.1.8 (https://github.com/msys2/MINGW-packages 6e4e79c2f86eeb534e324e583f2057dc9fd5ecab),TWINE-80,ref,block,512,1,3706500,262144,14.139175415,0.070725482,42.351104736,ok
Windows-x86_64,13th Gen Intel(R) Core(TM) i9-13900H,clang-22.1.8 (https://github.com/msys2/MINGW-packages 6e4e79c2f86eeb534e324e583f2057dc9fd5ecab),TWINE-80,ref,block,512,2,3812600,262144,14.543914795,0.068757278,43.562400818,ok
Windows-x86_64,13th Gen Intel(R) Core(TM) i9-13900H,clang-22.1.8 (https://github.com/msys2/MINGW-packages 6e4e79c2f86eeb534e324e583f2057dc9fd5ecab),TWINE-80,ref,block,512,3,4098300,262144,15.633773804,0.063964083,46.826202393,ok
Windows-x86_64,13th Gen Intel(R) Core(TM) i9-13900H,clang-22.1.8 (https://github.com/msys2/MINGW-packages 6e4e79c2f86eeb534e324e583f2057dc9fd5ecab),TWINE-80,ref,block,512,4,3822100,262144,14.580154419,0.068586379,43.671157837,ok
Windows-x86_64,13th Gen Intel(R) Core(TM) i9-13900H,clang-22.1.8 (https://github.com/msys2/MINGW-packages 6e4e79c2f86eeb534e324e583f2057dc9fd5ecab),TWINE-80,ref,block,512,5,3808400,262144,14.527893066,0.068833106,43.513870239,ok
Windows-x86_64,13th Gen Intel(R) Core(TM) i9-13900H,clang-22.1.8 (https://github.com/msys2/MINGW-packages 6e4e79c2f86eeb534e324e583f2057dc9fd5ecab),TWINE-80,ref,block,512,6,3954900,262144,15.086746216,0.066283345,45.188583374,ok
Windows-x86_64,13th Gen Intel(R) Core(TM) i9-13900H,clang-22.1.8 (https://github.com/msys2/MINGW-packages 6e4e79c2f86eeb534e324e583f2057dc9fd5ecab),TWINE-80,ref,block,512,7,3781100,262144,14.423751831,0.069330089,43.202232361,ok
Windows-x86_64,13th Gen Intel(R) Core(TM) i9-13900H,clang-22.1.8 (https://github.com/msys2/MINGW-packages 6e4e79c2f86eeb534e324e583f2057dc9fd5ecab),TWINE-80,ref,block,512,8,3906900,262144,14.903640747,0.067097699,44.640686035,ok
Windows-x86_64,13th Gen Intel(R) Core(TM) i9-13900H,clang-22.1.8 (https://github.com/msys2/MINGW-packages 6e4e79c2f86eeb534e324e583f2057dc9fd5ecab),TWINE-80,ref,block,512,9,3774700,262144,14.399337769,0.069447638,43.129615784,ok
Windows-x86_64,13th Gen Intel(R) Core(TM) i9-13900H,clang-22.1.8 (https://github.com/msys2/MINGW-packages 6e4e79c2f86eeb534e324e583f2057dc9fd5ecab),TWINE-80,ref,block,512,10,3884100,262144,14.816665649,0.067491568,44.379936218,ok
Windows-x86_64,13th Gen Intel(R) Core(TM) i9-13900H,clang-22.1.8 (https://github.com/msys2/MINGW-packages 6e4e79c2f86eeb534e324e583f2057dc9fd5ecab),TWINE-80,ref,block,512,11,3787700,262144,14.448928833,0.069209283,43.278511047,ok
Windows-x86_64,13th Gen Intel(R) Core(TM) i9-13900H,clang-22.1.8 (https://github.com/msys2/MINGW-packages 6e4e79c2f86eeb534e324e583f2057dc9fd5ecab),TWINE-80,ref,block,512,12,3802500,262144,14.505386353,0.068939908,43.447135925,ok
Windows-x86_64,13th Gen Intel(R) Core(TM) i9-13900H,clang-22.1.8 (https://github.com/msys2/MINGW-packages 6e4e79c2f86eeb534e324e583f2057dc9fd5ecab),TWINE-80,ref,block,512,13,3766500,262144,14.368057251,0.069598832,43.035430908,ok
Windows-x86_64,13th Gen Intel(R) Core(TM) i9-13900H,clang-22.1.8 (https://github.com/msys2/MINGW-packages 6e4e79c2f86eeb534e324e583f2057dc9fd5ecab),TWINE-80,ref,block,512,14,3744100,262144,14.282608032,0.070015224,42.779212952,ok
Windows-x86_64,13th Gen Intel(R) Core(TM) i9-13900H,clang-22.1.8 (https://github.com/msys2/MINGW-packages 6e4e79c2f86eeb534e324e583f2057dc9fd5ecab),TWINE-80,ref,block,512,15,3869000,262144,14.759063721,0.067754975,44.207099915,ok
Windows-x86_64,13th Gen Intel(R) Core(TM) i9-13900H,clang-22.1.8 (https://github.com/msys2/MINGW-packages 6e4e79c2f86eeb534e324e583f2057dc9fd5ecab),TWINE-80,ref,block,4096,1,3875900,262144,14.785385132,0.067634356,44.288787842,ok
Windows-x86_64,13th Gen Intel(R) Core(TM) i9-13900H,clang-22.1.8 (https://github.com/msys2/MINGW-packages 6e4e79c2f86eeb534e324e583f2057dc9fd5ecab),TWINE-80,ref,block,4096,2,3764600,262144,14.360809326,0.069633958,43.014411926,ok
Windows-x86_64,13th Gen Intel(R) Core(TM) i9-13900H,clang-22.1.8 (https://github.com/msys2/MINGW-packages 6e4e79c2f86eeb534e324e583f2057dc9fd5ecab),TWINE-80,ref,block,4096,3,3611200,262144,13.775634766,0.072591936,41.261871338,ok
Windows-x86_64,13th Gen Intel(R) Core(TM) i9-13900H,clang-22.1.8 (https://github.com/msys2/MINGW-packages 6e4e79c2f86eeb534e324e583f2057dc9fd5ecab),TWINE-80,ref,block,4096,4,3548800,262144,13.537597656,0.073868350,40.548629761,ok
Windows-x86_64,13th Gen Intel(R) Core(TM) i9-13900H,clang-22.1.8 (https://github.com/msys2/MINGW-packages 6e4e79c2f86eeb534e324e583f2057dc9fd5ecab),TWINE-80,ref,block,4096,5,4069400,262144,15.523529053,0.064418342,46.496498108,ok
Windows-x86_64,13th Gen Intel(R) Core(TM) i9-13900H,clang-22.1.8 (https://github.com/msys2/MINGW-packages 6e4e79c2f86eeb534e324e583f2057dc9fd5ecab),TWINE-80,ref,block,4096,6,3998300,262144,15.252304077,0.065563865,45.684066772,ok
Windows-x86_64,13th Gen Intel(R) Core(TM) i9-13900H,clang-22.1.8 (https://github.com/msys2/MINGW-packages 6e4e79c2f86eeb534e324e583f2057dc9fd5ecab),TWINE-80,ref,block,4096,7,3856000,262144,14.709472656,0.067983402,44.058097839,ok
Windows-x86_64,13th Gen Intel(R) Core(TM) i9-13900H,clang-22.1.8 (https://github.com/msys2/MINGW-packages 6e4e79c2f86eeb534e324e583f2057dc9fd5ecab),TWINE-80,ref,block,4096,8,3876300,262144,14.786911011,0.067627377,44.290718079,ok
Windows-x86_64,13th Gen Intel(R) Core(TM) i9-13900H,clang-22.1.8 (https://github.com/msys2/MINGW-packages 6e4e79c2f86eeb534e324e583f2057dc9fd5ecab),TWINE-80,ref,block,4096,9,3793200,262144,14.469909668,0.069108932,43.341629028,ok
Windows-x86_64,13th Gen Intel(R) Core(TM) i9-13900H,clang-22.1.8 (https://github.com/msys2/MINGW-packages 6e4e79c2f86eeb534e324e583f2057dc9fd5ecab),TWINE-80,ref,block,4096,10,3921800,262144,14.960479736,0.066842776,44.810203552,ok
Windows-x86_64,13th Gen Intel(R) Core(TM) i9-13900H,clang-22.1.8 (https://github.com/msys2/MINGW-packages 6e4e79c2f86eeb534e324e583f2057dc9fd5ecab),TWINE-80,ref,block,4096,11,3815600,262144,14.555358887,0.068703218,43.596328735,ok
Windows-x86_64,13th Gen Intel(R) Core(TM) i9-13900H,clang-22.1.8 (https://github.com/msys2/MINGW-packages 6e4e79c2f86eeb534e324e583f2057dc9fd5ecab),TWINE-80,ref,block,4096,12,3652100,262144,13.931655884,0.071778976,41.728813171,ok
Windows-x86_64,13th Gen Intel(R) Core(TM) i9-13900H,clang-22.1.8 (https://github.com/msys2/MINGW-packages 6e4e79c2f86eeb534e324e583f2057dc9fd5ecab),TWINE-80,ref,block,4096,13,3788500,262144,14.451980591,0.069194668,43.288139343,ok
Windows-x86_64,13th Gen Intel(R) Core(TM) i9-13900H,clang-22.1.8 (https://github.com/msys2/MINGW-packages 6e4e79c2f86eeb534e324e583f2057dc9fd5ecab),TWINE-80,ref,block,4096,14,3786900,262144,14.445877075,0.069223903,43.269149780,ok
Windows-x86_64,13th Gen Intel(R) Core(TM) i9-13900H,clang-22.1.8 (https://github.com/msys2/MINGW-packages 6e4e79c2f86eeb534e324e583f2057dc9fd5ecab),TWINE-80,ref,block,4096,15,3757300,262144,14.332962036,0.069769249,42.930915833,ok
Windows-x86_64,13th Gen Intel(R) Core(TM) i9-13900H,clang-22.1.8 (https://github.com/msys2/MINGW-packages 6e4e79c2f86eeb534e324e583f2057dc9fd5ecab),TWINE-80,ref,block,8192,1,3799100,262144,14.492416382,0.069001606,43.410957336,ok
Windows-x86_64,13th Gen Intel(R) Core(TM) i9-13900H,clang-22.1.8 (https://github.com/msys2/MINGW-packages 6e4e79c2f86eeb534e324e583f2057dc9fd5ecab),TWINE-80,ref,block,8192,2,3871700,262144,14.769363403,0.067707725,44.237724304,ok
Windows-x86_64,13th Gen Intel(R) Core(TM) i9-13900H,clang-22.1.8 (https://github.com/msys2/MINGW-packages 6e4e79c2f86eeb534e324e583f2057dc9fd5ecab),TWINE-80,ref,block,8192,3,3837600,262144,14.639282227,0.068309360,43.848609924,ok
Windows-x86_64,13th Gen Intel(R) Core(TM) i9-13900H,clang-22.1.8 (https://github.com/msys2/MINGW-packages 6e4e79c2f86eeb534e324e583f2057dc9fd5ecab),TWINE-80,ref,block,8192,4,3729000,262144,14.225006104,0.070298740,42.607521057,ok
Windows-x86_64,13th Gen Intel(R) Core(TM) i9-13900H,clang-22.1.8 (https://github.com/msys2/MINGW-packages 6e4e79c2f86eeb534e324e583f2057dc9fd5ecab),TWINE-80,ref,block,8192,5,3839900,262144,14.648056030,0.068268444,43.874282837,ok
Windows-x86_64,13th Gen Intel(R) Core(TM) i9-13900H,clang-22.1.8 (https://github.com/msys2/MINGW-packages 6e4e79c2f86eeb534e324e583f2057dc9fd5ecab),TWINE-80,ref,block,8192,6,3851300,262144,14.691543579,0.068066367,44.004974365,ok
Windows-x86_64,13th Gen Intel(R) Core(TM) i9-13900H,clang-22.1.8 (https://github.com/msys2/MINGW-packages 6e4e79c2f86eeb534e324e583f2057dc9fd5ecab),TWINE-80,ref,block,8192,7,3953100,262144,15.079879761,0.066313526,45.168113708,ok
Windows-x86_64,13th Gen Intel(R) Core(TM) i9-13900H,clang-22.1.8 (https://github.com/msys2/MINGW-packages 6e4e79c2f86eeb534e324e583f2057dc9fd5ecab),TWINE-80,ref,block,8192,8,3805000,262144,14.514923096,0.068894612,43.477226257,ok
Windows-x86_64,13th Gen Intel(R) Core(TM) i9-13900H,clang-22.1.8 (https://github.com/msys2/MINGW-packages 6e4e79c2f86eeb534e324e583f2057dc9fd5ecab),TWINE-80,ref,block,8192,9,3676200,262144,14.023590088,0.071308416,42.004264832,ok
Windows-x86_64,13th Gen Intel(R) Core(TM) i9-13900H,clang-22.1.8 (https://github.com/msys2/MINGW-packages 6e4e79c2f86eeb534e324e583f2057dc9fd5ecab),TWINE-80,ref,block,8192,10,3959100,262144,15.102767944,0.066213028,45.236465454,ok
Windows-x86_64,13th Gen Intel(R) Core(TM) i9-13900H,clang-22.1.8 (https://github.com/msys2/MINGW-packages 6e4e79c2f86eeb534e324e583f2057dc9fd5ecab),TWINE-80,ref,block,8192,11,3818500,262144,14.566421509,0.068651041,43.630302429,ok
Windows-x86_64,13th Gen Intel(R) Core(TM) i9-13900H,clang-22.1.8 (https://github.com/msys2/MINGW-packages 6e4e79c2f86eeb534e324e583f2057dc9fd5ecab),TWINE-80,ref,block,8192,12,3815300,262144,14.554214478,0.068708621,43.593757629,ok
Windows-x86_64,13th Gen Intel(R) Core(TM) i9-13900H,clang-22.1.8 (https://github.com/msys2/MINGW-packages 6e4e79c2f86eeb534e324e583f2057dc9fd5ecab),TWINE-80,ref,block,8192,13,3888500,262144,14.833450317,0.067415199,44.430160522,ok
Windows-x86_64,13th Gen Intel(R) Core(TM) i9-13900H,clang-22.1.8 (https://github.com/msys2/MINGW-packages 6e4e79c2f86eeb534e324e583f2057dc9fd5ecab),TWINE-80,ref,block,8192,14,3791100,262144,14.461898804,0.069147213,43.316673279,ok
Windows-x86_64,13th Gen Intel(R) Core(TM) i9-13900H,clang-22.1.8 (https://github.com/msys2/MINGW-packages 6e4e79c2f86eeb534e324e583f2057dc9fd5ecab),TWINE-80,ref,block,8192,15,3728600,262144,14.223480225,0.070306281,42.602958679,ok
Windows-x86_64,13th Gen Intel(R) Core(TM) i9-13900H,clang-22.1.8 (https://github.com/msys2/MINGW-packages 6e4e79c2f86eeb534e324e583f2057dc9fd5ecab),TWINE-80,ref,block,65536,1,3928800,262144,14.987182617,0.066723682,44.898193359,ok
Windows-x86_64,13th Gen Intel(R) Core(TM) i9-13900H,clang-22.1.8 (https://github.com/msys2/MINGW-packages 6e4e79c2f86eeb534e324e583f2057dc9fd5ecab),TWINE-80,ref,block,65536,2,3865800,262144,14.746856689,0.067811061,44.170555115,ok
Windows-x86_64,13th Gen Intel(R) Core(TM) i9-13900H,clang-22.1.8 (https://github.com/msys2/MINGW-packages 6e4e79c2f86eeb534e324e583f2057dc9fd5ecab),TWINE-80,ref,block,65536,3,3936300,262144,15.015792847,0.066596550,44.975990295,ok
Windows-x86_64,13th Gen Intel(R) Core(TM) i9-13900H,clang-22.1.8 (https://github.com/msys2/MINGW-packages 6e4e79c2f86eeb534e324e583f2057dc9fd5ecab),TWINE-80,ref,block,65536,4,3898800,262144,14.872741699,0.067237099,44.547012329,ok
Windows-x86_64,13th Gen Intel(R) Core(TM) i9-13900H,clang-22.1.8 (https://github.com/msys2/MINGW-packages 6e4e79c2f86eeb534e324e583f2057dc9fd5ecab),TWINE-80,ref,block,65536,5,4012000,262144,15.304565430,0.065339980,45.840301514,ok
Windows-x86_64,13th Gen Intel(R) Core(TM) i9-13900H,clang-22.1.8 (https://github.com/msys2/MINGW-packages 6e4e79c2f86eeb534e324e583f2057dc9fd5ecab),TWINE-80,ref,block,65536,6,4050900,262144,15.452957153,0.064712533,46.286026001,ok
Windows-x86_64,13th Gen Intel(R) Core(TM) i9-13900H,clang-22.1.8 (https://github.com/msys2/MINGW-packages 6e4e79c2f86eeb534e324e583f2057dc9fd5ecab),TWINE-80,ref,block,65536,7,3857800,262144,14.716339111,0.067951682,44.079727173,ok
Windows-x86_64,13th Gen Intel(R) Core(TM) i9-13900H,clang-22.1.8 (https://github.com/msys2/MINGW-packages 6e4e79c2f86eeb534e324e583f2057dc9fd5ecab),TWINE-80,ref,block,65536,8,3654400,262144,13.940429688,0.071733800,41.756286621,ok
Windows-x86_64,13th Gen Intel(R) Core(TM) i9-13900H,clang-22.1.8 (https://github.com/msys2/MINGW-packages 6e4e79c2f86eeb534e324e583f2057dc9fd5ecab),TWINE-80,ref,block,65536,9,3873800,262144,14.777374268,0.067671021,44.262245178,ok
Windows-x86_64,13th Gen Intel(R) Core(TM) i9-13900H,clang-22.1.8 (https://github.com/msys2/MINGW-packages 6e4e79c2f86eeb534e324e583f2057dc9fd5ecab),TWINE-80,ref,block,65536,10,4062000,262144,15.495300293,0.064535697,46.411537170,ok
Windows-x86_64,13th Gen Intel(R) Core(TM) i9-13900H,clang-22.1.8 (https://github.com/msys2/MINGW-packages 6e4e79c2f86eeb534e324e583f2057dc9fd5ecab),TWINE-80,ref,block,65536,11,3900900,262144,14.880752563,0.067200902,44.572204590,ok
Windows-x86_64,13th Gen Intel(R) Core(TM) i9-13900H,clang-22.1.8 (https://github.com/msys2/MINGW-packages 6e4e79c2f86eeb534e324e583f2057dc9fd5ecab),TWINE-80,ref,block,65536,12,3940900,262144,15.033340454,0.066518815,45.029228210,ok
Windows-x86_64,13th Gen Intel(R) Core(TM) i9-13900H,clang-22.1.8 (https://github.com/msys2/MINGW-packages 6e4e79c2f86eeb534e324e583f2057dc9fd5ecab),TWINE-80,ref,block,65536,13,3875400,262144,14.783477783,0.067643082,44.280479431,ok
Windows-x86_64,13th Gen Intel(R) Core(TM) i9-13900H,clang-22.1.8 (https://github.com/msys2/MINGW-packages 6e4e79c2f86eeb534e324e583f2057dc9fd5ecab),TWINE-80,ref,block,65536,14,3836900,262144,14.636611938,0.068321822,43.841285706,ok
Windows-x86_64,13th Gen Intel(R) Core(TM) i9-13900H,clang-22.1.8 (https://github.com/msys2/MINGW-packages 6e4e79c2f86eeb534e324e583f2057dc9fd5ecab),TWINE-80,ref,block,65536,15,3782100,262144,14.427566528,0.069311758,43.214195251,ok
Windows-x86_64,13th Gen Intel(R) Core(TM) i9-13900H,clang-22.1.8 (https://github.com/msys2/MINGW-packages 6e4e79c2f86eeb534e324e583f2057dc9fd5ecab),TWINE-80,ref,block,1048576,1,15864700,1048576,15.129756927,0.066094915,45.327877045,ok
Windows-x86_64,13th Gen Intel(R) Core(TM) i9-13900H,clang-22.1.8 (https://github.com/msys2/MINGW-packages 6e4e79c2f86eeb534e324e583f2057dc9fd5ecab),TWINE-80,ref,block,1048576,2,16272100,1048576,15.518283844,0.064440115,46.480770111,ok
Windows-x86_64,13th Gen Intel(R) Core(TM) i9-13900H,clang-22.1.8 (https://github.com/msys2/MINGW-packages 6e4e79c2f86eeb534e324e583f2057dc9fd5ecab),TWINE-80,ref,block,1048576,3,16134100,1048576,15.386676788,0.064991292,46.086381912,ok
Windows-x86_64,13th Gen Intel(R) Core(TM) i9-13900H,clang-22.1.8 (https://github.com/msys2/MINGW-packages 6e4e79c2f86eeb534e324e583f2057dc9fd5ecab),TWINE-80,ref,block,1048576,4,15574600,1048576,14.853096008,0.067326031,44.488487244,ok
Windows-x86_64,13th Gen Intel(R) Core(TM) i9-13900H,clang-22.1.8 (https://github.com/msys2/MINGW-packages 6e4e79c2f86eeb534e324e583f2057dc9fd5ecab),TWINE-80,ref,block,1048576,5,16302700,1048576,15.547466278,0.064319162,46.568279266,ok
Windows-x86_64,13th Gen Intel(R) Core(TM) i9-13900H,clang-22.1.8 (https://github.com/msys2/MINGW-packages 6e4e79c2f86eeb534e324e583f2057dc9fd5ecab),TWINE-80,ref,block,1048576,6,15752700,1048576,15.022945404,0.066564843,44.996959686,ok
Windows-x86_64,13th Gen Intel(R) Core(TM) i9-13900H,clang-22.1.8 (https://github.com/msys2/MINGW-packages 6e4e79c2f86eeb534e324e583f2057dc9fd5ecab),TWINE-80,ref,block,1048576,7,16038000,1048576,15.295028687,0.065380721,45.811845779,ok
Windows-x86_64,13th Gen Intel(R) Core(TM) i9-13900H,clang-22.1.8 (https://github.com/msys2/MINGW-packages 6e4e79c2f86eeb534e324e583f2057dc9fd5ecab),TWINE-80,ref,block,1048576,8,16231900,1048576,15.479946136,0.064599708,46.365766525,ok
Windows-x86_64,13th Gen Intel(R) Core(TM) i9-13900H,clang-22.1.8 (https://github.com/msys2/MINGW-packages 6e4e79c2f86eeb534e324e583f2057dc9fd5ecab),TWINE-80,ref,block,1048576,9,16343900,1048576,15.586757660,0.064157025,46.685770988,ok
Windows-x86_64,13th Gen Intel(R) Core(TM) i9-13900H,clang-22.1.8 (https://github.com/msys2/MINGW-packages 6e4e79c2f86eeb534e324e583f2057dc9fd5ecab),TWINE-80,ref,block,1048576,10,18142300,1048576,17.301845551,0.057797302,51.822749138,ok
Windows-x86_64,13th Gen Intel(R) Core(TM) i9-13900H,clang-22.1.8 (https://github.com/msys2/MINGW-packages 6e4e79c2f86eeb534e324e583f2057dc9fd5ecab),TWINE-80,ref,block,1048576,11,14985300,1048576,14.291095734,0.069973641,42.805078506,ok
Windows-x86_64,13th Gen Intel(R) Core(TM) i9-13900H,clang-22.1.8 (https://github.com/msys2/MINGW-packages 6e4e79c2f86eeb534e324e583f2057dc9fd5ecab),TWINE-80,ref,block,1048576,12,15879100,1048576,15.143489838,0.066034977,45.358270645,ok
Windows-x86_64,13th Gen Intel(R) Core(TM) i9-13900H,clang-22.1.8 (https://github.com/msys2/MINGW-packages 6e4e79c2f86eeb534e324e583f2057dc9fd5ecab),TWINE-80,ref,block,1048576,13,15782000,1048576,15.050888062,0.066441262,45.080707550,ok
Windows-x86_64,13th Gen Intel(R) Core(TM) i9-13900H,clang-22.1.8 (https://github.com/msys2/MINGW-packages 6e4e79c2f86eeb534e324e583f2057dc9fd5ecab),TWINE-80,ref,block,1048576,14,16107700,1048576,15.361499786,0.065097810,46.010934830,ok
Windows-x86_64,13th Gen Intel(R) Core(TM) i9-13900H,clang-22.1.8 (https://github.com/msys2/MINGW-packages 6e4e79c2f86eeb534e324e583f2057dc9fd5ecab),TWINE-80,ref,block,1048576,15,15904100,1048576,15.167331696,0.065931175,45.429481506,ok
Windows-x86_64,13th Gen Intel(R) Core(TM) i9-13900H,clang-22.1.8 (https://github.com/msys2/MINGW-packages 6e4e79c2f86eeb534e324e583f2057dc9fd5ecab),TWINE-80,shuffle,block,64,1,813000,262144,3.101348877,0.322440344,9.291488647,ok
Windows-x86_64,13th Gen Intel(R) Core(TM) i9-13900H,clang-22.1.8 (https://github.com/msys2/MINGW-packages 6e4e79c2f86eeb534e324e583f2057dc9fd5ecab),TWINE-80,shuffle,block,64,2,797500,262144,3.042221069,0.328707210,9.112792969,ok
Windows-x86_64,13th Gen Intel(R) Core(TM) i9-13900H,clang-22.1.8 (https://github.com/msys2/MINGW-packages 6e4e79c2f86eeb534e324e583f2057dc9fd5ecab),TWINE-80,shuffle,block,64,3,794600,262144,3.031158447,0.329906871,9.079994202,ok
Windows-x86_64,13th Gen Intel(R) Core(TM) i9-13900H,clang-22.1.8 (https://github.com/msys2/MINGW-packages 6e4e79c2f86eeb534e324e583f2057dc9fd5ecab),TWINE-80,shuffle,block,64,4,784700,262144,2.993392944,0.334069071,8.967346191,ok
Windows-x86_64,13th Gen Intel(R) Core(TM) i9-13900H,clang-22.1.8 (https://github.com/msys2/MINGW-packages 6e4e79c2f86eeb534e324e583f2057dc9fd5ecab),TWINE-80,shuffle,block,64,5,795500,262144,3.034591675,0.329533627,9.090591431,ok
Windows-x86_64,13th Gen Intel(R) Core(TM) i9-13900H,clang-22.1.8 (https://github.com/msys2/MINGW-packages 6e4e79c2f86eeb534e324e583f2057dc9fd5ecab),TWINE-80,shuffle,block,64,6,772500,262144,2.946853638,0.339344984,8.827354431,ok
Windows-x86_64,13th Gen Intel(R) Core(TM) i9-13900H,clang-22.1.8 (https://github.com/msys2/MINGW-packages 6e4e79c2f86eeb534e324e583f2057dc9fd5ecab),TWINE-80,shuffle,block,64,7,757400,262144,2.889251709,0.346110378,8.653778076,ok
Windows-x86_64,13th Gen Intel(R) Core(TM) i9-13900H,clang-22.1.8 (https://github.com/msys2/MINGW-packages 6e4e79c2f86eeb534e324e583f2057dc9fd5ecab),TWINE-80,shuffle,block,64,8,757300,262144,2.888870239,0.346156081,8.653274536,ok
Windows-x86_64,13th Gen Intel(R) Core(TM) i9-13900H,clang-22.1.8 (https://github.com/msys2/MINGW-packages 6e4e79c2f86eeb534e324e583f2057dc9fd5ecab),TWINE-80,shuffle,block,64,9,759800,262144,2.898406982,0.345017110,8.682525635,ok
Windows-x86_64,13th Gen Intel(R) Core(TM) i9-13900H,clang-22.1.8 (https://github.com/msys2/MINGW-packages 6e4e79c2f86eeb534e324e583f2057dc9fd5ecab),TWINE-80,shuffle,block,64,10,757100,262144,2.888107300,0.346247523,8.651016235,ok
Windows-x86_64,13th Gen Intel(R) Core(TM) i9-13900H,clang-22.1.8 (https://github.com/msys2/MINGW-packages 6e4e79c2f86eeb534e324e583f2057dc9fd5ecab),TWINE-80,shuffle,block,64,11,763300,262144,2.911758423,0.343435085,8.721351624,ok
Windows-x86_64,13th Gen Intel(R) Core(TM) i9-13900H,clang-22.1.8 (https://github.com/msys2/MINGW-packages 6e4e79c2f86eeb534e324e583f2057dc9fd5ecab),TWINE-80,shuffle,block,64,12,756400,262144,2.885437012,0.346567953,8.643402100,ok
Windows-x86_64,13th Gen Intel(R) Core(TM) i9-13900H,clang-22.1.8 (https://github.com/msys2/MINGW-packages 6e4e79c2f86eeb534e324e583f2057dc9fd5ecab),TWINE-80,shuffle,block,64,13,768700,262144,2.932357788,0.341022506,8.782615662,ok
Windows-x86_64,13th Gen Intel(R) Core(TM) i9-13900H,clang-22.1.8 (https://github.com/msys2/MINGW-packages 6e4e79c2f86eeb534e324e583f2057dc9fd5ecab),TWINE-80,shuffle,block,64,14,777300,262144,2.965164185,0.337249453,8.882720947,ok
Windows-x86_64,13th Gen Intel(R) Core(TM) i9-13900H,clang-22.1.8 (https://github.com/msys2/MINGW-packages 6e4e79c2f86eeb534e324e583f2057dc9fd5ecab),TWINE-80,shuffle,block,64,15,820600,262144,3.130340576,0.319454058,9.375549316,ok
Windows-x86_64,13th Gen Intel(R) Core(TM) i9-13900H,clang-22.1.8 (https://github.com/msys2/MINGW-packages 6e4e79c2f86eeb534e324e583f2057dc9fd5ecab),TWINE-80,shuffle,block,512,1,755000,262144,2.880096436,0.347210596,8.628242493,ok
Windows-x86_64,13th Gen Intel(R) Core(TM) i9-13900H,clang-22.1.8 (https://github.com/msys2/MINGW-packages 6e4e79c2f86eeb534e324e583f2057dc9fd5ecab),TWINE-80,shuffle,block,512,2,752400,262144,2.870178223,0.348410420,8.597778320,ok
Windows-x86_64,13th Gen Intel(R) Core(TM) i9-13900H,clang-22.1.8 (https://github.com/msys2/MINGW-packages 6e4e79c2f86eeb534e324e583f2057dc9fd5ecab),TWINE-80,shuffle,block,512,3,755700,262144,2.882766724,0.346888977,8.634994507,ok
Windows-x86_64,13th Gen Intel(R) Core(TM) i9-13900H,clang-22.1.8 (https://github.com/msys2/MINGW-packages 6e4e79c2f86eeb534e324e583f2057dc9fd5ecab),TWINE-80,shuffle,block,512,4,751800,262144,2.867889404,0.348688481,8.591300964,ok
Windows-x86_64,13th Gen Intel(R) Core(TM) i9-13900H,clang-22.1.8 (https://github.com/msys2/MINGW-packages 6e4e79c2f86eeb534e324e583f2057dc9fd5ecab),TWINE-80,shuffle,block,512,5,752400,262144,2.870178223,0.348410420,8.597038269,ok
Windows-x86_64,13th Gen Intel(R) Core(TM) i9-13900H,clang-22.1.8 (https://github.com/msys2/MINGW-packages 6e4e79c2f86eeb534e324e583f2057dc9fd5ecab),TWINE-80,shuffle,block,512,6,755800,262144,2.883148193,0.346843080,8.636085510,ok
Windows-x86_64,13th Gen Intel(R) Core(TM) i9-13900H,clang-22.1.8 (https://github.com/msys2/MINGW-packages 6e4e79c2f86eeb534e324e583f2057dc9fd5ecab),TWINE-80,shuffle,block,512,7,760600,262144,2.901458740,0.344654220,8.690467834,ok
Windows-x86_64,13th Gen Intel(R) Core(TM) i9-13900H,clang-22.1.8 (https://github.com/msys2/MINGW-packages 6e4e79c2f86eeb534e324e583f2057dc9fd5ecab),TWINE-80,shuffle,block,512,8,762400,262144,2.908325195,0.343840504,8.711990356,ok
Windows-x86_64,13th Gen Intel(R) Core(TM) i9-13900H,clang-22.1.8 (https://github.com/msys2/MINGW-packages 6e4e79c2f86eeb534e324e583f2057dc9fd5ecab),TWINE-80,shuffle,block,512,9,751900,262144,2.868270874,0.348642107,8.592498779,ok
Windows-x86_64,13th Gen Intel(R) Core(TM) i9-13900H,clang-22.1.8 (https://github.com/msys2/MINGW-packages 6e4e79c2f86eeb534e324e583f2057dc9fd5ecab),TWINE-80,shuffle,block,512,10,752300,262144,2.869796753,0.348456733,8.596321106,ok
Windows-x86_64,13th Gen Intel(R) Core(TM) i9-13900H,clang-22.1.8 (https://github.com/msys2/MINGW-packages 6e4e79c2f86eeb534e324e583f2057dc9fd5ecab),TWINE-80,shuffle,block,512,11,755100,262144,2.880477905,0.347164614,8.628196716,ok
Windows-x86_64,13th Gen Intel(R) Core(TM) i9-13900H,clang-22.1.8 (https://github.com/msys2/MINGW-packages 6e4e79c2f86eeb534e324e583f2057dc9fd5ecab),TWINE-80,shuffle,block,512,12,752500,262144,2.870559692,0.348364120,8.597846985,ok
Windows-x86_64,13th Gen Intel(R) Core(TM) i9-13900H,clang-22.1.8 (https://github.com/msys2/MINGW-packages 6e4e79c2f86eeb534e324e583f2057dc9fd5ecab),TWINE-80,shuffle,block,512,13,754000,262144,2.876281738,0.347671088,8.615730286,ok
Windows-x86_64,13th Gen Intel(R) Core(TM) i9-13900H,clang-22.1.8 (https://github.com/msys2/MINGW-packages 6e4e79c2f86eeb534e324e583f2057dc9fd5ecab),TWINE-80,shuffle,block,512,14,752200,262144,2.869415283,0.348503058,8.595741272,ok
Windows-x86_64,13th Gen Intel(R) Core(TM) i9-13900H,clang-22.1.8 (https://github.com/msys2/MINGW-packages 6e4e79c2f86eeb534e324e583f2057dc9fd5ecab),TWINE-80,shuffle,block,512,15,769200,262144,2.934265137,0.340800832,8.789413452,ok
Windows-x86_64,13th Gen Intel(R) Core(TM) i9-13900H,clang-22.1.8 (https://github.com/msys2/MINGW-packages 6e4e79c2f86eeb534e324e583f2057dc9fd5ecab),TWINE-80,shuffle,block,4096,1,756300,262144,2.885055542,0.346613778,8.645683289,ok
Windows-x86_64,13th Gen Intel(R) Core(TM) i9-13900H,clang-22.1.8 (https://github.com/msys2/MINGW-packages 6e4e79c2f86eeb534e324e583f2057dc9fd5ecab),TWINE-80,shuffle,block,4096,2,751700,262144,2.867507935,0.348734868,8.589508057,ok
Windows-x86_64,13th Gen Intel(R) Core(TM) i9-13900H,clang-22.1.8 (https://github.com/msys2/MINGW-packages 6e4e79c2f86eeb534e324e583f2057dc9fd5ecab),TWINE-80,shuffle,block,4096,3,755400,262144,2.881622314,0.347026741,8.631790161,ok
Windows-x86_64,13th Gen Intel(R) Core(TM) i9-13900H,clang-22.1.8 (https://github.com/msys2/MINGW-packages 6e4e79c2f86eeb534e324e583f2057dc9fd5ecab),TWINE-80,shuffle,block,4096,4,758000,262144,2.891540527,0.345836412,8.660858154,ok
Windows-x86_64,13th Gen Intel(R) Core(TM) i9-13900H,clang-22.1.8 (https://github.com/msys2/MINGW-packages 6e4e79c2f86eeb534e324e583f2057dc9fd5ecab),TWINE-80,shuffle,block,4096,5,761400,262144,2.904510498,0.344292094,8.700050354,ok
Windows-x86_64,13th Gen Intel(R) Core(TM) i9-13900H,clang-22.1.8 (https://github.com/msys2/MINGW-packages 6e4e79c2f86eeb534e324e583f2057dc9fd5ecab),TWINE-80,shuffle,block,4096,6,758200,262144,2.892303467,0.345745186,8.663169861,ok
Windows-x86_64,13th Gen Intel(R) Core(TM) i9-13900H,clang-22.1.8 (https://github.com/msys2/MINGW-packages 6e4e79c2f86eeb534e324e583f2057dc9fd5ecab),TWINE-80,shuffle,block,4096,7,773400,262144,2.950286865,0.338950091,8.837471008,ok
Windows-x86_64,13th Gen Intel(R) Core(TM) i9-13900H,clang-22.1.8 (https://github.com/msys2/MINGW-packages 6e4e79c2f86eeb534e324e583f2057dc9fd5ecab),TWINE-80,shuffle,block,4096,8,766100,262144,2.922439575,0.342179872,8.754356384,ok
Windows-x86_64,13th Gen Intel(R) Core(TM) i9-13900H,clang-22.1.8 (https://github.com/msys2/MINGW-packages 6e4e79c2f86eeb534e324e583f2057dc9fd5ecab),TWINE-80,shuffle,block,4096,9,776100,262144,2.960586548,0.337770906,8.867431641,ok
Windows-x86_64,13th Gen Intel(R) Core(TM) i9-13900H,clang-22.1.8 (https://github.com/msys2/MINGW-packages 6e4e79c2f86eeb534e324e583f2057dc9fd5ecab),TWINE-80,shuffle,block,4096,10,775300,262144,2.957534790,0.338119438,8.858757019,ok
Windows-x86_64,13th Gen Intel(R) Core(TM) i9-13900H,clang-22.1.8 (https://github.com/msys2/MINGW-packages 6e4e79c2f86eeb534e324e583f2057dc9fd5ecab),TWINE-80,shuffle,block,4096,11,767900,262144,2.929306030,0.341377784,8.774749756,ok
Windows-x86_64,13th Gen Intel(R) Core(TM) i9-13900H,clang-22.1.8 (https://github.com/msys2/MINGW-packages 6e4e79c2f86eeb534e324e583f2057dc9fd5ecab),TWINE-80,shuffle,block,4096,12,765400,262144,2.919769287,0.342492814,8.746719360,ok
Windows-x86_64,13th Gen Intel(R) Core(TM) i9-13900H,clang-22.1.8 (https://github.com/msys2/MINGW-packages 6e4e79c2f86eeb534e324e583f2057dc9fd5ecab),TWINE-80,shuffle,block,4096,13,778900,262144,2.971267700,0.336556683,8.901161194,ok
Windows-x86_64,13th Gen Intel(R) Core(TM) i9-13900H,clang-22.1.8 (https://github.com/msys2/MINGW-packages 6e4e79c2f86eeb534e324e583f2057dc9fd5ecab),TWINE-80,shuffle,block,4096,14,778300,262144,2.968978882,0.336816138,8.894119263,ok
Windows-x86_64,13th Gen Intel(R) Core(TM) i9-13900H,clang-22.1.8 (https://github.com/msys2/MINGW-packages 6e4e79c2f86eeb534e324e583f2057dc9fd5ecab),TWINE-80,shuffle,block,4096,15,754000,262144,2.876281738,0.347671088,8.615798950,ok
Windows-x86_64,13th Gen Intel(R) Core(TM) i9-13900H,clang-22.1.8 (https://github.com/msys2/MINGW-packages 6e4e79c2f86eeb534e324e583f2057dc9fd5ecab),TWINE-80,shuffle,block,8192,1,762300,262144,2.907943726,0.343885609,8.711784363,ok
Windows-x86_64,13th Gen Intel(R) Core(TM) i9-13900H,clang-22.1.8 (https://github.com/msys2/MINGW-packages 6e4e79c2f86eeb534e324e583f2057dc9fd5ecab),TWINE-80,shuffle,block,8192,2,765600,262144,2.920532227,0.342403344,8.748031616,ok
Windows-x86_64,13th Gen Intel(R) Core(TM) i9-13900H,clang-22.1.8 (https://github.com/msys2/MINGW-packages 6e4e79c2f86eeb534e324e583f2057dc9fd5ecab),TWINE-80,shuffle,block,8192,3,890300,262144,3.396224976,0.294444569,10.173645020,ok
Windows-x86_64,13th Gen Intel(R) Core(TM) i9-13900H,clang-22.1.8 (https://github.com/msys2/MINGW-packages 6e4e79c2f86eeb534e324e583f2057dc9fd5ecab),TWINE-80,shuffle,block,8192,4,751100,262144,2.865219116,0.349013447,8.582641602,ok
Windows-x86_64,13th Gen Intel(R) Core(TM) i9-13900H,clang-22.1.8 (https://github.com/msys2/MINGW-packages 6e4e79c2f86eeb534e324e583f2057dc9fd5ecab),TWINE-80,shuffle,block,8192,5,751600,262144,2.867126465,0.348781267,8.587982178,ok
Windows-x86_64,13th Gen Intel(R) Core(TM) i9-13900H,clang-22.1.8 (https://github.com/msys2/MINGW-packages 6e4e79c2f86eeb534e324e583f2057dc9fd5ecab),TWINE-80,shuffle,block,8192,6,747300,262144,2.850723267,0.350788171,8.538742065,ok
Windows-x86_64,13th Gen Intel(R) Core(TM) i9-13900H,clang-22.1.8 (https://github.com/msys2/MINGW-packages 6e4e79c2f86eeb534e324e583f2057dc9fd5ecab),TWINE-80,shuffle,block,8192,7,751300,262144,2.865982056,0.348920538,8.584564209,ok
Windows-x86_64,13th Gen Intel(R) Core(TM) i9-13900H,clang-22.1.8 (https://github.com/msys2/MINGW-packages 6e4e79c2f86eeb534e324e583f2057dc9fd5ecab),TWINE-80,shuffle,block,8192,8,744100,262144,2.838516235,0.352296734,8.501800537,ok
Windows-x86_64,13th Gen Intel(R) Core(TM) i9-13900H,clang-22.1.8 (https://github.com/msys2/MINGW-packages 6e4e79c2f86eeb534e324e583f2057dc9fd5ecab),TWINE-80,shuffle,block,8192,9,730300,262144,2.785873413,0.358953855,8.344741821,ok
Windows-x86_64,13th Gen Intel(R) Core(TM) i9-13900H,clang-22.1.8 (https://github.com/msys2/MINGW-packages 6e4e79c2f86eeb534e324e583f2057dc9fd5ecab),TWINE-80,shuffle,block,8192,10,734400,262144,2.801513672,0.356949891,8.391029358,ok
Windows-x86_64,13th Gen Intel(R) Core(TM) i9-13900H,clang-22.1.8 (https://github.com/msys2/MINGW-packages 6e4e79c2f86eeb534e324e583f2057dc9fd5ecab),TWINE-80,shuffle,block,8192,11,751800,262144,2.867889404,0.348688481,8.590278625,ok
Windows-x86_64,13th Gen Intel(R) Core(TM) i9-13900H,clang-22.1.8 (https://github.com/msys2/MINGW-packages 6e4e79c2f86eeb534e324e583f2057dc9fd5ecab),TWINE-80,shuffle,block,8192,12,759500,262144,2.897262573,0.345153390,8.678581238,ok
Windows-x86_64,13th Gen Intel(R) Core(TM) i9-13900H,clang-22.1.8 (https://github.com/msys2/MINGW-packages 6e4e79c2f86eeb534e324e583f2057dc9fd5ecab),TWINE-80,shuffle,block,8192,13,759500,262144,2.897262573,0.345153390,8.679206848,ok
Windows-x86_64,13th Gen Intel(R) Core(TM) i9-13900H,clang-22.1.8 (https://github.com/msys2/MINGW-packages 6e4e79c2f86eeb534e324e583f2057dc9fd5ecab),TWINE-80,shuffle,block,8192,14,766200,262144,2.922821045,0.342135213,8.755813599,ok
Windows-x86_64,13th Gen Intel(R) Core(TM) i9-13900H,clang-22.1.8 (https://github.com/msys2/MINGW-packages 6e4e79c2f86eeb534e324e583f2057dc9fd5ecab),TWINE-80,shuffle,block,8192,15,770800,262144,2.940368652,0.340093409,8.807212830,ok
Windows-x86_64,13th Gen Intel(R) Core(TM) i9-13900H,clang-22.1.8 (https://github.com/msys2/MINGW-packages 6e4e79c2f86eeb534e324e583f2057dc9fd5ecab),TWINE-80,shuffle,block,65536,1,756200,262144,2.884674072,0.346659614,8.641471863,ok
Windows-x86_64,13th Gen Intel(R) Core(TM) i9-13900H,clang-22.1.8 (https://github.com/msys2/MINGW-packages 6e4e79c2f86eeb534e324e583f2057dc9fd5ecab),TWINE-80,shuffle,block,65536,2,749400,262144,2.858734131,0.349805177,8.562591553,ok
Windows-x86_64,13th Gen Intel(R) Core(TM) i9-13900H,clang-22.1.8 (https://github.com/msys2/MINGW-packages 6e4e79c2f86eeb534e324e583f2057dc9fd5ecab),TWINE-80,shuffle,block,65536,3,738800,262144,2.818298340,0.354824039,8.441375732,ok
Windows-x86_64,13th Gen Intel(R) Core(TM) i9-13900H,clang-22.1.8 (https://github.com/msys2/MINGW-packages 6e4e79c2f86eeb534e324e583f2057dc9fd5ecab),TWINE-80,shuffle,block,65536,4,733000,262144,2.796173096,0.357631651,8.376136780,ok
Windows-x86_64,13th Gen Intel(R) Core(TM) i9-13900H,clang-22.1.8 (https://github.com/msys2/MINGW-packages 6e4e79c2f86eeb534e324e583f2057dc9fd5ecab),TWINE-80,shuffle,block,65536,5,736500,262144,2.809524536,0.355932111,8.416198730,ok
Windows-x86_64,13th Gen Intel(R) Core(TM) i9-13900H,clang-22.1.8 (https://github.com/msys2/MINGW-packages 6e4e79c2f86eeb534e324e583f2057dc9fd5ecab),TWINE-80,shuffle,block,65536,6,730600,262144,2.787017822,0.358806460,8.348007202,ok
Windows-x86_64,13th Gen Intel(R) Core(TM) i9-13900H,clang-22.1.8 (https://github.com/msys2/MINGW-packages 6e4e79c2f86eeb534e324e583f2057dc9fd5ecab),TWINE-80,shuffle,block,65536,7,750300,262144,2.862167358,0.349385579,8.573455811,ok
Windows-x86_64,13th Gen Intel(R) Core(TM) i9-13900H,clang-22.1.8 (https://github.com/msys2/MINGW-packages 6e4e79c2f86eeb534e324e583f2057dc9fd5ecab),TWINE-80,shuffle,block,65536,8,755900,262144,2.883529663,0.346797195,8.637741089,ok
Windows-x86_64,13th Gen Intel(R) Core(TM) i9-13900H,clang-22.1.8 (https://github.com/msys2/MINGW-packages 6e4e79c2f86eeb534e324e583f2057dc9fd5ecab),TWINE-80,shuffle,block,65536,9,746700,262144,2.848434448,0.351070042,8.531997681,ok
Windows-x86_64,13th Gen Intel(R) Core(TM) i9-13900H,clang-22.1.8 (https://github.com/msys2/MINGW-packages 6e4e79c2f86eeb534e324e583f2057dc9fd5ecab),TWINE-80,shuffle,block,65536,10,761300,262144,2.904129028,0.344337318,8.698455811,ok
Windows-x86_64,13th Gen Intel(R) Core(TM) i9-13900H,clang-22.1.8 (https://github.com/msys2/MINGW-packages 6e4e79c2f86eeb534e324e583f2057dc9fd5ecab),TWINE-80,shuffle,block,65536,11,764400,262144,2.915954590,0.342940869,8.734878540,ok
Windows-x86_64,13th Gen Intel(R) Core(TM) i9-13900H,clang-22.1.8 (https://github.com/msys2/MINGW-packages 6e4e79c2f86eeb534e324e583f2057dc9fd5ecab),TWINE-80,shuffle,block,65536,12,756800,262144,2.886962891,0.346384778,8.648330688,ok
Windows-x86_64,13th Gen Intel(R) Core(TM) i9-13900H,clang-22.1.8 (https://github.com/msys2/MINGW-packages 6e4e79c2f86eeb534e324e583f2057dc9fd5ecab),TWINE-80,shuffle,block,65536,13,746500,262144,2.847671509,0.351164099,8.530273438,ok
Windows-x86_64,13th Gen Intel(R) Core(TM) i9-13900H,clang-22.1.8 (https://github.com/msys2/MINGW-packages 6e4e79c2f86eeb534e324e583f2057dc9fd5ecab),TWINE-80,shuffle,block,65536,14,746500,262144,2.847671509,0.351164099,8.530609131,ok
Windows-x86_64,13th Gen Intel(R) Core(TM) i9-13900H,clang-22.1.8 (https://github.com/msys2/MINGW-packages 6e4e79c2f86eeb534e324e583f2057dc9fd5ecab),TWINE-80,shuffle,block,65536,15,749200,262144,2.857971191,0.349898558,8.561035156,ok
Windows-x86_64,13th Gen Intel(R) Core(TM) i9-13900H,clang-22.1.8 (https://github.com/msys2/MINGW-packages 6e4e79c2f86eeb534e324e583f2057dc9fd5ecab),TWINE-80,shuffle,block,1048576,1,2949000,1048576,2.812385559,0.355570024,8.430932045,ok
Windows-x86_64,13th Gen Intel(R) Core(TM) i9-13900H,clang-22.1.8 (https://github.com/msys2/MINGW-packages 6e4e79c2f86eeb534e324e583f2057dc9fd5ecab),TWINE-80,shuffle,block,1048576,2,2879700,1048576,2.746295929,0.364126819,8.225818634,ok
Windows-x86_64,13th Gen Intel(R) Core(TM) i9-13900H,clang-22.1.8 (https://github.com/msys2/MINGW-packages 6e4e79c2f86eeb534e324e583f2057dc9fd5ecab),TWINE-80,shuffle,block,1048576,3,2929700,1048576,2.793979645,0.357912414,8.368677139,ok
Windows-x86_64,13th Gen Intel(R) Core(TM) i9-13900H,clang-22.1.8 (https://github.com/msys2/MINGW-packages 6e4e79c2f86eeb534e324e583f2057dc9fd5ecab),TWINE-80,shuffle,block,1048576,4,3105000,1048576,2.961158752,0.337705636,8.869514465,ok
Windows-x86_64,13th Gen Intel(R) Core(TM) i9-13900H,clang-22.1.8 (https://github.com/msys2/MINGW-packages 6e4e79c2f86eeb534e324e583f2057dc9fd5ecab),TWINE-80,shuffle,block,1048576,5,3083500,1048576,2.940654755,0.340060321,8.808032990,ok
Windows-x86_64,13th Gen Intel(R) Core(TM) i9-13900H,clang-22.1.8 (https://github.com/msys2/MINGW-packages 6e4e79c2f86eeb534e324e583f2057dc9fd5ecab),TWINE-80,shuffle,block,1048576,6,3072900,1048576,2.930545807,0.341233363,8.777523041,ok
Windows-x86_64,13th Gen Intel(R) Core(TM) i9-13900H,clang-22.1.8 (https://github.com/msys2/MINGW-packages 6e4e79c2f86eeb534e324e583f2057dc9fd5ecab),TWINE-80,shuffle,block,1048576,7,3031700,1048576,2.891254425,0.345870634,8.660041809,ok
Windows-x86_64,13th Gen Intel(R) Core(TM) i9-13900H,clang-22.1.8 (https://github.com/msys2/MINGW-packages 6e4e79c2f86eeb534e324e583f2057dc9fd5ecab),TWINE-80,shuffle,block,1048576,8,3043000,1048576,2.902030945,0.344586264,8.692188263,ok
Windows-x86_64,13th Gen Intel(R) Core(TM) i9-13900H,clang-22.1.8 (https://github.com/msys2/MINGW-packages 6e4e79c2f86eeb534e324e583f2057dc9fd5ecab),TWINE-80,shuffle,block,1048576,9,3053300,1048576,2.911853790,0.343423837,8.721912384,ok
Windows-x86_64,13th Gen Intel(R) Core(TM) i9-13900H,clang-22.1.8 (https://github.com/msys2/MINGW-packages 6e4e79c2f86eeb534e324e583f2057dc9fd5ecab),TWINE-80,shuffle,block,1048576,10,3011800,1048576,2.872276306,0.348155920,8.603233337,ok
Windows-x86_64,13th Gen Intel(R) Core(TM) i9-13900H,clang-22.1.8 (https://github.com/msys2/MINGW-packages 6e4e79c2f86eeb534e324e583f2057dc9fd5ecab),TWINE-80,shuffle,block,1048576,11,2999800,1048576,2.860832214,0.349548637,8.568946838,ok
Windows-x86_64,13th Gen Intel(R) Core(TM) i9-13900H,clang-22.1.8 (https://github.com/msys2/MINGW-packages 6e4e79c2f86eeb534e324e583f2057dc9fd5ecab),TWINE-80,shuffle,block,1048576,12,3002500,1048576,2.863407135,0.349234305,8.576675415,ok
Windows-x86_64,13th Gen Intel(R) Core(TM) i9-13900H,clang-22.1.8 (https://github.com/msys2/MINGW-packages 6e4e79c2f86eeb534e324e583f2057dc9fd5ecab),TWINE-80,shuffle,block,1048576,13,2991800,1048576,2.853202820,0.350483321,8.546031952,ok
Windows-x86_64,13th Gen Intel(R) Core(TM) i9-13900H,clang-22.1.8 (https://github.com/msys2/MINGW-packages 6e4e79c2f86eeb534e324e583f2057dc9fd5ecab),TWINE-80,shuffle,block,1048576,14,3057600,1048576,2.915954590,0.342940869,8.733873367,ok
Windows-x86_64,13th Gen Intel(R) Core(TM) i9-13900H,clang-22.1.8 (https://github.com/msys2/MINGW-packages 6e4e79c2f86eeb534e324e583f2057dc9fd5ecab),TWINE-80,shuffle,block,1048576,15,3123000,1048576,2.978324890,0.335759206,8.921144485,ok
Windows-x86_64,13th Gen Intel(R) Core(TM) i9-13900H,clang-22.1.8 (https://github.com/msys2/MINGW-packages 6e4e79c2f86eeb534e324e583f2057dc9fd5ecab),TWINE-128,ref,block,64,1,4160200,262144,15.869903564,0.063012355,47.549495697,ok
Windows-x86_64,13th Gen Intel(R) Core(TM) i9-13900H,clang-22.1.8 (https://github.com/msys2/MINGW-packages 6e4e79c2f86eeb534e324e583f2057dc9fd5ecab),TWINE-128,ref,block,64,2,3802000,262144,14.503479004,0.068948974,43.441532135,ok
Windows-x86_64,13th Gen Intel(R) Core(TM) i9-13900H,clang-22.1.8 (https://github.com/msys2/MINGW-packages 6e4e79c2f86eeb534e324e583f2057dc9fd5ecab),TWINE-128,ref,block,64,3,3278100,262144,12.504959106,0.079968274,37.455696106,ok
Windows-x86_64,13th Gen Intel(R) Core(TM) i9-13900H,clang-22.1.8 (https://github.com/msys2/MINGW-packages 6e4e79c2f86eeb534e324e583f2057dc9fd5ecab),TWINE-128,ref,block,64,4,3640200,262144,13.886260986,0.072013626,41.593330383,ok
Windows-x86_64,13th Gen Intel(R) Core(TM) i9-13900H,clang-22.1.8 (https://github.com/msys2/MINGW-packages 6e4e79c2f86eeb534e324e583f2057dc9fd5ecab),TWINE-128,ref,block,64,5,3893000,262144,14.850616455,0.067337272,44.481086731,ok
Windows-x86_64,13th Gen Intel(R) Core(TM) i9-13900H,clang-22.1.8 (https://github.com/msys2/MINGW-packages 6e4e79c2f86eeb534e324e583f2057dc9fd5ecab),TWINE-128,ref,block,64,6,4058300,262144,15.481185913,0.064594535,46.369537354,ok
Windows-x86_64,13th Gen Intel(R) Core(TM) i9-13900H,clang-22.1.8 (https://github.com/msys2/MINGW-packages 6e4e79c2f86eeb534e324e583f2057dc9fd5ecab),TWINE-128,ref,block,64,7,3924200,262144,14.969635010,0.066801896,44.837463379,ok
Windows-x86_64,13th Gen Intel(R) Core(TM) i9-13900H,clang-22.1.8 (https://github.com/msys2/MINGW-packages 6e4e79c2f86eeb534e324e583f2057dc9fd5ecab),TWINE-128,ref,block,64,8,3923500,262144,14.966964722,0.066813814,44.829566956,ok
Windows-x86_64,13th Gen Intel(R) Core(TM) i9-13900H,clang-22.1.8 (https://github.com/msys2/MINGW-packages 6e4e79c2f86eeb534e324e583f2057dc9fd5ecab),TWINE-128,ref,block,64,9,3839300,262144,14.645767212,0.068279113,43.868026733,ok
Windows-x86_64,13th Gen Intel(R) Core(TM) i9-13900H,clang-22.1.8 (https://github.com/msys2/MINGW-packages 6e4e79c2f86eeb534e324e583f2057dc9fd5ecab),TWINE-128,ref,block,64,10,3803600,262144,14.509582520,0.068919971,43.460060120,ok
Windows-x86_64,13th Gen Intel(R) Core(TM) i9-13900H,clang-22.1.8 (https://github.com/msys2/MINGW-packages 6e4e79c2f86eeb534e324e583f2057dc9fd5ecab),TWINE-128,ref,block,64,11,3858600,262144,14.719390869,0.067937594,44.088478088,ok
Windows-x86_64,13th Gen Intel(R) Core(TM) i9-13900H,clang-22.1.8 (https://github.com/msys2/MINGW-packages 6e4e79c2f86eeb534e324e583f2057dc9fd5ecab),TWINE-128,ref,block,64,12,3911300,262144,14.920425415,0.067022218,44.689971924,ok
Windows-x86_64,13th Gen Intel(R) Core(TM) i9-13900H,clang-22.1.8 (https://github.com/msys2/MINGW-packages 6e4e79c2f86eeb534e324e583f2057dc9fd5ecab),TWINE-128,ref,block,64,13,4004900,262144,15.277481079,0.065455817,45.759422302,ok
Windows-x86_64,13th Gen Intel(R) Core(TM) i9-13900H,clang-22.1.8 (https://github.com/msys2/MINGW-packages 6e4e79c2f86eeb534e324e583f2057dc9fd5ecab),TWINE-128,ref,block,64,14,4020400,262144,15.336608887,0.065203462,45.936805725,ok
Windows-x86_64,13th Gen Intel(R) Core(TM) i9-13900H,clang-22.1.8 (https://github.com/msys2/MINGW-packages 6e4e79c2f86eeb534e324e583f2057dc9fd5ecab),TWINE-128,ref,block,64,15,3966000,262144,15.129089355,0.066097832,45.316070557,ok
Windows-x86_64,13th Gen Intel(R) Core(TM) i9-13900H,clang-22.1.8 (https://github.com/msys2/MINGW-packages 6e4e79c2f86eeb534e324e583f2057dc9fd5ecab),TWINE-128,ref,block,512,1,4040000,262144,15.411376953,0.064887129,46.161407471,ok
Windows-x86_64,13th Gen Intel(R) Core(TM) i9-13900H,clang-22.1.8 (https://github.com/msys2/MINGW-packages 6e4e79c2f86eeb534e324e583f2057dc9fd5ecab),TWINE-128,ref,block,512,2,3989300,262144,15.217971802,0.065711779,45.582115173,ok
Windows-x86_64,13th Gen Intel(R) Core(TM) i9-13900H,clang-22.1.8 (https://github.com/msys2/MINGW-packages 6e4e79c2f86eeb534e324e583f2057dc9fd5ecab),TWINE-128,ref,block,512,3,3870600,262144,14.765167236,0.067726967,44.225616455,ok
Windows-x86_64,13th Gen Intel(R) Core(TM) i9-13900H,clang-22.1.8 (https://github.com/msys2/MINGW-packages 6e4e79c2f86eeb534e324e583f2057dc9fd5ecab),TWINE-128,ref,block,512,4,3724800,262144,14.208984375,0.070378007,42.558998108,ok
Windows-x86_64,13th Gen Intel(R) Core(TM) i9-13900H,clang-22.1.8 (https://github.com/msys2/MINGW-packages 6e4e79c2f86eeb534e324e583f2057dc9fd5ecab),TWINE-128,ref,block,512,5,3882100,262144,14.809036255,0.067526339,44.359779358,ok
Windows-x86_64,13th Gen Intel(R) Core(TM) i9-13900H,clang-22.1.8 (https://github.com/msys2/MINGW-packages 6e4e79c2f86eeb534e324e583f2057dc9fd5ecab),TWINE-128,ref,block,512,6,3898000,262144,14.869689941,0.067250898,44.538719177,ok
Windows-x86_64,13th Gen Intel(R) Core(TM) i9-13900H,clang-22.1.8 (https://github.com/msys2/MINGW-packages 6e4e79c2f86eeb534e324e583f2057dc9fd5ecab),TWINE-128,ref,block,512,7,3908200,262144,14.908599854,0.067075380,44.655616760,ok
Windows-x86_64,13th Gen Intel(R) Core(TM) i9-13900H,clang-22.1.8 (https://github.com/msys2/MINGW-packages 6e4e79c2f86eeb534e324e583f2057dc9fd5ecab),TWINE-128,ref,block,512,8,3863900,262144,14.739608765,0.067844406,44.148422241,ok
Windows-x86_64,13th Gen Intel(R) Core(TM) i9-13900H,clang-22.1.8 (https://github.com/msys2/MINGW-packages 6e4e79c2f86eeb534e324e583f2057dc9fd5ecab),TWINE-128,ref,block,512,9,3834200,262144,14.626312256,0.068369934,43.810646057,ok
Windows-x86_64,13th Gen Intel(R) Core(TM) i9-13900H,clang-22.1.8 (https://github.com/msys2/MINGW-packages 6e4e79c2f86eeb534e324e583f2057dc9fd5ecab),TWINE-128,ref,block,512,10,3989300,262144,15.217971802,0.065711779,45.581169128,ok
Windows-x86_64,13th Gen Intel(R) Core(TM) i9-13900H,clang-22.1.8 (https://github.com/msys2/MINGW-packages 6e4e79c2f86eeb534e324e583f2057dc9fd5ecab),TWINE-128,ref,block,512,11,3938700,262144,15.024948120,0.066555970,45.002609253,ok
Windows-x86_64,13th Gen Intel(R) Core(TM) i9-13900H,clang-22.1.8 (https://github.com/msys2/MINGW-packages 6e4e79c2f86eeb534e324e583f2057dc9fd5ecab),TWINE-128,ref,block,512,12,4069100,262144,15.522384644,0.064423091,46.493728638,ok
Windows-x86_64,13th Gen Intel(R) Core(TM) i9-13900H,clang-22.1.8 (https://github.com/msys2/MINGW-packages 6e4e79c2f86eeb534e324e583f2057dc9fd5ecab),TWINE-128,ref,block,512,13,4028900,262144,15.369033813,0.065065899,46.034790039,ok
Windows-x86_64,13th Gen Intel(R) Core(TM) i9-13900H,clang-22.1.8 (https://github.com/msys2/MINGW-packages 6e4e79c2f86eeb534e324e583f2057dc9fd5ecab),TWINE-128,ref,block,512,14,3917500,262144,14.944076538,0.066916146,44.761383057,ok
Windows-x86_64,13th Gen Intel(R) Core(TM) i9-13900H,clang-22.1.8 (https://github.com/msys2/MINGW-packages 6e4e79c2f86eeb534e324e583f2057dc9fd5ecab),TWINE-128,ref,block,512,15,3841500,262144,14.654159546,0.068240010,43.893226624,ok
Windows-x86_64,13th Gen Intel(R) Core(TM) i9-13900H,clang-22.1.8 (https://github.com/msys2/MINGW-packages 6e4e79c2f86eeb534e324e583f2057dc9fd5ecab),TWINE-128,ref,block,4096,1,3924100,262144,14.969253540,0.066803598,44.838165283,ok
Windows-x86_64,13th Gen Intel(R) Core(TM) i9-13900H,clang-22.1.8 (https://github.com/msys2/MINGW-packages 6e4e79c2f86eeb534e324e583f2057dc9fd5ecab),TWINE-128,ref,block,4096,2,3915800,262144,14.937591553,0.066945196,44.741912842,ok
Windows-x86_64,13th Gen Intel(R) Core(TM) i9-13900H,clang-22.1.8 (https://github.com/msys2/MINGW-packages 6e4e79c2f86eeb534e324e583f2057dc9fd5ecab),TWINE-128,ref,block,4096,3,4068300,262144,15.519332886,0.064435759,46.485549927,ok
Windows-x86_64,13th Gen Intel(R) Core(TM) i9-13900H,clang-22.1.8 (https://github.com/msys2/MINGW-packages 6e4e79c2f86eeb534e324e583f2057dc9fd5ecab),TWINE-128,ref,block,4096,4,4073000,262144,15.537261963,0.064361404,46.538009644,ok
Windows-x86_64,13th Gen Intel(R) Core(TM) i9-13900H,clang-22.1.8 (https://github.com/msys2/MINGW-packages 6e4e79c2f86eeb534e324e583f2057dc9fd5ecab),TWINE-128,ref,block,4096,5,4100700,262144,15.642929077,0.063926647,46.855064392,ok
Windows-x86_64,13th Gen Intel(R) Core(TM) i9-13900H,clang-22.1.8 (https://github.com/msys2/MINGW-packages 6e4e79c2f86eeb534e324e583f2057dc9fd5ecab),TWINE-128,ref,block,4096,6,3939200,262144,15.026855469,0.066547522,45.008598328,ok
Windows-x86_64,13th Gen Intel(R) Core(TM) i9-13900H,clang-22.1.8 (https://github.com/msys2/MINGW-packages 6e4e79c2f86eeb534e324e583f2057dc9fd5ecab),TWINE-128,ref,block,4096,7,3750500,262144,14.307022095,0.069895747,42.853462219,ok
Windows-x86_64,13th Gen Intel(R) Core(TM) i9-13900H,clang-22.1.8 (https://github.com/msys2/MINGW-packages 6e4e79c2f86eeb534e324e583f2057dc9fd5ecab),TWINE-128,ref,block,4096,8,3903900,262144,14.892196655,0.067149261,44.605400085,ok
Windows-x86_64,13th Gen Intel(R) Core(TM) i9-13900H,clang-22.1.8 (https://github.com/msys2/MINGW-packages 6e4e79c2f86eeb534e324e583f2057dc9fd5ecab),TWINE-128,ref,block,4096,9,4007800,262144,15.288543701,0.065408454,45.793449402,ok
Windows-x86_64,13th Gen Intel(R) Core(TM) i9-13900H,clang-22.1.8 (https://github.com/msys2/MINGW-packages 6e4e79c2f86eeb534e324e583f2057dc9fd5ecab),TWINE-128,ref,block,4096,10,3751400,262144,14.310455322,0.069878979,42.863449097,ok
Windows-x86_64,13th Gen Intel(R) Core(TM) i9-13900H,clang-22.1.8 (https://github.com/msys2/MINGW-packages 6e4e79c2f86eeb534e324e583f2057dc9fd5ecab),TWINE-128,ref,block,4096,11,3741000,262144,14.270782471,0.070073242,42.744865417,ok
Windows-x86_64,13th Gen Intel(R) Core(TM) i9-13900H,clang-22.1.8 (https://github.com/msys2/MINGW-packages 6e4e79c2f86eeb534e324e583f2057dc9fd5ecab),TWINE-128,ref,block,4096,12,3819900,262144,14.571762085,0.068625880,43.645095825,ok
Windows-x86_64,13th Gen Intel(R) Core(TM) i9-13900H,clang-22.1.8 (https://github.com/msys2/MINGW-packages 6e4e79c2f86eeb534e324e583f2057dc9fd5ecab),TWINE-128,ref,block,4096,13,3939400,262144,15.027618408,0.066544144,45.011199951,ok
Windows-x86_64,13th Gen Intel(R) Core(TM) i9-13900H,clang-22.1.8 (https://github.com/msys2/MINGW-packages 6e4e79c2f86eeb534e324e583f2057dc9fd5ecab),TWINE-128,ref,block,4096,14,3863400,262144,14.737701416,0.067853186,44.143714905,ok
Windows-x86_64,13th Gen Intel(R) Core(TM) i9-13900H,clang-22.1.8 (https://github.com/msys2/MINGW-packages 6e4e79c2f86eeb534e324e583f2057dc9fd5ecab),TWINE-128,ref,block,4096,15,3884500,262144,14.818191528,0.067484618,44.383682251,ok
Windows-x86_64,13th Gen Intel(R) Core(TM) i9-13900H,clang-22.1.8 (https://github.com/msys2/MINGW-packages 6e4e79c2f86eeb534e324e583f2057dc9fd5ecab),TWINE-128,ref,block,8192,1,3837600,262144,14.639282227,0.068309360,43.849601746,ok
Windows-x86_64,13th Gen Intel(R) Core(TM) i9-13900H,clang-22.1.8 (https://github.com/msys2/MINGW-packages 6e4e79c2f86eeb534e324e583f2057dc9fd5ecab),TWINE-128,ref,block,8192,2,3922300,262144,14.962387085,0.066834255,44.817024231,ok
Windows-x86_64,13th Gen Intel(R) Core(TM) i9-13900H,clang-22.1.8 (https://github.com/msys2/MINGW-packages 6e4e79c2f86eeb534e324e583f2057dc9fd5ecab),TWINE-128,ref,block,8192,3,3830200,262144,14.611053467,0.068441335,43.763366699,ok
Windows-x86_64,13th Gen Intel(R) Core(TM) i9-13900H,clang-22.1.8 (https://github.com/msys2/MINGW-packages 6e4e79c2f86eeb534e324e583f2057dc9fd5ecab),TWINE-128,ref,block,8192,4,3758000,262144,14.335632324,0.069756253,42.938537598,ok
Windows-x86_64,13th Gen Intel(R) Core(TM) i9-13900H,clang-22.1.8 (https://github.com/msys2/MINGW-packages 6e4e79c2f86eeb534e324e583f2057dc9fd5ecab),TWINE-128,ref,block,8192,5,3815900,262144,14.556503296,0.068697817,43.601127625,ok
Windows-x86_64,13th Gen Intel(R) Core(TM) i9-13900H,clang-22.1.8 (https://github.com/msys2/MINGW-packages 6e4e79c2f86eeb534e324e583f2057dc9fd5ecab),TWINE-128,ref,block,8192,6,3827700,262144,14.601516724,0.068486036,43.735603333,ok
Windows-x86_64,13th Gen Intel(R) Core(TM) i9-13900H,clang-22.1.8 (https://github.com/msys2/MINGW-packages 6e4e79c2f86eeb534e324e583f2057dc9fd5ecab),TWINE-128,ref,block,8192,7,3803800,262144,14.510345459,0.068916347,43.461593628,ok
Windows-x86_64,13th Gen Intel(R) Core(TM) i9-13900H,clang-22.1.8 (https://github.com/msys2/MINGW-packages 6e4e79c2f86eeb534e324e583f2057dc9fd5ecab),TWINE-128,ref,block,8192,8,3996300,262144,15.244674683,0.065596677,45.662178040,ok
Windows-x86_64,13th Gen Intel(R) Core(TM) i9-13900H,clang-22.1.8 (https://github.com/msys2/MINGW-packages 6e4e79c2f86eeb534e324e583f2057dc9fd5ecab),TWINE-128,ref,block,8192,9,3807100,262144,14.522933960,0.068856610,43.499412537,ok
Windows-x86_64,13th Gen Intel(R) Core(TM) i9-13900H,clang-22.1.8 (https://github.com/msys2/MINGW-packages 6e4e79c2f86eeb534e324e583f2057dc9fd5ecab),TWINE-128,ref,block,8192,10,3849900,262144,14.686203003,0.068091119,43.988189697,ok
Windows-x86_64,13th Gen Intel(R) Core(TM) i9-13900H,clang-22.1.8 (https://github.com/msys2/MINGW-packages 6e4e79c2f86eeb534e324e583f2057dc9fd5ecab),TWINE-128,ref,block,8192,11,3873600,262144,14.776611328,0.067674515,44.259494781,ok
Windows-x86_64,13th Gen Intel(R) Core(TM) i9-13900H,clang-22.1.8 (https://github.com/msys2/MINGW-packages 6e4e79c2f86eeb534e324e583f2057dc9fd5ecab),TWINE-128,ref,block,8192,12,4074100,262144,15.541458130,0.064344027,46.550251007,ok
Windows-x86_64,13th Gen Intel(R) Core(TM) i9-13900H,clang-22.1.8 (https://github.com/msys2/MINGW-packages 6e4e79c2f86eeb534e324e583f2057dc9fd5ecab),TWINE-128,ref,block,8192,13,3411900,262144,13.015365601,0.076832264,38.985649109,ok
Windows-x86_64,13th Gen Intel(R) Core(TM) i9-13900H,clang-22.1.8 (https://github.com/msys2/MINGW-packages 6e4e79c2f86eeb534e324e583f2057dc9fd5ecab),TWINE-128,ref,block,8192,14,3882700,262144,14.811325073,0.067515904,44.363632202,ok
Windows-x86_64,13th Gen Intel(R) Core(TM) i9-13900H,clang-22.1.8 (https://github.com/msys2/MINGW-packages 6e4e79c2f86eeb534e324e583f2057dc9fd5ecab),TWINE-128,ref,block,8192,15,3907800,262144,14.907073975,0.067082246,44.650764465,ok
Windows-x86_64,13th Gen Intel(R) Core(TM) i9-13900H,clang-22.1.8 (https://github.com/msys2/MINGW-packages 6e4e79c2f86eeb534e324e583f2057dc9fd5ecab),TWINE-128,ref,block,65536,1,4045500,262144,15.432357788,0.064798912,46.231758118,ok
Windows-x86_64,13th Gen Intel(R) Core(TM) i9-13900H,clang-22.1.8 (https://github.com/msys2/MINGW-packages 6e4e79c2f86eeb534e324e583f2057dc9fd5ecab),TWINE-128,ref,block,65536,2,3920300,262144,14.954757690,0.066868352,44.793952942,ok
Windows-x86_64,13th Gen Intel(R) Core(TM) i9-13900H,clang-22.1.8 (https://github.com/msys2/MINGW-packages 6e4e79c2f86eeb534e324e583f2057dc9fd5ecab),TWINE-128,ref,block,65536,3,3830600,262144,14.612579346,0.068434188,43.768478394,ok
Windows-x86_64,13th Gen Intel(R) Core(TM) i9-13900H,clang-22.1.8 (https://github.com/msys2/MINGW-packages 6e4e79c2f86eeb534e324e583f2057dc9fd5ecab),TWINE-128,ref,block,65536,4,4053800,262144,15.464019775,0.064666239,46.318542480,ok
Windows-x86_64,13th Gen Intel(R) Core(TM) i9-13900H,clang-22.1.8 (https://github.com/msys2/MINGW-packages 6e4e79c2f86eeb534e324e583f2057dc9fd5ecab),TWINE-128,ref,block,65536,5,3951100,262144,15.072250366,0.066347093,45.145339966,ok
Windows-x86_64,13th Gen Intel(R) Core(TM) i9-13900H,clang-22.1.8 (https://github.com/msys2/MINGW-packages 6e4e79c2f86eeb534e324e583f2057dc9fd5ecab),TWINE-128,ref,block,65536,6,3926600,262144,14.978790283,0.066761066,44.865852356,ok
Windows-x86_64,13th Gen Intel(R) Core(TM) i9-13900H,clang-22.1.8 (https://github.com/msys2/MINGW-packages 6e4e79c2f86eeb534e324e583f2057dc9fd5ecab),TWINE-128,ref,block,65536,7,3993600,262144,15.234375000,0.065641026,45.630493164,ok
Windows-x86_64,13th Gen Intel(R) Core(TM) i9-13900H,clang-22.1.8 (https://github.com/msys2/MINGW-packages 6e4e79c2f86eeb534e324e583f2057dc9fd5ecab),TWINE-128,ref,block,65536,8,3965000,262144,15.125274658,0.066114502,45.304023743,ok
Windows-x86_64,13th Gen Intel(R) Core(TM) i9-13900H,clang-22.1.8 (https://github.com/msys2/MINGW-packages 6e4e79c2f86eeb534e324e583f2057dc9fd5ecab),TWINE-128,ref,block,65536,9,3900900,262144,14.880752563,0.067200902,44.571517944,ok
Windows-x86_64,13th Gen Intel(R) Core(TM) i9-13900H,clang-22.1.8 (https://github.com/msys2/MINGW-packages 6e4e79c2f86eeb534e324e583f2057dc9fd5ecab),TWINE-128,ref,block,65536,10,3853300,262144,14.699172974,0.068031038,44.028419495,ok
Windows-x86_64,13th Gen Intel(R) Core(TM) i9-13900H,clang-22.1.8 (https://github.com/msys2/MINGW-packages 6e4e79c2f86eeb534e324e583f2057dc9fd5ecab),TWINE-128,ref,block,65536,11,3967500,262144,15.134811401,0.066072842,45.333221436,ok
Windows-x86_64,13th Gen Intel(R) Core(TM) i9-13900H,clang-22.1.8 (https://github.com/msys2/MINGW-packages 6e4e79c2f86eeb534e324e583f2057dc9fd5ecab),TWINE-128,ref,block,65536,12,3835400,262144,14.630889893,0.068348543,43.822677612,ok
Windows-x86_64,13th Gen Intel(R) Core(TM) i9-13900H,clang-22.1.8 (https://github.com/msys2/MINGW-packages 6e4e79c2f86eeb534e324e583f2057dc9fd5ecab),TWINE-128,ref,block,65536,13,3946600,262144,15.055084229,0.066422744,45.093517303,ok
Windows-x86_64,13th Gen Intel(R) Core(TM) i9-13900H,clang-22.1.8 (https://github.com/msys2/MINGW-packages 6e4e79c2f86eeb534e324e583f2057dc9fd5ecab),TWINE-128,ref,block,65536,14,3710800,262144,14.155578613,0.070643527,42.399944305,ok
Windows-x86_64,13th Gen Intel(R) Core(TM) i9-13900H,clang-22.1.8 (https://github.com/msys2/MINGW-packages 6e4e79c2f86eeb534e324e583f2057dc9fd5ecab),TWINE-128,ref,block,65536,15,3706500,262144,14.139175415,0.070725482,42.350517273,ok
Windows-x86_64,13th Gen Intel(R) Core(TM) i9-13900H,clang-22.1.8 (https://github.com/msys2/MINGW-packages 6e4e79c2f86eeb534e324e583f2057dc9fd5ecab),TWINE-128,ref,block,1048576,1,16395200,1048576,15.635681152,0.063956280,46.834468842,ok
Windows-x86_64,13th Gen Intel(R) Core(TM) i9-13900H,clang-22.1.8 (https://github.com/msys2/MINGW-packages 6e4e79c2f86eeb534e324e583f2057dc9fd5ecab),TWINE-128,ref,block,1048576,2,16136000,1048576,15.388488770,0.064983639,46.092018127,ok
Windows-x86_64,13th Gen Intel(R) Core(TM) i9-13900H,clang-22.1.8 (https://github.com/msys2/MINGW-packages 6e4e79c2f86eeb534e324e583f2057dc9fd5ecab),TWINE-128,ref,block,1048576,3,16287400,1048576,15.532875061,0.064379582,46.524719238,ok
Windows-x86_64,13th Gen Intel(R) Core(TM) i9-13900H,clang-22.1.8 (https://github.com/msys2/MINGW-packages 6e4e79c2f86eeb534e324e583f2057dc9fd5ecab),TWINE-128,ref,block,1048576,4,16328000,1048576,15.571594238,0.064219500,46.640613556,ok
Windows-x86_64,13th Gen Intel(R) Core(TM) i9-13900H,clang-22.1.8 (https://github.com/msys2/MINGW-packages 6e4e79c2f86eeb534e324e583f2057dc9fd5ecab),TWINE-128,ref,block,1048576,5,16434400,1048576,15.673065186,0.063803729,46.944334030,ok
Windows-x86_64,13th Gen Intel(R) Core(TM) i9-13900H,clang-22.1.8 (https://github.com/msys2/MINGW-packages 6e4e79c2f86eeb534e324e583f2057dc9fd5ecab),TWINE-128,ref,block,1048576,6,16512400,1048576,15.747451782,0.063502338,47.167167664,ok
Windows-x86_64,13th Gen Intel(R) Core(TM) i9-13900H,clang-22.1.8 (https://github.com/msys2/MINGW-packages 6e4e79c2f86eeb534e324e583f2057dc9fd5ecab),TWINE-128,ref,block,1048576,7,16544400,1048576,15.777969360,0.063379512,47.258375168,ok
Windows-x86_64,13th Gen Intel(R) Core(TM) i9-13900H,clang-22.1.8 (https://github.com/msys2/MINGW-packages 6e4e79c2f86eeb534e324e583f2057dc9fd5ecab),TWINE-128,ref,block,1048576,8,16017300,1048576,15.275287628,0.065465216,45.753267288,ok
Windows-x86_64,13th Gen Intel(R) Core(TM) i9-13900H,clang-22.1.8 (https://github.com/msys2/MINGW-packages 6e4e79c2f86eeb534e324e583f2057dc9fd5ecab),TWINE-128,ref,block,1048576,9,16186400,1048576,15.436553955,0.064781298,46.236057281,ok
Windows-x86_64,13th Gen Intel(R) Core(TM) i9-13900H,clang-22.1.8 (https://github.com/msys2/MINGW-packages 6e4e79c2f86eeb534e324e583f2057dc9fd5ecab),TWINE-128,ref,block,1048576,10,16325700,1048576,15.569400787,0.064228548,46.633689880,ok
Windows-x86_64,13th Gen Intel(R) Core(TM) i9-13900H,clang-22.1.8 (https://github.com/msys2/MINGW-packages 6e4e79c2f86eeb534e324e583f2057dc9fd5ecab),TWINE-128,ref,block,1048576,11,15986900,1048576,15.246295929,0.065589702,45.666082382,ok
Windows-x86_64,13th Gen Intel(R) Core(TM) i9-13900H,clang-22.1.8 (https://github.com/msys2/MINGW-packages 6e4e79c2f86eeb534e324e583f2057dc9fd5ecab),TWINE-128,ref,block,1048576,12,16183900,1048576,15.434169769,0.064791305,46.228567123,ok
Windows-x86_64,13th Gen Intel(R) Core(TM) i9-13900H,clang-22.1.8 (https://github.com/msys2/MINGW-packages 6e4e79c2f86eeb534e324e583f2057dc9fd5ecab),TWINE-128,ref,block,1048576,13,16174800,1048576,15.425491333,0.064827757,46.202442169,ok
Windows-x86_64,13th Gen Intel(R) Core(TM) i9-13900H,clang-22.1.8 (https://github.com/msys2/MINGW-packages 6e4e79c2f86eeb534e324e583f2057dc9fd5ecab),TWINE-128,ref,block,1048576,14,16240600,1048576,15.488243103,0.064565102,46.390584946,ok
Windows-x86_64,13th Gen Intel(R) Core(TM) i9-13900H,clang-22.1.8 (https://github.com/msys2/MINGW-packages 6e4e79c2f86eeb534e324e583f2057dc9fd5ecab),TWINE-128,ref,block,1048576,15,16424400,1048576,15.663528442,0.063842576,46.915740967,ok
Windows-x86_64,13th Gen Intel(R) Core(TM) i9-13900H,clang-22.1.8 (https://github.com/msys2/MINGW-packages 6e4e79c2f86eeb534e324e583f2057dc9fd5ecab),AES-128,aes-hw,ctr,64,1,179600,262144,0.685119629,1.459599109,2.052558899,ok
Windows-x86_64,13th Gen Intel(R) Core(TM) i9-13900H,clang-22.1.8 (https://github.com/msys2/MINGW-packages 6e4e79c2f86eeb534e324e583f2057dc9fd5ecab),AES-128,aes-hw,ctr,64,2,179200,262144,0.683593750,1.462857143,2.048538208,ok
Windows-x86_64,13th Gen Intel(R) Core(TM) i9-13900H,clang-22.1.8 (https://github.com/msys2/MINGW-packages 6e4e79c2f86eeb534e324e583f2057dc9fd5ecab),AES-128,aes-hw,ctr,64,3,175800,262144,0.670623779,1.491149033,2.009483337,ok
Windows-x86_64,13th Gen Intel(R) Core(TM) i9-13900H,clang-22.1.8 (https://github.com/msys2/MINGW-packages 6e4e79c2f86eeb534e324e583f2057dc9fd5ecab),AES-128,aes-hw,ctr,64,4,175800,262144,0.670623779,1.491149033,2.009140015,ok
Windows-x86_64,13th Gen Intel(R) Core(TM) i9-13900H,clang-22.1.8 (https://github.com/msys2/MINGW-packages 6e4e79c2f86eeb534e324e583f2057dc9fd5ecab),AES-128,aes-hw,ctr,64,5,179500,262144,0.684738159,1.460412256,2.051223755,ok
Windows-x86_64,13th Gen Intel(R) Core(TM) i9-13900H,clang-22.1.8 (https://github.com/msys2/MINGW-packages 6e4e79c2f86eeb534e324e583f2057dc9fd5ecab),AES-128,aes-hw,ctr,64,6,179500,262144,0.684738159,1.460412256,2.051445007,ok
Windows-x86_64,13th Gen Intel(R) Core(TM) i9-13900H,clang-22.1.8 (https://github.com/msys2/MINGW-packages 6e4e79c2f86eeb534e324e583f2057dc9fd5ecab),AES-128,aes-hw,ctr,64,7,183600,262144,0.700378418,1.427799564,2.098182678,ok
Windows-x86_64,13th Gen Intel(R) Core(TM) i9-13900H,clang-22.1.8 (https://github.com/msys2/MINGW-packages 6e4e79c2f86eeb534e324e583f2057dc9fd5ecab),AES-128,aes-hw,ctr,64,8,179500,262144,0.684738159,1.460412256,2.051979065,ok
Windows-x86_64,13th Gen Intel(R) Core(TM) i9-13900H,clang-22.1.8 (https://github.com/msys2/MINGW-packages 6e4e79c2f86eeb534e324e583f2057dc9fd5ecab),AES-128,aes-hw,ctr,64,9,177800,262144,0.678253174,1.474375703,2.031677246,ok
Windows-x86_64,13th Gen Intel(R) Core(TM) i9-13900H,clang-22.1.8 (https://github.com/msys2/MINGW-packages 6e4e79c2f86eeb534e324e583f2057dc9fd5ecab),AES-128,aes-hw,ctr,64,10,178000,262144,0.679016113,1.472719101,2.034698486,ok
Windows-x86_64,13th Gen Intel(R) Core(TM) i9-13900H,clang-22.1.8 (https://github.com/msys2/MINGW-packages 6e4e79c2f86eeb534e324e583f2057dc9fd5ecab),AES-128,aes-hw,ctr,64,11,170800,262144,0.651550293,1.534800937,1.952087402,ok
Windows-x86_64,13th Gen Intel(R) Core(TM) i9-13900H,clang-22.1.8 (https://github.com/msys2/MINGW-packages 6e4e79c2f86eeb534e324e583f2057dc9fd5ecab),AES-128,aes-hw,ctr,64,12,167300,262144,0.638198853,1.566909743,1.911506653,ok
Windows-x86_64,13th Gen Intel(R) Core(TM) i9-13900H,clang-22.1.8 (https://github.com/msys2/MINGW-packages 6e4e79c2f86eeb534e324e583f2057dc9fd5ecab),AES-128,aes-hw,ctr,64,13,167200,262144,0.637817383,1.567846890,1.911224365,ok
Windows-x86_64,13th Gen Intel(R) Core(TM) i9-13900H,clang-22.1.8 (https://github.com/msys2/MINGW-packages 6e4e79c2f86eeb534e324e583f2057dc9fd5ecab),AES-128,aes-hw,ctr,64,14,167200,262144,0.637817383,1.567846890,1.911796570,ok
Windows-x86_64,13th Gen Intel(R) Core(TM) i9-13900H,clang-22.1.8 (https://github.com/msys2/MINGW-packages 6e4e79c2f86eeb534e324e583f2057dc9fd5ecab),AES-128,aes-hw,ctr,64,15,167200,262144,0.637817383,1.567846890,1.911499023,ok
Windows-x86_64,13th Gen Intel(R) Core(TM) i9-13900H,clang-22.1.8 (https://github.com/msys2/MINGW-packages 6e4e79c2f86eeb534e324e583f2057dc9fd5ecab),AES-128,aes-hw,ctr,512,1,132200,262144,0.504302979,1.982934947,1.510139465,ok
Windows-x86_64,13th Gen Intel(R) Core(TM) i9-13900H,clang-22.1.8 (https://github.com/msys2/MINGW-packages 6e4e79c2f86eeb534e324e583f2057dc9fd5ecab),AES-128,aes-hw,ctr,512,2,136800,262144,0.521850586,1.916257310,1.564109802,ok
Windows-x86_64,13th Gen Intel(R) Core(TM) i9-13900H,clang-22.1.8 (https://github.com/msys2/MINGW-packages 6e4e79c2f86eeb534e324e583f2057dc9fd5ecab),AES-128,aes-hw,ctr,512,3,129200,262144,0.492858887,2.028978328,1.476448059,ok
Windows-x86_64,13th Gen Intel(R) Core(TM) i9-13900H,clang-22.1.8 (https://github.com/msys2/MINGW-packages 6e4e79c2f86eeb534e324e583f2057dc9fd5ecab),AES-128,aes-hw,ctr,512,4,128900,262144,0.491714478,2.033700543,1.473686218,ok
Windows-x86_64,13th Gen Intel(R) Core(TM) i9-13900H,clang-22.1.8 (https://github.com/msys2/MINGW-packages 6e4e79c2f86eeb534e324e583f2057dc9fd5ecab),AES-128,aes-hw,ctr,512,5,128900,262144,0.491714478,2.033700543,1.473030090,ok
Windows-x86_64,13th Gen Intel(R) Core(TM) i9-13900H,clang-22.1.8 (https://github.com/msys2/MINGW-packages 6e4e79c2f86eeb534e324e583f2057dc9fd5ecab),AES-128,aes-hw,ctr,512,6,129000,262144,0.492095947,2.032124031,1.473617554,ok
Windows-x86_64,13th Gen Intel(R) Core(TM) i9-13900H,clang-22.1.8 (https://github.com/msys2/MINGW-packages 6e4e79c2f86eeb534e324e583f2057dc9fd5ecab),AES-128,aes-hw,ctr,512,7,128900,262144,0.491714478,2.033700543,1.473396301,ok
Windows-x86_64,13th Gen Intel(R) Core(TM) i9-13900H,clang-22.1.8 (https://github.com/msys2/MINGW-packages 6e4e79c2f86eeb534e324e583f2057dc9fd5ecab),AES-128,aes-hw,ctr,512,8,128900,262144,0.491714478,2.033700543,1.473190308,ok
Windows-x86_64,13th Gen Intel(R) Core(TM) i9-13900H,clang-22.1.8 (https://github.com/msys2/MINGW-packages 6e4e79c2f86eeb534e324e583f2057dc9fd5ecab),AES-128,aes-hw,ctr,512,9,128800,262144,0.491333008,2.035279503,1.473022461,ok
Windows-x86_64,13th Gen Intel(R) Core(TM) i9-13900H,clang-22.1.8 (https://github.com/msys2/MINGW-packages 6e4e79c2f86eeb534e324e583f2057dc9fd5ecab),AES-128,aes-hw,ctr,512,10,128900,262144,0.491714478,2.033700543,1.473594666,ok
Windows-x86_64,13th Gen Intel(R) Core(TM) i9-13900H,clang-22.1.8 (https://github.com/msys2/MINGW-packages 6e4e79c2f86eeb534e324e583f2057dc9fd5ecab),AES-128,aes-hw,ctr,512,11,129000,262144,0.492095947,2.032124031,1.474525452,ok
Windows-x86_64,13th Gen Intel(R) Core(TM) i9-13900H,clang-22.1.8 (https://github.com/msys2/MINGW-packages 6e4e79c2f86eeb534e324e583f2057dc9fd5ecab),AES-128,aes-hw,ctr,512,12,128900,262144,0.491714478,2.033700543,1.473884583,ok
Windows-x86_64,13th Gen Intel(R) Core(TM) i9-13900H,clang-22.1.8 (https://github.com/msys2/MINGW-packages 6e4e79c2f86eeb534e324e583f2057dc9fd5ecab),AES-128,aes-hw,ctr,512,13,129100,262144,0.492477417,2.030549961,1.475799561,ok
Windows-x86_64,13th Gen Intel(R) Core(TM) i9-13900H,clang-22.1.8 (https://github.com/msys2/MINGW-packages 6e4e79c2f86eeb534e324e583f2057dc9fd5ecab),AES-128,aes-hw,ctr,512,14,129100,262144,0.492477417,2.030549961,1.475326538,ok
Windows-x86_64,13th Gen Intel(R) Core(TM) i9-13900H,clang-22.1.8 (https://github.com/msys2/MINGW-packages 6e4e79c2f86eeb534e324e583f2057dc9fd5ecab),AES-128,aes-hw,ctr,512,15,129000,262144,0.492095947,2.032124031,1.475143433,ok
Windows-x86_64,13th Gen Intel(R) Core(TM) i9-13900H,clang-22.1.8 (https://github.com/msys2/MINGW-packages 6e4e79c2f86eeb534e324e583f2057dc9fd5ecab),AES-128,aes-hw,ctr,4096,1,129700,262144,0.494766235,2.021156515,1.483619690,ok
Windows-x86_64,13th Gen Intel(R) Core(TM) i9-13900H,clang-22.1.8 (https://github.com/msys2/MINGW-packages 6e4e79c2f86eeb534e324e583f2057dc9fd5ecab),AES-128,aes-hw,ctr,4096,2,129100,262144,0.492477417,2.030549961,1.475654602,ok
Windows-x86_64,13th Gen Intel(R) Core(TM) i9-13900H,clang-22.1.8 (https://github.com/msys2/MINGW-packages 6e4e79c2f86eeb534e324e583f2057dc9fd5ecab),AES-128,aes-hw,ctr,4096,3,126600,262144,0.482940674,2.070647709,1.447082520,ok
Windows-x86_64,13th Gen Intel(R) Core(TM) i9-13900H,clang-22.1.8 (https://github.com/msys2/MINGW-packages 6e4e79c2f86eeb534e324e583f2057dc9fd5ecab),AES-128,aes-hw,ctr,4096,4,126700,262144,0.483322144,2.069013418,1.448776245,ok
Windows-x86_64,13th Gen Intel(R) Core(TM) i9-13900H,clang-22.1.8 (https://github.com/msys2/MINGW-packages 6e4e79c2f86eeb534e324e583f2057dc9fd5ecab),AES-128,aes-hw,ctr,4096,5,126700,262144,0.483322144,2.069013418,1.449150085,ok
Windows-x86_64,13th Gen Intel(R) Core(TM) i9-13900H,clang-22.1.8 (https://github.com/msys2/MINGW-packages 6e4e79c2f86eeb534e324e583f2057dc9fd5ecab),AES-128,aes-hw,ctr,4096,6,126600,262144,0.482940674,2.070647709,1.446556091,ok
Windows-x86_64,13th Gen Intel(R) Core(TM) i9-13900H,clang-22.1.8 (https://github.com/msys2/MINGW-packages 6e4e79c2f86eeb534e324e583f2057dc9fd5ecab),AES-128,aes-hw,ctr,4096,7,126400,262144,0.482177734,2.073924051,1.445594788,ok
Windows-x86_64,13th Gen Intel(R) Core(TM) i9-13900H,clang-22.1.8 (https://github.com/msys2/MINGW-packages 6e4e79c2f86eeb534e324e583f2057dc9fd5ecab),AES-128,aes-hw,ctr,4096,8,126500,262144,0.482559204,2.072284585,1.445259094,ok
Windows-x86_64,13th Gen Intel(R) Core(TM) i9-13900H,clang-22.1.8 (https://github.com/msys2/MINGW-packages 6e4e79c2f86eeb534e324e583f2057dc9fd5ecab),AES-128,aes-hw,ctr,4096,9,126500,262144,0.482559204,2.072284585,1.446807861,ok
Windows-x86_64,13th Gen Intel(R) Core(TM) i9-13900H,clang-22.1.8 (https://github.com/msys2/MINGW-packages 6e4e79c2f86eeb534e324e583f2057dc9fd5ecab),AES-128,aes-hw,ctr,4096,10,124700,262144,0.475692749,2.102197273,1.425842285,ok
Windows-x86_64,13th Gen Intel(R) Core(TM) i9-13900H,clang-22.1.8 (https://github.com/msys2/MINGW-packages 6e4e79c2f86eeb534e324e583f2057dc9fd5ecab),AES-128,aes-hw,ctr,4096,11,126800,262144,0.483703613,2.067381703,1.450019836,ok
Windows-x86_64,13th Gen Intel(R) Core(TM) i9-13900H,clang-22.1.8 (https://github.com/msys2/MINGW-packages 6e4e79c2f86eeb534e324e583f2057dc9fd5ecab),AES-128,aes-hw,ctr,4096,12,123500,262144,0.471115112,2.122623482,1.411659241,ok
Windows-x86_64,13th Gen Intel(R) Core(TM) i9-13900H,clang-22.1.8 (https://github.com/msys2/MINGW-packages 6e4e79c2f86eeb534e324e583f2057dc9fd5ecab),AES-128,aes-hw,ctr,4096,13,123700,262144,0.471878052,2.119191593,1.414176941,ok
Windows-x86_64,13th Gen Intel(R) Core(TM) i9-13900H,clang-22.1.8 (https://github.com/msys2/MINGW-packages 6e4e79c2f86eeb534e324e583f2057dc9fd5ecab),AES-128,aes-hw,ctr,4096,14,123200,262144,0.469970703,2.127792208,1.408721924,ok
Windows-x86_64,13th Gen Intel(R) Core(TM) i9-13900H,clang-22.1.8 (https://github.com/msys2/MINGW-packages 6e4e79c2f86eeb534e324e583f2057dc9fd5ecab),AES-128,aes-hw,ctr,4096,15,123500,262144,0.471115112,2.122623482,1.411613464,ok
Windows-x86_64,13th Gen Intel(R) Core(TM) i9-13900H,clang-22.1.8 (https://github.com/msys2/MINGW-packages 6e4e79c2f86eeb534e324e583f2057dc9fd5ecab),AES-128,aes-hw,ctr,8192,1,124800,262144,0.476074219,2.100512821,1.426414490,ok
Windows-x86_64,13th Gen Intel(R) Core(TM) i9-13900H,clang-22.1.8 (https://github.com/msys2/MINGW-packages 6e4e79c2f86eeb534e324e583f2057dc9fd5ecab),AES-128,aes-hw,ctr,8192,2,124300,262144,0.474166870,2.108962188,1.421249390,ok
Windows-x86_64,13th Gen Intel(R) Core(TM) i9-13900H,clang-22.1.8 (https://github.com/msys2/MINGW-packages 6e4e79c2f86eeb534e324e583f2057dc9fd5ecab),AES-128,aes-hw,ctr,8192,3,124400,262144,0.474548340,2.107266881,1.421806335,ok
Windows-x86_64,13th Gen Intel(R) Core(TM) i9-13900H,clang-22.1.8 (https://github.com/msys2/MINGW-packages 6e4e79c2f86eeb534e324e583f2057dc9fd5ecab),AES-128,aes-hw,ctr,8192,4,124500,262144,0.474929810,2.105574297,1.422271729,ok
Windows-x86_64,13th Gen Intel(R) Core(TM) i9-13900H,clang-22.1.8 (https://github.com/msys2/MINGW-packages 6e4e79c2f86eeb534e324e583f2057dc9fd5ecab),AES-128,aes-hw,ctr,8192,5,124700,262144,0.475692749,2.102197273,1.424873352,ok
Windows-x86_64,13th Gen Intel(R) Core(TM) i9-13900H,clang-22.1.8 (https://github.com/msys2/MINGW-packages 6e4e79c2f86eeb534e324e583f2057dc9fd5ecab),AES-128,aes-hw,ctr,8192,6,124600,262144,0.475311279,2.103884430,1.424209595,ok
Windows-x86_64,13th Gen Intel(R) Core(TM) i9-13900H,clang-22.1.8 (https://github.com/msys2/MINGW-packages 6e4e79c2f86eeb534e324e583f2057dc9fd5ecab),AES-128,aes-hw,ctr,8192,7,127200,262144,0.485229492,2.060880503,1.453750610,ok
Windows-x86_64,13th Gen Intel(R) Core(TM) i9-13900H,clang-22.1.8 (https://github.com/msys2/MINGW-packages 6e4e79c2f86eeb534e324e583f2057dc9fd5ecab),AES-128,aes-hw,ctr,8192,8,123500,262144,0.471115112,2.122623482,1.411460876,ok
Windows-x86_64,13th Gen Intel(R) Core(TM) i9-13900H,clang-22.1.8 (https://github.com/msys2/MINGW-packages 6e4e79c2f86eeb534e324e583f2057dc9fd5ecab),AES-128,aes-hw,ctr,8192,9,119300,262144,0.455093384,2.197351215,1.364074707,ok
Windows-x86_64,13th Gen Intel(R) Core(TM) i9-13900H,clang-22.1.8 (https://github.com/msys2/MINGW-packages 6e4e79c2f86eeb534e324e583f2057dc9fd5ecab),AES-128,aes-hw,ctr,8192,10,120400,262144,0.459289551,2.177275748,1.376808167,ok
Windows-x86_64,13th Gen Intel(R) Core(TM) i9-13900H,clang-22.1.8 (https://github.com/msys2/MINGW-packages 6e4e79c2f86eeb534e324e583f2057dc9fd5ecab),AES-128,aes-hw,ctr,8192,11,121700,262144,0.464248657,2.154018077,1.390853882,ok
Windows-x86_64,13th Gen Intel(R) Core(TM) i9-13900H,clang-22.1.8 (https://github.com/msys2/MINGW-packages 6e4e79c2f86eeb534e324e583f2057dc9fd5ecab),AES-128,aes-hw,ctr,8192,12,121700,262144,0.464248657,2.154018077,1.392028809,ok
Windows-x86_64,13th Gen Intel(R) Core(TM) i9-13900H,clang-22.1.8 (https://github.com/msys2/MINGW-packages 6e4e79c2f86eeb534e324e583f2057dc9fd5ecab),AES-128,aes-hw,ctr,8192,13,121700,262144,0.464248657,2.154018077,1.390792847,ok
Windows-x86_64,13th Gen Intel(R) Core(TM) i9-13900H,clang-22.1.8 (https://github.com/msys2/MINGW-packages 6e4e79c2f86eeb534e324e583f2057dc9fd5ecab),AES-128,aes-hw,ctr,8192,14,121800,262144,0.464630127,2.152249589,1.391746521,ok
Windows-x86_64,13th Gen Intel(R) Core(TM) i9-13900H,clang-22.1.8 (https://github.com/msys2/MINGW-packages 6e4e79c2f86eeb534e324e583f2057dc9fd5ecab),AES-128,aes-hw,ctr,8192,15,122000,262144,0.465393066,2.148721311,1.394248962,ok
Windows-x86_64,13th Gen Intel(R) Core(TM) i9-13900H,clang-22.1.8 (https://github.com/msys2/MINGW-packages 6e4e79c2f86eeb534e324e583f2057dc9fd5ecab),AES-128,aes-hw,ctr,65536,1,119700,262144,0.456619263,2.190008354,1.368713379,ok
Windows-x86_64,13th Gen Intel(R) Core(TM) i9-13900H,clang-22.1.8 (https://github.com/msys2/MINGW-packages 6e4e79c2f86eeb534e324e583f2057dc9fd5ecab),AES-128,aes-hw,ctr,65536,2,151400,262144,0.577545166,1.731466314,1.730583191,ok
Windows-x86_64,13th Gen Intel(R) Core(TM) i9-13900H,clang-22.1.8 (https://github.com/msys2/MINGW-packages 6e4e79c2f86eeb534e324e583f2057dc9fd5ecab),AES-128,aes-hw,ctr,65536,3,119100,262144,0.454330444,2.201041142,1.361663818,ok
Windows-x86_64,13th Gen Intel(R) Core(TM) i9-13900H,clang-22.1.8 (https://github.com/msys2/MINGW-packages 6e4e79c2f86eeb534e324e583f2057dc9fd5ecab),AES-128,aes-hw,ctr,65536,4,122200,262144,0.466156006,2.145204583,1.396835327,ok
Windows-x86_64,13th Gen Intel(R) Core(TM) i9-13900H,clang-22.1.8 (https://github.com/msys2/MINGW-packages 6e4e79c2f86eeb534e324e583f2057dc9fd5ecab),AES-128,aes-hw,ctr,65536,5,122500,262144,0.467300415,2.139951020,1.400703430,ok
Windows-x86_64,13th Gen Intel(R) Core(TM) i9-13900H,clang-22.1.8 (https://github.com/msys2/MINGW-packages 6e4e79c2f86eeb534e324e583f2057dc9fd5ecab),AES-128,aes-hw,ctr,65536,6,122500,262144,0.467300415,2.139951020,1.399909973,ok
Windows-x86_64,13th Gen Intel(R) Core(TM) i9-13900H,clang-22.1.8 (https://github.com/msys2/MINGW-packages 6e4e79c2f86eeb534e324e583f2057dc9fd5ecab),AES-128,aes-hw,ctr,65536,7,122300,262144,0.466537476,2.143450531,1.397651672,ok
Windows-x86_64,13th Gen Intel(R) Core(TM) i9-13900H,clang-22.1.8 (https://github.com/msys2/MINGW-packages 6e4e79c2f86eeb534e324e583f2057dc9fd5ecab),AES-128,aes-hw,ctr,65536,8,122200,262144,0.466156006,2.145204583,1.396781921,ok
Windows-x86_64,13th Gen Intel(R) Core(TM) i9-13900H,clang-22.1.8 (https://github.com/msys2/MINGW-packages 6e4e79c2f86eeb534e324e583f2057dc9fd5ecab),AES-128,aes-hw,ctr,65536,9,154000,262144,0.587463379,1.702233766,1.760536194,ok
Windows-x86_64,13th Gen Intel(R) Core(TM) i9-13900H,clang-22.1.8 (https://github.com/msys2/MINGW-packages 6e4e79c2f86eeb534e324e583f2057dc9fd5ecab),AES-128,aes-hw,ctr,65536,10,122900,262144,0.468826294,2.132986168,1.405632019,ok
Windows-x86_64,13th Gen Intel(R) Core(TM) i9-13900H,clang-22.1.8 (https://github.com/msys2/MINGW-packages 6e4e79c2f86eeb534e324e583f2057dc9fd5ecab),AES-128,aes-hw,ctr,65536,11,123000,262144,0.469207764,2.131252033,1.405822754,ok
Windows-x86_64,13th Gen Intel(R) Core(TM) i9-13900H,clang-22.1.8 (https://github.com/msys2/MINGW-packages 6e4e79c2f86eeb534e324e583f2057dc9fd5ecab),AES-128,aes-hw,ctr,65536,12,122900,262144,0.468826294,2.132986168,1.405342102,ok
Windows-x86_64,13th Gen Intel(R) Core(TM) i9-13900H,clang-22.1.8 (https://github.com/msys2/MINGW-packages 6e4e79c2f86eeb534e324e583f2057dc9fd5ecab),AES-128,aes-hw,ctr,65536,13,122200,262144,0.466156006,2.145204583,1.396492004,ok
Windows-x86_64,13th Gen Intel(R) Core(TM) i9-13900H,clang-22.1.8 (https://github.com/msys2/MINGW-packages 6e4e79c2f86eeb534e324e583f2057dc9fd5ecab),AES-128,aes-hw,ctr,65536,14,122300,262144,0.466537476,2.143450531,1.397506714,ok
Windows-x86_64,13th Gen Intel(R) Core(TM) i9-13900H,clang-22.1.8 (https://github.com/msys2/MINGW-packages 6e4e79c2f86eeb534e324e583f2057dc9fd5ecab),AES-128,aes-hw,ctr,65536,15,122400,262144,0.466918945,2.141699346,1.398384094,ok
Windows-x86_64,13th Gen Intel(R) Core(TM) i9-13900H,clang-22.1.8 (https://github.com/msys2/MINGW-packages 6e4e79c2f86eeb534e324e583f2057dc9fd5ecab),AES-128,aes-hw,ctr,1048576,1,492200,1048576,0.469398499,2.130386022,1.407356262,ok
Windows-x86_64,13th Gen Intel(R) Core(TM) i9-13900H,clang-22.1.8 (https://github.com/msys2/MINGW-packages 6e4e79c2f86eeb534e324e583f2057dc9fd5ecab),AES-128,aes-hw,ctr,1048576,2,497900,1048576,0.474834442,2.105997188,1.422534943,ok
Windows-x86_64,13th Gen Intel(R) Core(TM) i9-13900H,clang-22.1.8 (https://github.com/msys2/MINGW-packages 6e4e79c2f86eeb534e324e583f2057dc9fd5ecab),AES-128,aes-hw,ctr,1048576,3,492200,1048576,0.469398499,2.130386022,1.406024933,ok
Windows-x86_64,13th Gen Intel(R) Core(TM) i9-13900H,clang-22.1.8 (https://github.com/msys2/MINGW-packages 6e4e79c2f86eeb534e324e583f2057dc9fd5ecab),AES-128,aes-hw,ctr,1048576,4,492600,1048576,0.469779968,2.128656110,1.407112122,ok
Windows-x86_64,13th Gen Intel(R) Core(TM) i9-13900H,clang-22.1.8 (https://github.com/msys2/MINGW-packages 6e4e79c2f86eeb534e324e583f2057dc9fd5ecab),AES-128,aes-hw,ctr,1048576,5,492900,1048576,0.470066071,2.127360519,1.407958984,ok
Windows-x86_64,13th Gen Intel(R) Core(TM) i9-13900H,clang-22.1.8 (https://github.com/msys2/MINGW-packages 6e4e79c2f86eeb534e324e583f2057dc9fd5ecab),AES-128,aes-hw,ctr,1048576,6,492600,1048576,0.469779968,2.128656110,1.407291412,ok
Windows-x86_64,13th Gen Intel(R) Core(TM) i9-13900H,clang-22.1.8 (https://github.com/msys2/MINGW-packages 6e4e79c2f86eeb534e324e583f2057dc9fd5ecab),AES-128,aes-hw,ctr,1048576,7,492400,1048576,0.469589233,2.129520715,1.406602859,ok
Windows-x86_64,13th Gen Intel(R) Core(TM) i9-13900H,clang-22.1.8 (https://github.com/msys2/MINGW-packages 6e4e79c2f86eeb534e324e583f2057dc9fd5ecab),AES-128,aes-hw,ctr,1048576,8,492700,1048576,0.469875336,2.128224071,1.407321930,ok
Windows-x86_64,13th Gen Intel(R) Core(TM) i9-13900H,clang-22.1.8 (https://github.com/msys2/MINGW-packages 6e4e79c2f86eeb534e324e583f2057dc9fd5ecab),AES-128,aes-hw,ctr,1048576,9,496900,1048576,0.473880768,2.110235460,1.419559479,ok
Windows-x86_64,13th Gen Intel(R) Core(TM) i9-13900H,clang-22.1.8 (https://github.com/msys2/MINGW-packages 6e4e79c2f86eeb534e324e583f2057dc9fd5ecab),AES-128,aes-hw,ctr,1048576,10,493200,1048576,0.470352173,2.126066504,1.408720016,ok
Windows-x86_64,13th Gen Intel(R) Core(TM) i9-13900H,clang-22.1.8 (https://github.com/msys2/MINGW-packages 6e4e79c2f86eeb534e324e583f2057dc9fd5ecab),AES-128,aes-hw,ctr,1048576,11,491900,1048576,0.469112396,2.131685302,1.405157089,ok
Windows-x86_64,13th Gen Intel(R) Core(TM) i9-13900H,clang-22.1.8 (https://github.com/msys2/MINGW-packages 6e4e79c2f86eeb534e324e583f2057dc9fd5ecab),AES-128,aes-hw,ctr,1048576,12,492900,1048576,0.470066071,2.127360519,1.408168793,ok
Windows-x86_64,13th Gen Intel(R) Core(TM) i9-13900H,clang-22.1.8 (https://github.com/msys2/MINGW-packages 6e4e79c2f86eeb534e324e583f2057dc9fd5ecab),AES-128,aes-hw,ctr,1048576,13,496600,1048576,0.473594666,2.111510270,1.418739319,ok
Windows-x86_64,13th Gen Intel(R) Core(TM) i9-13900H,clang-22.1.8 (https://github.com/msys2/MINGW-packages 6e4e79c2f86eeb534e324e583f2057dc9fd5ecab),AES-128,aes-hw,ctr,1048576,14,492300,1048576,0.469493866,2.129953281,1.406368256,ok
Windows-x86_64,13th Gen Intel(R) Core(TM) i9-13900H,clang-22.1.8 (https://github.com/msys2/MINGW-packages 6e4e79c2f86eeb534e324e583f2057dc9fd5ecab),AES-128,aes-hw,ctr,1048576,15,491700,1048576,0.468921661,2.132552369,1.404579163,ok
Windows-x86_64,13th Gen Intel(R) Core(TM) i9-13900H,clang-22.1.8 (https://github.com/msys2/MINGW-packages 6e4e79c2f86eeb534e324e583f2057dc9fd5ecab),SM4-128,ttable-2k,ctr,64,1,3030000,262144,11.558532715,0.086516172,34.640701294,ok
Windows-x86_64,13th Gen Intel(R) Core(TM) i9-13900H,clang-22.1.8 (https://github.com/msys2/MINGW-packages 6e4e79c2f86eeb534e324e583f2057dc9fd5ecab),SM4-128,ttable-2k,ctr,64,2,2920100,262144,11.139297485,0.089772268,33.365409851,ok
Windows-x86_64,13th Gen Intel(R) Core(TM) i9-13900H,clang-22.1.8 (https://github.com/msys2/MINGW-packages 6e4e79c2f86eeb534e324e583f2057dc9fd5ecab),SM4-128,ttable-2k,ctr,64,3,2895600,262144,11.045837402,0.090531841,33.085571289,ok
Windows-x86_64,13th Gen Intel(R) Core(TM) i9-13900H,clang-22.1.8 (https://github.com/msys2/MINGW-packages 6e4e79c2f86eeb534e324e583f2057dc9fd5ecab),SM4-128,ttable-2k,ctr,64,4,2899400,262144,11.060333252,0.090413189,33.128341675,ok
Windows-x86_64,13th Gen Intel(R) Core(TM) i9-13900H,clang-22.1.8 (https://github.com/msys2/MINGW-packages 6e4e79c2f86eeb534e324e583f2057dc9fd5ecab),SM4-128,ttable-2k,ctr,64,5,2879000,262144,10.982513428,0.091053838,32.895553589,ok
Windows-x86_64,13th Gen Intel(R) Core(TM) i9-13900H,clang-22.1.8 (https://github.com/msys2/MINGW-packages 6e4e79c2f86eeb534e324e583f2057dc9fd5ecab),SM4-128,ttable-2k,ctr,64,6,2900500,262144,11.064529419,0.090378900,33.141601562,ok
Windows-x86_64,13th Gen Intel(R) Core(TM) i9-13900H,clang-22.1.8 (https://github.com/msys2/MINGW-packages 6e4e79c2f86eeb534e324e583f2057dc9fd5ecab),SM4-128,ttable-2k,ctr,64,7,2933000,262144,11.188507080,0.089377429,33.512702942,ok
Windows-x86_64,13th Gen Intel(R) Core(TM) i9-13900H,clang-22.1.8 (https://github.com/msys2/MINGW-packages 6e4e79c2f86eeb534e324e583f2057dc9fd5ecab),SM4-128,ttable-2k,ctr,64,8,2966800,262144,11.317443848,0.088359175,33.899337769,ok
Windows-x86_64,13th Gen Intel(R) Core(TM) i9-13900H,clang-22.1.8 (https://github.com/msys2/MINGW-packages 6e4e79c2f86eeb534e324e583f2057dc9fd5ecab),SM4-128,ttable-2k,ctr,64,9,2901300,262144,11.067581177,0.090353979,33.150756836,ok
Windows-x86_64,13th Gen Intel(R) Core(TM) i9-13900H,clang-22.1.8 (https://github.com/msys2/MINGW-packages 6e4e79c2f86eeb534e324e583f2057dc9fd5ecab),SM4-128,ttable-2k,ctr,64,10,2900400,262144,11.064147949,0.090382016,33.139984131,ok
Windows-x86_64,13th Gen Intel(R) Core(TM) i9-13900H,clang-22.1.8 (https://github.com/msys2/MINGW-packages 6e4e79c2f86eeb534e324e583f2057dc9fd5ecab),SM4-128,ttable-2k,ctr,64,11,2966600,262144,11.316680908,0.088365132,33.895584106,ok
Windows-x86_64,13th Gen Intel(R) Core(TM) i9-13900H,clang-22.1.8 (https://github.com/msys2/MINGW-packages 6e4e79c2f86eeb534e324e583f2057dc9fd5ecab),SM4-128,ttable-2k,ctr,64,12,2960700,262144,11.294174194,0.088541223,33.829437256,ok
Windows-x86_64,13th Gen Intel(R) Core(TM) i9-13900H,clang-22.1.8 (https://github.com/msys2/MINGW-packages 6e4e79c2f86eeb534e324e583f2057dc9fd5ecab),SM4-128,ttable-2k,ctr,64,13,2864900,262144,10.928726196,0.091501972,32.733825684,ok
Windows-x86_64,13th Gen Intel(R) Core(TM) i9-13900H,clang-22.1.8 (https://github.com/msys2/MINGW-packages 6e4e79c2f86eeb534e324e583f2057dc9fd5ecab),SM4-128,ttable-2k,ctr,64,14,2890800,262144,11.027526855,0.090682164,33.030807495,ok
Windows-x86_64,13th Gen Intel(R) Core(TM) i9-13900H,clang-22.1.8 (https://github.com/msys2/MINGW-packages 6e4e79c2f86eeb534e324e583f2057dc9fd5ecab),SM4-128,ttable-2k,ctr,64,15,2978800,262144,11.363220215,0.088003223,34.036109924,ok
Windows-x86_64,13th Gen Intel(R) Core(TM) i9-13900H,clang-22.1.8 (https://github.com/msys2/MINGW-packages 6e4e79c2f86eeb534e324e583f2057dc9fd5ecab),SM4-128,ttable-2k,ctr,512,1,2876200,262144,10.971832275,0.091142480,32.863883972,ok
Windows-x86_64,13th Gen Intel(R) Core(TM) i9-13900H,clang-22.1.8 (https://github.com/msys2/MINGW-packages 6e4e79c2f86eeb534e324e583f2057dc9fd5ecab),SM4-128,ttable-2k,ctr,512,2,2907500,262144,11.091232300,0.090161307,33.221206665,ok
Windows-x86_64,13th Gen Intel(R) Core(TM) i9-13900H,clang-22.1.8 (https://github.com/msys2/MINGW-packages 6e4e79c2f86eeb534e324e583f2057dc9fd5ecab),SM4-128,ttable-2k,ctr,512,3,2956000,262144,11.276245117,0.088682003,33.775451660,ok
Windows-x86_64,13th Gen Intel(R) Core(TM) i9-13900H,clang-22.1.8 (https://github.com/msys2/MINGW-packages 6e4e79c2f86eeb534e324e583f2057dc9fd5ecab),SM4-128,ttable-2k,ctr,512,4,2943700,262144,11.229324341,0.089052553,33.634216309,ok
Windows-x86_64,13th Gen Intel(R) Core(TM) i9-13900H,clang-22.1.8 (https://github.com/msys2/MINGW-packages 6e4e79c2f86eeb534e324e583f2057dc9fd5ecab),SM4-128,ttable-2k,ctr,512,5,2884200,262144,11.002349854,0.090889675,32.954818726,ok
Windows-x86_64,13th Gen Intel(R) Core(TM) i9-13900H,clang-22.1.8 (https://github.com/msys2/MINGW-packages 6e4e79c2f86eeb534e324e583f2057dc9fd5ecab),SM4-128,ttable-2k,ctr,512,6,2887100,262144,11.013412476,0.090798379,32.987312317,ok
Windows-x86_64,13th Gen Intel(R) Core(TM) i9-13900H,clang-22.1.8 (https://github.com/msys2/MINGW-packages 6e4e79c2f86eeb534e324e583f2057dc9fd5ecab),SM4-128,ttable-2k,ctr,512,7,2901400,262144,11.067962646,0.090350865,33.151649475,ok
Windows-x86_64,13th Gen Intel(R) Core(TM) i9-13900H,clang-22.1.8 (https://github.com/msys2/MINGW-packages 6e4e79c2f86eeb534e324e583f2057dc9fd5ecab),SM4-128,ttable-2k,ctr,512,8,2952800,262144,11.264038086,0.088778109,33.738647461,ok
Windows-x86_64,13th Gen Intel(R) Core(TM) i9-13900H,clang-22.1.8 (https://github.com/msys2/MINGW-packages 6e4e79c2f86eeb534e324e583f2057dc9fd5ecab),SM4-128,ttable-2k,ctr,512,9,2951700,262144,11.259841919,0.088811194,33.725502014,ok
Windows-x86_64,13th Gen Intel(R) Core(TM) i9-13900H,clang-22.1.8 (https://github.com/msys2/MINGW-packages 6e4e79c2f86eeb534e324e583f2057dc9fd5ecab),SM4-128,ttable-2k,ctr,512,10,2902400,262144,11.071777344,0.090319735,33.162773132,ok
Windows-x86_64,13th Gen Intel(R) Core(TM) i9-13900H,clang-22.1.8 (https://github.com/msys2/MINGW-packages 6e4e79c2f86eeb534e324e583f2057dc9fd5ecab),SM4-128,ttable-2k,ctr,512,11,2883700,262144,11.000442505,0.090905434,32.949066162,ok
Windows-x86_64,13th Gen Intel(R) Core(TM) i9-13900H,clang-22.1.8 (https://github.com/msys2/MINGW-packages 6e4e79c2f86eeb534e324e583f2057dc9fd5ecab),SM4-128,ttable-2k,ctr,512,12,2918600,262144,11.133575439,0.089818406,33.348075867,ok
Windows-x86_64,13th Gen Intel(R) Core(TM) i9-13900H,clang-22.1.8 (https://github.com/msys2/MINGW-packages 6e4e79c2f86eeb534e324e583f2057dc9fd5ecab),SM4-128,ttable-2k,ctr,512,13,2904000,262144,11.077880859,0.090269972,33.181442261,ok
Windows-x86_64,13th Gen Intel(R) Core(TM) i9-13900H,clang-22.1.8 (https://github.com/msys2/MINGW-packages 6e4e79c2f86eeb534e324e583f2057dc9fd5ecab),SM4-128,ttable-2k,ctr,512,14,2956800,262144,11.279296875,0.088658009,33.785499573,ok
Windows-x86_64,13th Gen Intel(R) Core(TM) i9-13900H,clang-22.1.8 (https://github.com/msys2/MINGW-packages 6e4e79c2f86eeb534e324e583f2057dc9fd5ecab),SM4-128,ttable-2k,ctr,512,15,2911600,262144,11.106872559,0.090034345,33.267066956,ok
Windows-x86_64,13th Gen Intel(R) Core(TM) i9-13900H,clang-22.1.8 (https://github.com/msys2/MINGW-packages 6e4e79c2f86eeb534e324e583f2057dc9fd5ecab),SM4-128,ttable-2k,ctr,4096,1,3040600,262144,11.598968506,0.086214563,34.758132935,ok
Windows-x86_64,13th Gen Intel(R) Core(TM) i9-13900H,clang-22.1.8 (https://github.com/msys2/MINGW-packages 6e4e79c2f86eeb534e324e583f2057dc9fd5ecab),SM4-128,ttable-2k,ctr,4096,2,2764300,262144,10.544967651,0.094831965,31.585533142,ok
Windows-x86_64,13th Gen Intel(R) Core(TM) i9-13900H,clang-22.1.8 (https://github.com/msys2/MINGW-packages 6e4e79c2f86eeb534e324e583f2057dc9fd5ecab),SM4-128,ttable-2k,ctr,4096,3,2767100,262144,10.555648804,0.094736005,31.617263794,ok
Windows-x86_64,13th Gen Intel(R) Core(TM) i9-13900H,clang-22.1.8 (https://github.com/msys2/MINGW-packages 6e4e79c2f86eeb534e324e583f2057dc9fd5ecab),SM4-128,ttable-2k,ctr,4096,4,3045400,262144,11.617279053,0.086078676,34.796722412,ok
Windows-x86_64,13th Gen Intel(R) Core(TM) i9-13900H,clang-22.1.8 (https://github.com/msys2/MINGW-packages 6e4e79c2f86eeb534e324e583f2057dc9fd5ecab),SM4-128,ttable-2k,ctr,4096,5,3032200,262144,11.566925049,0.086453400,34.646156311,ok
Windows-x86_64,13th Gen Intel(R) Core(TM) i9-13900H,clang-22.1.8 (https://github.com/msys2/MINGW-packages 6e4e79c2f86eeb534e324e583f2057dc9fd5ecab),SM4-128,ttable-2k,ctr,4096,6,3155400,262144,12.036895752,0.083077898,36.053321838,ok
Windows-x86_64,13th Gen Intel(R) Core(TM) i9-13900H,clang-22.1.8 (https://github.com/msys2/MINGW-packages 6e4e79c2f86eeb534e324e583f2057dc9fd5ecab),SM4-128,ttable-2k,ctr,4096,7,2758700,262144,10.523605347,0.095024468,31.521453857,ok
Windows-x86_64,13th Gen Intel(R) Core(TM) i9-13900H,clang-22.1.8 (https://github.com/msys2/MINGW-packages 6e4e79c2f86eeb534e324e583f2057dc9fd5ecab),SM4-128,ttable-2k,ctr,4096,8,2753400,262144,10.503387451,0.095207380,31.460342407,ok
Windows-x86_64,13th Gen Intel(R) Core(TM) i9-13900H,clang-22.1.8 (https://github.com/msys2/MINGW-packages 6e4e79c2f86eeb534e324e583f2057dc9fd5ecab),SM4-128,ttable-2k,ctr,4096,9,2765500,262144,10.549545288,0.094790815,31.599128723,ok
Windows-x86_64,13th Gen Intel(R) Core(TM) i9-13900H,clang-22.1.8 (https://github.com/msys2/MINGW-packages 6e4e79c2f86eeb534e324e583f2057dc9fd5ecab),SM4-128,ttable-2k,ctr,4096,10,3018100,262144,11.513137817,0.086857294,34.484703064,ok
Windows-x86_64,13th Gen Intel(R) Core(TM) i9-13900H,clang-22.1.8 (https://github.com/msys2/MINGW-packages 6e4e79c2f86eeb534e324e583f2057dc9fd5ecab),SM4-128,ttable-2k,ctr,4096,11,3101200,262144,11.830139160,0.084529859,35.434265137,ok
Windows-x86_64,13th Gen Intel(R) Core(TM) i9-13900H,clang-22.1.8 (https://github.com/msys2/MINGW-packages 6e4e79c2f86eeb534e324e583f2057dc9fd5ecab),SM4-128,ttable-2k,ctr,4096,12,2985000,262144,11.386871338,0.087820436,34.105834961,ok
Windows-x86_64,13th Gen Intel(R) Core(TM) i9-13900H,clang-22.1.8 (https://github.com/msys2/MINGW-packages 6e4e79c2f86eeb534e324e583f2057dc9fd5ecab),SM4-128,ttable-2k,ctr,4096,13,2867500,262144,10.938644409,0.091419006,32.763946533,ok
Windows-x86_64,13th Gen Intel(R) Core(TM) i9-13900H,clang-22.1.8 (https://github.com/msys2/MINGW-packages 6e4e79c2f86eeb534e324e583f2057dc9fd5ecab),SM4-128,ttable-2k,ctr,4096,14,2850200,262144,10.872650146,0.091973897,32.565544128,ok
Windows-x86_64,13th Gen Intel(R) Core(TM) i9-13900H,clang-22.1.8 (https://github.com/msys2/MINGW-packages 6e4e79c2f86eeb534e324e583f2057dc9fd5ecab),SM4-128,ttable-2k,ctr,4096,15,2880800,262144,10.989379883,0.090996945,32.916694641,ok
Windows-x86_64,13th Gen Intel(R) Core(TM) i9-13900H,clang-22.1.8 (https://github.com/msys2/MINGW-packages 6e4e79c2f86eeb534e324e583f2057dc9fd5ecab),SM4-128,ttable-2k,ctr,8192,1,2956000,262144,11.276245117,0.088682003,33.777496338,ok
Windows-x86_64,13th Gen Intel(R) Core(TM) i9-13900H,clang-22.1.8 (https://github.com/msys2/MINGW-packages 6e4e79c2f86eeb534e324e583f2057dc9fd5ecab),SM4-128,ttable-2k,ctr,8192,2,2930800,262144,11.180114746,0.089444520,33.488029480,ok
Windows-x86_64,13th Gen Intel(R) Core(TM) i9-13900H,clang-22.1.8 (https://github.com/msys2/MINGW-packages 6e4e79c2f86eeb534e324e583f2057dc9fd5ecab),SM4-128,ttable-2k,ctr,8192,3,2918900,262144,11.134719849,0.089809175,33.350692749,ok
Windows-x86_64,13th Gen Intel(R) Core(TM) i9-13900H,clang-22.1.8 (https://github.com/msys2/MINGW-packages 6e4e79c2f86eeb534e324e583f2057dc9fd5ecab),SM4-128,ttable-2k,ctr,8192,4,2894300,262144,11.040878296,0.090572505,33.070671082,ok
Windows-x86_64,13th Gen Intel(R) Core(TM) i9-13900H,clang-22.1.8 (https://github.com/msys2/MINGW-packages 6e4e79c2f86eeb534e324e583f2057dc9fd5ecab),SM4-128,ttable-2k,ctr,8192,5,2910900,262144,11.104202271,0.090055996,33.259452820,ok
Windows-x86_64,13th Gen Intel(R) Core(TM) i9-13900H,clang-22.1.8 (https://github.com/msys2/MINGW-packages 6e4e79c2f86eeb534e324e583f2057dc9fd5ecab),SM4-128,ttable-2k,ctr,8192,6,2920500,262144,11.140823364,0.089759973,33.370719910,ok
Windows-x86_64,13th Gen Intel(R) Core(TM) i9-13900H,clang-22.1.8 (https://github.com/msys2/MINGW-packages 6e4e79c2f86eeb534e324e583f2057dc9fd5ecab),SM4-128,ttable-2k,ctr,8192,7,2937900,262144,11.207199097,0.089228360,33.568153381,ok
Windows-x86_64,13th Gen Intel(R) Core(TM) i9-13900H,clang-22.1.8 (https://github.com/msys2/MINGW-packages 6e4e79c2f86eeb534e324e583f2057dc9fd5ecab),SM4-128,ttable-2k,ctr,8192,8,2885700,262144,11.008071899,0.090842430,32.971824646,ok
Windows-x86_64,13th Gen Intel(R) Core(TM) i9-13900H,clang-22.1.8 (https://github.com/msys2/MINGW-packages 6e4e79c2f86eeb534e324e583f2057dc9fd5ecab),SM4-128,ttable-2k,ctr,8192,9,3008000,262144,11.474609375,0.087148936,34.369728088,ok
Windows-x86_64,13th Gen Intel(R) Core(TM) i9-13900H,clang-22.1.8 (https://github.com/msys2/MINGW-packages 6e4e79c2f86eeb534e324e583f2057dc9fd5ecab),SM4-128,ttable-2k,ctr,8192,10,2771100,262144,10.570907593,0.094599257,31.662864685,ok
Windows-x86_64,13th Gen Intel(R) Core(TM) i9-13900H,clang-22.1.8 (https://github.com/msys2/MINGW-packages 6e4e79c2f86eeb534e324e583f2057dc9fd5ecab),SM4-128,ttable-2k,ctr,8192,11,2783900,262144,10.619735718,0.094164302,31.808547974,ok
Windows-x86_64,13th Gen Intel(R) Core(TM) i9-13900H,clang-22.1.8 (https://github.com/msys2/MINGW-packages 6e4e79c2f86eeb534e324e583f2057dc9fd5ecab),SM4-128,ttable-2k,ctr,8192,12,2872700,262144,10.958480835,0.091253525,32.822776794,ok
Windows-x86_64,13th Gen Intel(R) Core(TM) i9-13900H,clang-22.1.8 (https://github.com/msys2/MINGW-packages 6e4e79c2f86eeb534e324e583f2057dc9fd5ecab),SM4-128,ttable-2k,ctr,8192,13,2971800,262144,11.336517334,0.088210512,33.955642700,ok
Windows-x86_64,13th Gen Intel(R) Core(TM) i9-13900H,clang-22.1.8 (https://github.com/msys2/MINGW-packages 6e4e79c2f86eeb534e324e583f2057dc9fd5ecab),SM4-128,ttable-2k,ctr,8192,14,2944400,262144,11.231994629,0.089031382,33.642417908,ok
Windows-x86_64,13th Gen Intel(R) Core(TM) i9-13900H,clang-22.1.8 (https://github.com/msys2/MINGW-packages 6e4e79c2f86eeb534e324e583f2057dc9fd5ecab),SM4-128,ttable-2k,ctr,8192,15,2887500,262144,11.014938354,0.090785801,32.992080688,ok
Windows-x86_64,13th Gen Intel(R) Core(TM) i9-13900H,clang-22.1.8 (https://github.com/msys2/MINGW-packages 6e4e79c2f86eeb534e324e583f2057dc9fd5ecab),SM4-128,ttable-2k,ctr,65536,1,2891900,262144,11.031723022,0.090647671,33.043342590,ok
Windows-x86_64,13th Gen Intel(R) Core(TM) i9-13900H,clang-22.1.8 (https://github.com/msys2/MINGW-packages 6e4e79c2f86eeb534e324e583f2057dc9fd5ecab),SM4-128,ttable-2k,ctr,65536,2,2939100,262144,11.211776733,0.089191930,33.581901550,ok
Windows-x86_64,13th Gen Intel(R) Core(TM) i9-13900H,clang-22.1.8 (https://github.com/msys2/MINGW-packages 6e4e79c2f86eeb534e324e583f2057dc9fd5ecab),SM4-128,ttable-2k,ctr,65536,3,2891800,262144,11.031341553,0.090650806,33.041931152,ok
Windows-x86_64,13th Gen Intel(R) Core(TM) i9-13900H,clang-22.1.8 (https://github.com/msys2/MINGW-packages 6e4e79c2f86eeb534e324e583f2057dc9fd5ecab),SM4-128,ttable-2k,ctr,65536,4,2822100,262144,10.765457153,0.092889692,32.245422363,ok
Windows-x86_64,13th Gen Intel(R) Core(TM) i9-13900H,clang-22.1.8 (https://github.com/msys2/MINGW-packages 6e4e79c2f86eeb534e324e583f2057dc9fd5ecab),SM4-128,ttable-2k,ctr,65536,5,2905700,262144,11.084365845,0.090217159,33.200775146,ok
Windows-x86_64,13th Gen Intel(R) Core(TM) i9-13900H,clang-22.1.8 (https://github.com/msys2/MINGW-packages 6e4e79c2f86eeb534e324e583f2057dc9fd5ecab),SM4-128,ttable-2k,ctr,65536,6,2884400,262144,11.003112793,0.090883373,32.957267761,ok
Windows-x86_64,13th Gen Intel(R) Core(TM) i9-13900H,clang-22.1.8 (https://github.com/msys2/MINGW-packages 6e4e79c2f86eeb534e324e583f2057dc9fd5ecab),SM4-128,ttable-2k,ctr,65536,7,2890300,262144,11.025619507,0.090697851,33.024566650,ok
Windows-x86_64,13th Gen Intel(R) Core(TM) i9-13900H,clang-22.1.8 (https://github.com/msys2/MINGW-packages 6e4e79c2f86eeb534e324e583f2057dc9fd5ecab),SM4-128,ttable-2k,ctr,65536,8,2885400,262144,11.006927490,0.090851875,32.968940735,ok
Windows-x86_64,13th Gen Intel(R) Core(TM) i9-13900H,clang-22.1.8 (https://github.com/msys2/MINGW-packages 6e4e79c2f86eeb534e324e583f2057dc9fd5ecab),SM4-128,ttable-2k,ctr,65536,9,2885500,262144,11.007308960,0.090848726,32.969543457,ok
Windows-x86_64,13th Gen Intel(R) Core(TM) i9-13900H,clang-22.1.8 (https://github.com/msys2/MINGW-packages 6e4e79c2f86eeb534e324e583f2057dc9fd5ecab),SM4-128,ttable-2k,ctr,65536,10,2889200,262144,11.021423340,0.090732383,33.012374878,ok
Windows-x86_64,13th Gen Intel(R) Core(TM) i9-13900H,clang-22.1.8 (https://github.com/msys2/MINGW-packages 6e4e79c2f86eeb534e324e583f2057dc9fd5ecab),SM4-128,ttable-2k,ctr,65536,11,2886700,262144,11.011886597,0.090810961,32.983718872,ok
Windows-x86_64,13th Gen Intel(R) Core(TM) i9-13900H,clang-22.1.8 (https://github.com/msys2/MINGW-packages 6e4e79c2f86eeb534e324e583f2057dc9fd5ecab),SM4-128,ttable-2k,ctr,65536,12,2895400,262144,11.045074463,0.090538095,33.082252502,ok
Windows-x86_64,13th Gen Intel(R) Core(TM) i9-13900H,clang-22.1.8 (https://github.com/msys2/MINGW-packages 6e4e79c2f86eeb534e324e583f2057dc9fd5ecab),SM4-128,ttable-2k,ctr,65536,13,2955500,262144,11.274337769,0.088697006,33.769050598,ok
Windows-x86_64,13th Gen Intel(R) Core(TM) i9-13900H,clang-22.1.8 (https://github.com/msys2/MINGW-packages 6e4e79c2f86eeb534e324e583f2057dc9fd5ecab),SM4-128,ttable-2k,ctr,65536,14,2911800,262144,11.107635498,0.090028161,33.269859314,ok
Windows-x86_64,13th Gen Intel(R) Core(TM) i9-13900H,clang-22.1.8 (https://github.com/msys2/MINGW-packages 6e4e79c2f86eeb534e324e583f2057dc9fd5ecab),SM4-128,ttable-2k,ctr,65536,15,2889600,262144,11.022949219,0.090719823,33.016258240,ok
Windows-x86_64,13th Gen Intel(R) Core(TM) i9-13900H,clang-22.1.8 (https://github.com/msys2/MINGW-packages 6e4e79c2f86eeb534e324e583f2057dc9fd5ecab),SM4-128,ttable-2k,ctr,1048576,1,11532400,1048576,10.998153687,0.090924352,32.948034286,ok
Windows-x86_64,13th Gen Intel(R) Core(TM) i9-13900H,clang-22.1.8 (https://github.com/msys2/MINGW-packages 6e4e79c2f86eeb534e324e583f2057dc9fd5ecab),SM4-128,ttable-2k,ctr,1048576,2,11764800,1048576,11.219787598,0.089128247,33.605907440,ok
Windows-x86_64,13th Gen Intel(R) Core(TM) i9-13900H,clang-22.1.8 (https://github.com/msys2/MINGW-packages 6e4e79c2f86eeb534e324e583f2057dc9fd5ecab),SM4-128,ttable-2k,ctr,1048576,3,11628000,1048576,11.089324951,0.090176815,33.214781761,ok
Windows-x86_64,13th Gen Intel(R) Core(TM) i9-13900H,clang-22.1.8 (https://github.com/msys2/MINGW-packages 6e4e79c2f86eeb534e324e583f2057dc9fd5ecab),SM4-128,ttable-2k,ctr,1048576,4,11376800,1048576,10.849761963,0.092167921,32.497363091,ok
Windows-x86_64,13th Gen Intel(R) Core(TM) i9-13900H,clang-22.1.8 (https://github.com/msys2/MINGW-packages 6e4e79c2f86eeb534e324e583f2057dc9fd5ecab),SM4-128,ttable-2k,ctr,1048576,5,11673700,1048576,11.132907867,0.089823792,33.345621109,ok
Windows-x86_64,13th Gen Intel(R) Core(TM) i9-13900H,clang-22.1.8 (https://github.com/msys2/MINGW-packages 6e4e79c2f86eeb534e324e583f2057dc9fd5ecab),SM4-128,ttable-2k,ctr,1048576,6,11586400,1048576,11.049652100,0.090500587,33.095972061,ok
Windows-x86_64,13th Gen Intel(R) Core(TM) i9-13900H,clang-22.1.8 (https://github.com/msys2/MINGW-packages 6e4e79c2f86eeb534e324e583f2057dc9fd5ecab),SM4-128,ttable-2k,ctr,1048576,7,11725600,1048576,11.182403564,0.089426213,33.493793488,ok
Windows-x86_64,13th Gen Intel(R) Core(TM) i9-13900H,clang-22.1.8 (https://github.com/msys2/MINGW-packages 6e4e79c2f86eeb534e324e583f2057dc9fd5ecab),SM4-128,ttable-2k,ctr,1048576,8,11595200,1048576,11.058044434,0.090431903,33.121150970,ok
Windows-x86_64,13th Gen Intel(R) Core(TM) i9-13900H,clang-22.1.8 (https://github.com/msys2/MINGW-packages 6e4e79c2f86eeb534e324e583f2057dc9fd5ecab),SM4-128,ttable-2k,ctr,1048576,9,11619900,1048576,11.081600189,0.090239675,33.191936493,ok
Windows-x86_64,13th Gen Intel(R) Core(TM) i9-13900H,clang-22.1.8 (https://github.com/msys2/MINGW-packages 6e4e79c2f86eeb534e324e583f2057dc9fd5ecab),SM4-128,ttable-2k,ctr,1048576,10,11565900,1048576,11.030101776,0.090660995,33.037607193,ok
Windows-x86_64,13th Gen Intel(R) Core(TM) i9-13900H,clang-22.1.8 (https://github.com/msys2/MINGW-packages 6e4e79c2f86eeb534e324e583f2057dc9fd5ecab),SM4-128,ttable-2k,ctr,1048576,11,11555600,1048576,11.020278931,0.090741805,33.008390427,ok
Windows-x86_64,13th Gen Intel(R) Core(TM) i9-13900H,clang-22.1.8 (https://github.com/msys2/MINGW-packages 6e4e79c2f86eeb534e324e583f2057dc9fd5ecab),SM4-128,ttable-2k,ctr,1048576,12,11660600,1048576,11.120414734,0.089924704,33.308092117,ok
Windows-x86_64,13th Gen Intel(R) Core(TM) i9-13900H,clang-22.1.8 (https://github.com/msys2/MINGW-packages 6e4e79c2f86eeb534e324e583f2057dc9fd5ecab),SM4-128,ttable-2k,ctr,1048576,13,11585000,1048576,11.048316956,0.090511524,33.091979980,ok
Windows-x86_64,13th Gen Intel(R) Core(TM) i9-13900H,clang-22.1.8 (https://github.com/msys2/MINGW-packages 6e4e79c2f86eeb534e324e583f2057dc9fd5ecab),SM4-128,ttable-2k,ctr,1048576,14,11738200,1048576,11.194419861,0.089330221,33.529930115,ok
Windows-x86_64,13th Gen Intel(R) Core(TM) i9-13900H,clang-22.1.8 (https://github.com/msys2/MINGW-packages 6e4e79c2f86eeb534e324e583f2057dc9fd5ecab),SM4-128,ttable-2k,ctr,1048576,15,11664700,1048576,11.124324799,0.089893096,33.319576263,ok
Windows-x86_64,13th Gen Intel(R) Core(TM) i9-13900H,clang-22.1.8 (https://github.com/msys2/MINGW-packages 6e4e79c2f86eeb534e324e583f2057dc9fd5ecab),SM4-128,aes-hw,ctr,64,1,1581200,262144,6.031799316,0.165788009,18.068840027,ok
Windows-x86_64,13th Gen Intel(R) Core(TM) i9-13900H,clang-22.1.8 (https://github.com/msys2/MINGW-packages 6e4e79c2f86eeb534e324e583f2057dc9fd5ecab),SM4-128,aes-hw,ctr,64,2,1572900,262144,6.000137329,0.166662852,17.971931458,ok
Windows-x86_64,13th Gen Intel(R) Core(TM) i9-13900H,clang-22.1.8 (https://github.com/msys2/MINGW-packages 6e4e79c2f86eeb534e324e583f2057dc9fd5ecab),SM4-128,aes-hw,ctr,64,3,1571100,262144,5.993270874,0.166853797,17.950950623,ok
Windows-x86_64,13th Gen Intel(R) Core(TM) i9-13900H,clang-22.1.8 (https://github.com/msys2/MINGW-packages 6e4e79c2f86eeb534e324e583f2057dc9fd5ecab),SM4-128,aes-hw,ctr,64,4,1568800,262144,5.984497070,0.167098419,17.925682068,ok
Windows-x86_64,13th Gen Intel(R) Core(TM) i9-13900H,clang-22.1.8 (https://github.com/msys2/MINGW-packages 6e4e79c2f86eeb534e324e583f2057dc9fd5ecab),SM4-128,aes-hw,ctr,64,5,1571900,262144,5.996322632,0.166768878,17.960357666,ok
Windows-x86_64,13th Gen Intel(R) Core(TM) i9-13900H,clang-22.1.8 (https://github.com/msys2/MINGW-packages 6e4e79c2f86eeb534e324e583f2057dc9fd5ecab),SM4-128,aes-hw,ctr,64,6,1580600,262144,6.029510498,0.165850943,18.060653687,ok
Windows-x86_64,13th Gen Intel(R) Core(TM) i9-13900H,clang-22.1.8 (https://github.com/msys2/MINGW-packages 6e4e79c2f86eeb534e324e583f2057dc9fd5ecab),SM4-128,aes-hw,ctr,64,7,1572200,262144,5.997467041,0.166737056,17.964393616,ok
Windows-x86_64,13th Gen Intel(R) Core(TM) i9-13900H,clang-22.1.8 (https://github.com/msys2/MINGW-packages 6e4e79c2f86eeb534e324e583f2057dc9fd5ecab),SM4-128,aes-hw,ctr,64,8,1592400,262144,6.074523926,0.164621954,18.195564270,ok
Windows-x86_64,13th Gen Intel(R) Core(TM) i9-13900H,clang-22.1.8 (https://github.com/msys2/MINGW-packages 6e4e79c2f86eeb534e324e583f2057dc9fd5ecab),SM4-128,aes-hw,ctr,64,9,1634100,262144,6.233596802,0.160421027,18.672416687,ok
Windows-x86_64,13th Gen Intel(R) Core(TM) i9-13900H,clang-22.1.8 (https://github.com/msys2/MINGW-packages 6e4e79c2f86eeb534e324e583f2057dc9fd5ecab),SM4-128,aes-hw,ctr,64,10,1616800,262144,6.167602539,0.162137556,18.473846436,ok
Windows-x86_64,13th Gen Intel(R) Core(TM) i9-13900H,clang-22.1.8 (https://github.com/msys2/MINGW-packages 6e4e79c2f86eeb534e324e583f2057dc9fd5ecab),SM4-128,aes-hw,ctr,64,11,1608800,262144,6.137084961,0.162943809,18.382095337,ok
Windows-x86_64,13th Gen Intel(R) Core(TM) i9-13900H,clang-22.1.8 (https://github.com/msys2/MINGW-packages 6e4e79c2f86eeb534e324e583f2057dc9fd5ecab),SM4-128,aes-hw,ctr,64,12,1610400,262144,6.143188477,0.162781918,18.400703430,ok
Windows-x86_64,13th Gen Intel(R) Core(TM) i9-13900H,clang-22.1.8 (https://github.com/msys2/MINGW-packages 6e4e79c2f86eeb534e324e583f2057dc9fd5ecab),SM4-128,aes-hw,ctr,64,13,1621900,262144,6.187057495,0.161627721,18.531845093,ok
Windows-x86_64,13th Gen Intel(R) Core(TM) i9-13900H,clang-22.1.8 (https://github.com/msys2/MINGW-packages 6e4e79c2f86eeb534e324e583f2057dc9fd5ecab),SM4-128,aes-hw,ctr,64,14,1617000,262144,6.168365479,0.162117502,18.480033875,ok
Windows-x86_64,13th Gen Intel(R) Core(TM) i9-13900H,clang-22.1.8 (https://github.com/msys2/MINGW-packages 6e4e79c2f86eeb534e324e583f2057dc9fd5ecab),SM4-128,aes-hw,ctr,64,15,1600900,262144,6.106948853,0.163747892,18.291564941,ok
Windows-x86_64,13th Gen Intel(R) Core(TM) i9-13900H,clang-22.1.8 (https://github.com/msys2/MINGW-packages 6e4e79c2f86eeb534e324e583f2057dc9fd5ecab),SM4-128,aes-hw,ctr,512,1,1591400,262144,6.070709229,0.164725399,18.184509277,ok
Windows-x86_64,13th Gen Intel(R) Core(TM) i9-13900H,clang-22.1.8 (https://github.com/msys2/MINGW-packages 6e4e79c2f86eeb534e324e583f2057dc9fd5ecab),SM4-128,aes-hw,ctr,512,2,1594200,262144,6.081390381,0.164436081,18.215133667,ok
Windows-x86_64,13th Gen Intel(R) Core(TM) i9-13900H,clang-22.1.8 (https://github.com/msys2/MINGW-packages 6e4e79c2f86eeb534e324e583f2057dc9fd5ecab),SM4-128,aes-hw,ctr,512,3,1554400,262144,5.929565430,0.168646423,17.760017395,ok
Windows-x86_64,13th Gen Intel(R) Core(TM) i9-13900H,clang-22.1.8 (https://github.com/msys2/MINGW-packages 6e4e79c2f86eeb534e324e583f2057dc9fd5ecab),SM4-128,aes-hw,ctr,512,4,1555500,262144,5.933761597,0.168527162,17.773353577,ok
Windows-x86_64,13th Gen Intel(R) Core(TM) i9-13900H,clang-22.1.8 (https://github.com/msys2/MINGW-packages 6e4e79c2f86eeb534e324e583f2057dc9fd5ecab),SM4-128,aes-hw,ctr,512,5,1585900,262144,6.049728394,0.165296677,18.120162964,ok
Windows-x86_64,13th Gen Intel(R) Core(TM) i9-13900H,clang-22.1.8 (https://github.com/msys2/MINGW-packages 6e4e79c2f86eeb534e324e583f2057dc9fd5ecab),SM4-128,aes-hw,ctr,512,6,1548800,262144,5.908203125,0.169256198,17.696266174,ok
Windows-x86_64,13th Gen Intel(R) Core(TM) i9-13900H,clang-22.1.8 (https://github.com/msys2/MINGW-packages 6e4e79c2f86eeb534e324e583f2057dc9fd5ecab),SM4-128,aes-hw,ctr,512,7,1533600,262144,5.850219727,0.170933751,17.523002625,ok
Windows-x86_64,13th Gen Intel(R) Core(TM) i9-13900H,clang-22.1.8 (https://github.com/msys2/MINGW-packages 6e4e79c2f86eeb534e324e583f2057dc9fd5ecab),SM4-128,aes-hw,ctr,512,8,1515000,262144,5.779266357,0.173032343,17.310249329,ok
Windows-x86_64,13th Gen Intel(R) Core(TM) i9-13900H,clang-22.1.8 (https://github.com/msys2/MINGW-packages 6e4e79c2f86eeb534e324e583f2057dc9fd5ecab),SM4-128,aes-hw,ctr,512,9,1535100,262144,5.855941772,0.170766725,17.540245056,ok
Windows-x86_64,13th Gen Intel(R) Core(TM) i9-13900H,clang-22.1.8 (https://github.com/msys2/MINGW-packages 6e4e79c2f86eeb534e324e583f2057dc9fd5ecab),SM4-128,aes-hw,ctr,512,10,1522500,262144,5.807876587,0.172179967,17.397041321,ok
Windows-x86_64,13th Gen Intel(R) Core(TM) i9-13900H,clang-22.1.8 (https://github.com/msys2/MINGW-packages 6e4e79c2f86eeb534e324e583f2057dc9fd5ecab),SM4-128,aes-hw,ctr,512,11,1518900,262144,5.794143677,0.172588057,17.355621338,ok
Windows-x86_64,13th Gen Intel(R) Core(TM) i9-13900H,clang-22.1.8 (https://github.com/msys2/MINGW-packages 6e4e79c2f86eeb534e324e583f2057dc9fd5ecab),SM4-128,aes-hw,ctr,512,12,1515500,262144,5.781173706,0.172975256,17.315910339,ok
Windows-x86_64,13th Gen Intel(R) Core(TM) i9-13900H,clang-22.1.8 (https://github.com/msys2/MINGW-packages 6e4e79c2f86eeb534e324e583f2057dc9fd5ecab),SM4-128,aes-hw,ctr,512,13,1512600,262144,5.770111084,0.173306889,17.283622742,ok
Windows-x86_64,13th Gen Intel(R) Core(TM) i9-13900H,clang-22.1.8 (https://github.com/msys2/MINGW-packages 6e4e79c2f86eeb534e324e583f2057dc9fd5ecab),SM4-128,aes-hw,ctr,512,14,1536100,262144,5.859756470,0.170655556,17.551818848,ok
Windows-x86_64,13th Gen Intel(R) Core(TM) i9-13900H,clang-22.1.8 (https://github.com/msys2/MINGW-packages 6e4e79c2f86eeb534e324e583f2057dc9fd5ecab),SM4-128,aes-hw,ctr,512,15,1563700,262144,5.965042114,0.167643410,17.866455078,ok
Windows-x86_64,13th Gen Intel(R) Core(TM) i9-13900H,clang-22.1.8 (https://github.com/msys2/MINGW-packages 6e4e79c2f86eeb534e324e583f2057dc9fd5ecab),SM4-128,aes-hw,ctr,4096,1,1572800,262144,5.999755859,0.166673449,17.972557068,ok
Windows-x86_64,13th Gen Intel(R) Core(TM) i9-13900H,clang-22.1.8 (https://github.com/msys2/MINGW-packages 6e4e79c2f86eeb534e324e583f2057dc9fd5ecab),SM4-128,aes-hw,ctr,4096,2,1550100,262144,5.913162231,0.169114251,17.711433411,ok
Windows-x86_64,13th Gen Intel(R) Core(TM) i9-13900H,clang-22.1.8 (https://github.com/msys2/MINGW-packages 6e4e79c2f86eeb534e324e583f2057dc9fd5ecab),SM4-128,aes-hw,ctr,4096,3,1532900,262144,5.847549438,0.171011808,17.516212463,ok
Windows-x86_64,13th Gen Intel(R) Core(TM) i9-13900H,clang-22.1.8 (https://github.com/msys2/MINGW-packages 6e4e79c2f86eeb534e324e583f2057dc9fd5ecab),SM4-128,aes-hw,ctr,4096,4,1511500,262144,5.765914917,0.173433014,17.270492554,ok
Windows-x86_64,13th Gen Intel(R) Core(TM) i9-13900H,clang-22.1.8 (https://github.com/msys2/MINGW-packages 6e4e79c2f86eeb534e324e583f2057dc9fd5ecab),SM4-128,aes-hw,ctr,4096,5,1513500,262144,5.773544312,0.173203832,17.293289185,ok
Windows-x86_64,13th Gen Intel(R) Core(TM) i9-13900H,clang-22.1.8 (https://github.com/msys2/MINGW-packages 6e4e79c2f86eeb534e324e583f2057dc9fd5ecab),SM4-128,aes-hw,ctr,4096,6,1538200,262144,5.867767334,0.170422572,17.575073242,ok
Windows-x86_64,13th Gen Intel(R) Core(TM) i9-13900H,clang-22.1.8 (https://github.com/msys2/MINGW-packages 6e4e79c2f86eeb534e324e583f2057dc9fd5ecab),SM4-128,aes-hw,ctr,4096,7,1555900,262144,5.935287476,0.168483836,17.778236389,ok
Windows-x86_64,13th Gen Intel(R) Core(TM) i9-13900H,clang-22.1.8 (https://github.com/msys2/MINGW-packages 6e4e79c2f86eeb534e324e583f2057dc9fd5ecab),SM4-128,aes-hw,ctr,4096,8,1552600,262144,5.922698975,0.168841943,17.740333557,ok
Windows-x86_64,13th Gen Intel(R) Core(TM) i9-13900H,clang-22.1.8 (https://github.com/msys2/MINGW-packages 6e4e79c2f86eeb534e324e583f2057dc9fd5ecab),SM4-128,aes-hw,ctr,4096,9,1551100,262144,5.916976929,0.169005222,17.722824097,ok
Windows-x86_64,13th Gen Intel(R) Core(TM) i9-13900H,clang-22.1.8 (https://github.com/msys2/MINGW-packages 6e4e79c2f86eeb534e324e583f2057dc9fd5ecab),SM4-128,aes-hw,ctr,4096,10,1554300,262144,5.929183960,0.168657273,17.759864807,ok
Windows-x86_64,13th Gen Intel(R) Core(TM) i9-13900H,clang-22.1.8 (https://github.com/msys2/MINGW-packages 6e4e79c2f86eeb534e324e583f2057dc9fd5ecab),SM4-128,aes-hw,ctr,4096,11,1548000,262144,5.905151367,0.169343669,17.688316345,ok
Windows-x86_64,13th Gen Intel(R) Core(TM) i9-13900H,clang-22.1.8 (https://github.com/msys2/MINGW-packages 6e4e79c2f86eeb534e324e583f2057dc9fd5ecab),SM4-128,aes-hw,ctr,4096,12,1521900,262144,5.805587769,0.172247848,17.389457703,ok
Windows-x86_64,13th Gen Intel(R) Core(TM) i9-13900H,clang-22.1.8 (https://github.com/msys2/MINGW-packages 6e4e79c2f86eeb534e324e583f2057dc9fd5ecab),SM4-128,aes-hw,ctr,4096,13,1541600,262144,5.880737305,0.170046705,17.615394592,ok
Windows-x86_64,13th Gen Intel(R) Core(TM) i9-13900H,clang-22.1.8 (https://github.com/msys2/MINGW-packages 6e4e79c2f86eeb534e324e583f2057dc9fd5ecab),SM4-128,aes-hw,ctr,4096,14,1538000,262144,5.867004395,0.170444733,17.572654724,ok
Windows-x86_64,13th Gen Intel(R) Core(TM) i9-13900H,clang-22.1.8 (https://github.com/msys2/MINGW-packages 6e4e79c2f86eeb534e324e583f2057dc9fd5ecab),SM4-128,aes-hw,ctr,4096,15,1535500,262144,5.857467651,0.170722240,17.545120239,ok
Windows-x86_64,13th Gen Intel(R) Core(TM) i9-13900H,clang-22.1.8 (https://github.com/msys2/MINGW-packages 6e4e79c2f86eeb534e324e583f2057dc9fd5ecab),SM4-128,aes-hw,ctr,8192,1,1530600,262144,5.838775635,0.171268783,17.490707397,ok
Windows-x86_64,13th Gen Intel(R) Core(TM) i9-13900H,clang-22.1.8 (https://github.com/msys2/MINGW-packages 6e4e79c2f86eeb534e324e583f2057dc9fd5ecab),SM4-128,aes-hw,ctr,8192,2,1521900,262144,5.805587769,0.172247848,17.388725281,ok
Windows-x86_64,13th Gen Intel(R) Core(TM) i9-13900H,clang-22.1.8 (https://github.com/msys2/MINGW-packages 6e4e79c2f86eeb534e324e583f2057dc9fd5ecab),SM4-128,aes-hw,ctr,8192,3,1510800,262144,5.763244629,0.173513370,17.263046265,ok
Windows-x86_64,13th Gen Intel(R) Core(TM) i9-13900H,clang-22.1.8 (https://github.com/msys2/MINGW-packages 6e4e79c2f86eeb534e324e583f2057dc9fd5ecab),SM4-128,aes-hw,ctr,8192,4,1516200,262144,5.783843994,0.172895396,17.324691772,ok
Windows-x86_64,13th Gen Intel(R) Core(TM) i9-13900H,clang-22.1.8 (https://github.com/msys2/MINGW-packages 6e4e79c2f86eeb534e324e583f2057dc9fd5ecab),SM4-128,aes-hw,ctr,8192,5,1514300,262144,5.776596069,0.173112329,17.302413940,ok
Windows-x86_64,13th Gen Intel(R) Core(TM) i9-13900H,clang-22.1.8 (https://github.com/msys2/MINGW-packages 6e4e79c2f86eeb534e324e583f2057dc9fd5ecab),SM4-128,aes-hw,ctr,8192,6,1516600,262144,5.785369873,0.172849796,17.328125000,ok
Windows-x86_64,13th Gen Intel(R) Core(TM) i9-13900H,clang-22.1.8 (https://github.com/msys2/MINGW-packages 6e4e79c2f86eeb534e324e583f2057dc9fd5ecab),SM4-128,aes-hw,ctr,8192,7,1547700,262144,5.904006958,0.169376494,17.683738708,ok
Windows-x86_64,13th Gen Intel(R) Core(TM) i9-13900H,clang-22.1.8 (https://github.com/msys2/MINGW-packages 6e4e79c2f86eeb534e324e583f2057dc9fd5ecab),SM4-128,aes-hw,ctr,8192,8,1561500,262144,5.956649780,0.167879603,17.842018127,ok
Windows-x86_64,13th Gen Intel(R) Core(TM) i9-13900H,clang-22.1.8 (https://github.com/msys2/MINGW-packages 6e4e79c2f86eeb534e324e583f2057dc9fd5ecab),SM4-128,aes-hw,ctr,8192,9,1570800,262144,5.992126465,0.166885663,17.948303223,ok
Windows-x86_64,13th Gen Intel(R) Core(TM) i9-13900H,clang-22.1.8 (https://github.com/msys2/MINGW-packages 6e4e79c2f86eeb534e324e583f2057dc9fd5ecab),SM4-128,aes-hw,ctr,8192,10,1547400,262144,5.902862549,0.169409332,17.680168152,ok
Windows-x86_64,13th Gen Intel(R) Core(TM) i9-13900H,clang-22.1.8 (https://github.com/msys2/MINGW-packages 6e4e79c2f86eeb534e324e583f2057dc9fd5ecab),SM4-128,aes-hw,ctr,8192,11,1549800,262144,5.912017822,0.169146987,17.708007812,ok
Windows-x86_64,13th Gen Intel(R) Core(TM) i9-13900H,clang-22.1.8 (https://github.com/msys2/MINGW-packages 6e4e79c2f86eeb534e324e583f2057dc9fd5ecab),SM4-128,aes-hw,ctr,8192,12,1555500,262144,5.933761597,0.168527162,17.774185181,ok
Windows-x86_64,13th Gen Intel(R) Core(TM) i9-13900H,clang-22.1.8 (https://github.com/msys2/MINGW-packages 6e4e79c2f86eeb534e324e583f2057dc9fd5ecab),SM4-128,aes-hw,ctr,8192,13,1551400,262144,5.918121338,0.168972541,17.726646423,ok
Windows-x86_64,13th Gen Intel(R) Core(TM) i9-13900H,clang-22.1.8 (https://github.com/msys2/MINGW-packages 6e4e79c2f86eeb534e324e583f2057dc9fd5ecab),SM4-128,aes-hw,ctr,8192,14,1536700,262144,5.862045288,0.170588924,17.558616638,ok
Windows-x86_64,13th Gen Intel(R) Core(TM) i9-13900H,clang-22.1.8 (https://github.com/msys2/MINGW-packages 6e4e79c2f86eeb534e324e583f2057dc9fd5ecab),SM4-128,aes-hw,ctr,8192,15,1515000,262144,5.779266357,0.173032343,17.310699463,ok
Windows-x86_64,13th Gen Intel(R) Core(TM) i9-13900H,clang-22.1.8 (https://github.com/msys2/MINGW-packages 6e4e79c2f86eeb534e324e583f2057dc9fd5ecab),SM4-128,aes-hw,ctr,65536,1,1572500,262144,5.998611450,0.166705246,17.968925476,ok
Windows-x86_64,13th Gen Intel(R) Core(TM) i9-13900H,clang-22.1.8 (https://github.com/msys2/MINGW-packages 6e4e79c2f86eeb534e324e583f2057dc9fd5ecab),SM4-128,aes-hw,ctr,65536,2,1521900,262144,5.805587769,0.172247848,17.389953613,ok
Windows-x86_64,13th Gen Intel(R) Core(TM) i9-13900H,clang-22.1.8 (https://github.com/msys2/MINGW-packages 6e4e79c2f86eeb534e324e583f2057dc9fd5ecab),SM4-128,aes-hw,ctr,65536,3,1550700,262144,5.915451050,0.169048817,17.718795776,ok
Windows-x86_64,13th Gen Intel(R) Core(TM) i9-13900H,clang-22.1.8 (https://github.com/msys2/MINGW-packages 6e4e79c2f86eeb534e324e583f2057dc9fd5ecab),SM4-128,aes-hw,ctr,65536,4,1564600,262144,5.968475342,0.167546977,17.877304077,ok
Windows-x86_64,13th Gen Intel(R) Core(TM) i9-13900H,clang-22.1.8 (https://github.com/msys2/MINGW-packages 6e4e79c2f86eeb534e324e583f2057dc9fd5ecab),SM4-128,aes-hw,ctr,65536,5,1553200,262144,5.924987793,0.168776719,17.747146606,ok
Windows-x86_64,13th Gen Intel(R) Core(TM) i9-13900H,clang-22.1.8 (https://github.com/msys2/MINGW-packages 6e4e79c2f86eeb534e324e583f2057dc9fd5ecab),SM4-128,aes-hw,ctr,65536,6,1559700,262144,5.949783325,0.168073347,17.821586609,ok
Windows-x86_64,13th Gen Intel(R) Core(TM) i9-13900H,clang-22.1.8 (https://github.com/msys2/MINGW-packages 6e4e79c2f86eeb534e324e583f2057dc9fd5ecab),SM4-128,aes-hw,ctr,65536,7,1572400,262144,5.998229980,0.166715848,17.966148376,ok
Windows-x86_64,13th Gen Intel(R) Core(TM) i9-13900H,clang-22.1.8 (https://github.com/msys2/MINGW-packages 6e4e79c2f86eeb534e324e583f2057dc9fd5ecab),SM4-128,aes-hw,ctr,65536,8,1567000,262144,5.977630615,0.167290364,17.904670715,ok
Windows-x86_64,13th Gen Intel(R) Core(TM) i9-13900H,clang-22.1.8 (https://github.com/msys2/MINGW-packages 6e4e79c2f86eeb534e324e583f2057dc9fd5ecab),SM4-128,aes-hw,ctr,65536,9,1560200,262144,5.951690674,0.168019485,17.826362610,ok
Windows-x86_64,13th Gen Intel(R) Core(TM) i9-13900H,clang-22.1.8 (https://github.com/msys2/MINGW-packages 6e4e79c2f86eeb534e324e583f2057dc9fd5ecab),SM4-128,aes-hw,ctr,65536,10,1536200,262144,5.860137939,0.170644447,17.552276611,ok
Windows-x86_64,13th Gen Intel(R) Core(TM) i9-13900H,clang-22.1.8 (https://github.com/msys2/MINGW-packages 6e4e79c2f86eeb534e324e583f2057dc9fd5ecab),SM4-128,aes-hw,ctr,65536,11,1539000,262144,5.870819092,0.170333983,17.584014893,ok
Windows-x86_64,13th Gen Intel(R) Core(TM) i9-13900H,clang-22.1.8 (https://github.com/msys2/MINGW-packages 6e4e79c2f86eeb534e324e583f2057dc9fd5ecab),SM4-128,aes-hw,ctr,65536,12,1591500,262144,6.071090698,0.164715049,18.185073853,ok
Windows-x86_64,13th Gen Intel(R) Core(TM) i9-13900H,clang-22.1.8 (https://github.com/msys2/MINGW-packages 6e4e79c2f86eeb534e324e583f2057dc9fd5ecab),SM4-128,aes-hw,ctr,65536,13,1591300,262144,6.070327759,0.164735751,18.182304382,ok
Windows-x86_64,13th Gen Intel(R) Core(TM) i9-13900H,clang-22.1.8 (https://github.com/msys2/MINGW-packages 6e4e79c2f86eeb534e324e583f2057dc9fd5ecab),SM4-128,aes-hw,ctr,65536,14,1592100,262144,6.073379517,0.164652974,18.191665649,ok
Windows-x86_64,13th Gen Intel(R) Core(TM) i9-13900H,clang-22.1.8 (https://github.com/msys2/MINGW-packages 6e4e79c2f86eeb534e324e583f2057dc9fd5ecab),SM4-128,aes-hw,ctr,65536,15,1559600,262144,5.949401855,0.168084124,17.819808960,ok
Windows-x86_64,13th Gen Intel(R) Core(TM) i9-13900H,clang-22.1.8 (https://github.com/msys2/MINGW-packages 6e4e79c2f86eeb534e324e583f2057dc9fd5ecab),SM4-128,aes-hw,ctr,1048576,1,6237000,1048576,5.948066711,0.168121853,17.822668076,ok
Windows-x86_64,13th Gen Intel(R) Core(TM) i9-13900H,clang-22.1.8 (https://github.com/msys2/MINGW-packages 6e4e79c2f86eeb534e324e583f2057dc9fd5ecab),SM4-128,aes-hw,ctr,1048576,2,6225600,1048576,5.937194824,0.168429710,17.783420563,ok
Windows-x86_64,13th Gen Intel(R) Core(TM) i9-13900H,clang-22.1.8 (https://github.com/msys2/MINGW-packages 6e4e79c2f86eeb534e324e583f2057dc9fd5ecab),SM4-128,aes-hw,ctr,1048576,3,6171500,1048576,5.885601044,0.169906182,17.628847122,ok
Windows-x86_64,13th Gen Intel(R) Core(TM) i9-13900H,clang-22.1.8 (https://github.com/msys2/MINGW-packages 6e4e79c2f86eeb534e324e583f2057dc9fd5ecab),SM4-128,aes-hw,ctr,1048576,4,6255900,1048576,5.966091156,0.167613932,17.869737625,ok
Windows-x86_64,13th Gen Intel(R) Core(TM) i9-13900H,clang-22.1.8 (https://github.com/msys2/MINGW-packages 6e4e79c2f86eeb534e324e583f2057dc9fd5ecab),SM4-128,aes-hw,ctr,1048576,5,6161800,1048576,5.876350403,0.170173651,17.601053238,ok
Windows-x86_64,13th Gen Intel(R) Core(TM) i9-13900H,clang-22.1.8 (https://github.com/msys2/MINGW-packages 6e4e79c2f86eeb534e324e583f2057dc9fd5ecab),SM4-128,aes-hw,ctr,1048576,6,6171500,1048576,5.885601044,0.169906182,17.628732681,ok
Windows-x86_64,13th Gen Intel(R) Core(TM) i9-13900H,clang-22.1.8 (https://github.com/msys2/MINGW-packages 6e4e79c2f86eeb534e324e583f2057dc9fd5ecab),SM4-128,aes-hw,ctr,1048576,7,6069500,1048576,5.788326263,0.172761512,17.337324142,ok
Windows-x86_64,13th Gen Intel(R) Core(TM) i9-13900H,clang-22.1.8 (https://github.com/msys2/MINGW-packages 6e4e79c2f86eeb534e324e583f2057dc9fd5ecab),SM4-128,aes-hw,ctr,1048576,8,6224500,1048576,5.936145782,0.168459475,17.780012131,ok
Windows-x86_64,13th Gen Intel(R) Core(TM) i9-13900H,clang-22.1.8 (https://github.com/msys2/MINGW-packages 6e4e79c2f86eeb534e324e583f2057dc9fd5ecab),SM4-128,aes-hw,ctr,1048576,9,6143800,1048576,5.859184265,0.170672222,17.549848557,ok
Windows-x86_64,13th Gen Intel(R) Core(TM) i9-13900H,clang-22.1.8 (https://github.com/msys2/MINGW-packages 6e4e79c2f86eeb534e324e583f2057dc9fd5ecab),SM4-128,aes-hw,ctr,1048576,10,6088200,1048576,5.806159973,0.172230873,17.390804291,ok
Windows-x86_64,13th Gen Intel(R) Core(TM) i9-13900H,clang-22.1.8 (https://github.com/msys2/MINGW-packages 6e4e79c2f86eeb534e324e583f2057dc9fd5ecab),SM4-128,aes-hw,ctr,1048576,11,6090200,1048576,5.808067322,0.172174313,17.396621704,ok
Windows-x86_64,13th Gen Intel(R) Core(TM) i9-13900H,clang-22.1.8 (https://github.com/msys2/MINGW-packages 6e4e79c2f86eeb534e324e583f2057dc9fd5ecab),SM4-128,aes-hw,ctr,1048576,12,5904400,1048576,5.630874634,0.177592304,16.865888596,ok
Windows-x86_64,13th Gen Intel(R) Core(TM) i9-13900H,clang-22.1.8 (https://github.com/msys2/MINGW-packages 6e4e79c2f86eeb534e324e583f2057dc9fd5ecab),SM4-128,aes-hw,ctr,1048576,13,6653100,1048576,6.344890594,0.157607131,19.004543304,ok
Windows-x86_64,13th Gen Intel(R) Core(TM) i9-13900H,clang-22.1.8 (https://github.com/msys2/MINGW-packages 6e4e79c2f86eeb534e324e583f2057dc9fd5ecab),SM4-128,aes-hw,ctr,1048576,14,6202000,1048576,5.914688110,0.169070622,17.716058731,ok
Windows-x86_64,13th Gen Intel(R) Core(TM) i9-13900H,clang-22.1.8 (https://github.com/msys2/MINGW-packages 6e4e79c2f86eeb534e324e583f2057dc9fd5ecab),SM4-128,aes-hw,ctr,1048576,15,6174200,1048576,5.888175964,0.169831881,17.636510849,ok
Windows-x86_64,13th Gen Intel(R) Core(TM) i9-13900H,clang-22.1.8 (https://github.com/msys2/MINGW-packages 6e4e79c2f86eeb534e324e583f2057dc9fd5ecab),GIFT-64/128,ref,ctr,64,1,10416500,262144,39.735794067,0.025166227,119.018875122,ok
Windows-x86_64,13th Gen Intel(R) Core(TM) i9-13900H,clang-22.1.8 (https://github.com/msys2/MINGW-packages 6e4e79c2f86eeb534e324e583f2057dc9fd5ecab),GIFT-64/128,ref,ctr,64,2,10308100,262144,39.322280884,0.025430875,117.779426575,ok
Windows-x86_64,13th Gen Intel(R) Core(TM) i9-13900H,clang-22.1.8 (https://github.com/msys2/MINGW-packages 6e4e79c2f86eeb534e324e583f2057dc9fd5ecab),GIFT-64/128,ref,ctr,64,3,10313400,262144,39.342498779,0.025417806,117.839836121,ok
Windows-x86_64,13th Gen Intel(R) Core(TM) i9-13900H,clang-22.1.8 (https://github.com/msys2/MINGW-packages 6e4e79c2f86eeb534e324e583f2057dc9fd5ecab),GIFT-64/128,ref,ctr,64,4,10061800,262144,38.382720947,0.026053390,114.964538574,ok
Windows-x86_64,13th Gen Intel(R) Core(TM) i9-13900H,clang-22.1.8 (https://github.com/msys2/MINGW-packages 6e4e79c2f86eeb534e324e583f2057dc9fd5ecab),GIFT-64/128,ref,ctr,64,5,10663200,262144,40.676879883,0.024583990,121.837173462,ok
Windows-x86_64,13th Gen Intel(R) Core(TM) i9-13900H,clang-22.1.8 (https://github.com/msys2/MINGW-packages 6e4e79c2f86eeb534e324e583f2057dc9fd5ecab),GIFT-64/128,ref,ctr,64,6,10443400,262144,39.838409424,0.025101404,119.323890686,ok
Windows-x86_64,13th Gen Intel(R) Core(TM) i9-13900H,clang-22.1.8 (https://github.com/msys2/MINGW-packages 6e4e79c2f86eeb534e324e583f2057dc9fd5ecab),GIFT-64/128,ref,ctr,64,7,10481700,262144,39.984512329,0.025009684,119.762779236,ok
Windows-x86_64,13th Gen Intel(R) Core(TM) i9-13900H,clang-22.1.8 (https://github.com/msys2/MINGW-packages 6e4e79c2f86eeb534e324e583f2057dc9fd5ecab),GIFT-64/128,ref,ctr,64,8,10359700,262144,39.519119263,0.025304208,118.368347168,ok
Windows-x86_64,13th Gen Intel(R) Core(TM) i9-13900H,clang-22.1.8 (https://github.com/msys2/MINGW-packages 6e4e79c2f86eeb534e324e583f2057dc9fd5ecab),GIFT-64/128,ref,ctr,64,9,10437000,262144,39.813995361,0.025116796,119.251548767,ok
Windows-x86_64,13th Gen Intel(R) Core(TM) i9-13900H,clang-22.1.8 (https://github.com/msys2/MINGW-packages 6e4e79c2f86eeb534e324e583f2057dc9fd5ecab),GIFT-64/128,ref,ctr,64,10,10457900,262144,39.893722534,0.025066600,119.490844727,ok
Windows-x86_64,13th Gen Intel(R) Core(TM) i9-13900H,clang-22.1.8 (https://github.com/msys2/MINGW-packages 6e4e79c2f86eeb534e324e583f2057dc9fd5ecab),GIFT-64/128,ref,ctr,64,11,10292100,262144,39.261245728,0.025470409,117.595809937,ok
Windows-x86_64,13th Gen Intel(R) Core(TM) i9-13900H,clang-22.1.8 (https://github.com/msys2/MINGW-packages 6e4e79c2f86eeb534e324e583f2057dc9fd5ecab),GIFT-64/128,ref,ctr,64,12,10535700,262144,40.190505981,0.024881498,120.379066467,ok
Windows-x86_64,13th Gen Intel(R) Core(TM) i9-13900H,clang-22.1.8 (https://github.com/msys2/MINGW-packages 6e4e79c2f86eeb534e324e583f2057dc9fd5ecab),GIFT-64/128,ref,ctr,64,13,10321000,262144,39.371490479,0.025399089,117.927513123,ok
Windows-x86_64,13th Gen Intel(R) Core(TM) i9-13900H,clang-22.1.8 (https://github.com/msys2/MINGW-packages 6e4e79c2f86eeb534e324e583f2057dc9fd5ecab),GIFT-64/128,ref,ctr,64,14,10456400,262144,39.888000488,0.025070196,119.473114014,ok
Windows-x86_64,13th Gen Intel(R) Core(TM) i9-13900H,clang-22.1.8 (https://github.com/msys2/MINGW-packages 6e4e79c2f86eeb534e324e583f2057dc9fd5ecab),GIFT-64/128,ref,ctr,64,15,10350300,262144,39.483261108,0.025327189,118.260520935,ok
Windows-x86_64,13th Gen Intel(R) Core(TM) i9-13900H,clang-22.1.8 (https://github.com/msys2/MINGW-packages 6e4e79c2f86eeb534e324e583f2057dc9fd5ecab),GIFT-64/128,ref,ctr,512,1,9958400,262144,37.988281250,0.026323907,113.796508789,ok
Windows-x86_64,13th Gen Intel(R) Core(TM) i9-13900H,clang-22.1.8 (https://github.com/msys2/MINGW-packages 6e4e79c2f86eeb534e324e583f2057dc9fd5ecab),GIFT-64/128,ref,ctr,512,2,10429700,262144,39.786148071,0.025134376,119.168647766,ok
Windows-x86_64,13th Gen Intel(R) Core(TM) i9-13900H,clang-22.1.8 (https://github.com/msys2/MINGW-packages 6e4e79c2f86eeb534e324e583f2057dc9fd5ecab),GIFT-64/128,ref,ctr,512,3,10078100,262144,38.444900513,0.026011252,115.151092529,ok
Windows-x86_64,13th Gen Intel(R) Core(TM) i9-13900H,clang-22.1.8 (https://github.com/msys2/MINGW-packages 6e4e79c2f86eeb534e324e583f2057dc9fd5ecab),GIFT-64/128,ref,ctr,512,4,10405600,262144,39.694213867,0.025192589,118.893554688,ok
Windows-x86_64,13th Gen Intel(R) Core(TM) i9-13900H,clang-22.1.8 (https://github.com/msys2/MINGW-packages 6e4e79c2f86eeb534e324e583f2057dc9fd5ecab),GIFT-64/128,ref,ctr,512,5,10342700,262144,39.454269409,0.025345799,118.174545288,ok
Windows-x86_64,13th Gen Intel(R) Core(TM) i9-13900H,clang-22.1.8 (https://github.com/msys2/MINGW-packages 6e4e79c2f86eeb534e324e583f2057dc9fd5ecab),GIFT-64/128,ref,ctr,512,6,10391900,262144,39.641952515,0.025225801,118.737075806,ok
Windows-x86_64,13th Gen Intel(R) Core(TM) i9-13900H,clang-22.1.8 (https://github.com/msys2/MINGW-packages 6e4e79c2f86eeb534e324e583f2057dc9fd5ecab),GIFT-64/128,ref,ctr,512,7,10384100,262144,39.612197876,0.025244749,118.647117615,ok
Windows-x86_64,13th Gen Intel(R) Core(TM) i9-13900H,clang-22.1.8 (https://github.com/msys2/MINGW-packages 6e4e79c2f86eeb534e324e583f2057dc9fd5ecab),GIFT-64/128,ref,ctr,512,8,10252300,262144,39.109420776,0.025569287,117.140708923,ok
Windows-x86_64,13th Gen Intel(R) Core(TM) i9-13900H,clang-22.1.8 (https://github.com/msys2/MINGW-packages 6e4e79c2f86eeb534e324e583f2057dc9fd5ecab),GIFT-64/128,ref,ctr,512,9,10489500,262144,40.014266968,0.024991086,119.851112366,ok
Windows-x86_64,13th Gen Intel(R) Core(TM) i9-13900H,clang-22.1.8 (https://github.com/msys2/MINGW-packages 6e4e79c2f86eeb534e324e583f2057dc9fd5ecab),GIFT-64/128,ref,ctr,512,10,10290500,262144,39.255142212,0.025474370,117.577529907,ok
Windows-x86_64,13th Gen Intel(R) Core(TM) i9-13900H,clang-22.1.8 (https://github.com/msys2/MINGW-packages 6e4e79c2f86eeb534e324e583f2057dc9fd5ecab),GIFT-64/128,ref,ctr,512,11,10333400,262144,39.418792725,0.025368611,118.068778992,ok
Windows-x86_64,13th Gen Intel(R) Core(TM) i9-13900H,clang-22.1.8 (https://github.com/msys2/MINGW-packages 6e4e79c2f86eeb534e324e583f2057dc9fd5ecab),GIFT-64/128,ref,ctr,512,12,10393900,262144,39.649581909,0.025220947,118.758857727,ok
Windows-x86_64,13th Gen Intel(R) Core(TM) i9-13900H,clang-22.1.8 (https://github.com/msys2/MINGW-packages 6e4e79c2f86eeb534e324e583f2057dc9fd5ecab),GIFT-64/128,ref,ctr,512,13,10249500,262144,39.098739624,0.025576272,117.108291626,ok
Windows-x86_64,13th Gen Intel(R) Core(TM) i9-13900H,clang-22.1.8 (https://github.com/msys2/MINGW-packages 6e4e79c2f86eeb534e324e583f2057dc9fd5ecab),GIFT-64/128,ref,ctr,512,14,10282500,262144,39.224624634,0.025494189,117.486335754,ok
Windows-x86_64,13th Gen Intel(R) Core(TM) i9-13900H,clang-22.1.8 (https://github.com/msys2/MINGW-packages 6e4e79c2f86eeb534e324e583f2057dc9fd5ecab),GIFT-64/128,ref,ctr,512,15,10514900,262144,40.111160278,0.024930717,120.141536713,ok
Windows-x86_64,13th Gen Intel(R) Core(TM) i9-13900H,clang-22.1.8 (https://github.com/msys2/MINGW-packages 6e4e79c2f86eeb534e324e583f2057dc9fd5ecab),GIFT-64/128,ref,ctr,4096,1,10037700,262144,38.290786743,0.026115943,114.710083008,ok
Windows-x86_64,13th Gen Intel(R) Core(TM) i9-13900H,clang-22.1.8 (https://github.com/msys2/MINGW-packages 6e4e79c2f86eeb534e324e583f2057dc9fd5ecab),GIFT-64/128,ref,ctr,4096,2,10506200,262144,40.077972412,0.024951362,120.043556213,ok
Windows-x86_64,13th Gen Intel(R) Core(TM) i9-13900H,clang-22.1.8 (https://github.com/msys2/MINGW-packages 6e4e79c2f86eeb534e324e583f2057dc9fd5ecab),GIFT-64/128,ref,ctr,4096,3,10335400,262144,39.426422119,0.025363701,118.090911865,ok
Windows-x86_64,13th Gen Intel(R) Core(TM) i9-13900H,clang-22.1.8 (https://github.com/msys2/MINGW-packages 6e4e79c2f86eeb534e324e583f2057dc9fd5ecab),GIFT-64/128,ref,ctr,4096,4,10292000,262144,39.260864258,0.025470657,117.595245361,ok
Windows-x86_64,13th Gen Intel(R) Core(TM) i9-13900H,clang-22.1.8 (https://github.com/msys2/MINGW-packages 6e4e79c2f86eeb534e324e583f2057dc9fd5ecab),GIFT-64/128,ref,ctr,4096,5,10382100,262144,39.604568481,0.025249612,118.626022339,ok
Windows-x86_64,13th Gen Intel(R) Core(TM) i9-13900H,clang-22.1.8 (https://github.com/msys2/MINGW-packages 6e4e79c2f86eeb534e324e583f2057dc9fd5ecab),GIFT-64/128,ref,ctr,4096,6,10417700,262144,39.740371704,0.025163328,119.030578613,ok
Windows-x86_64,13th Gen Intel(R) Core(TM) i9-13900H,clang-22.1.8 (https://github.com/msys2/MINGW-packages 6e4e79c2f86eeb534e324e583f2057dc9fd5ecab),GIFT-64/128,ref,ctr,4096,7,10376800,262144,39.584350586,0.025262509,118.562896729,ok
Windows-x86_64,13th Gen Intel(R) Core(TM) i9-13900H,clang-22.1.8 (https://github.com/msys2/MINGW-packages 6e4e79c2f86eeb534e324e583f2057dc9fd5ecab),GIFT-64/128,ref,ctr,4096,8,10377500,262144,39.587020874,0.025260805,118.571281433,ok
Windows-x86_64,13th Gen Intel(R) Core(TM) i9-13900H,clang-22.1.8 (https://github.com/msys2/MINGW-packages 6e4e79c2f86eeb534e324e583f2057dc9fd5ecab),GIFT-64/128,ref,ctr,4096,9,10265200,262144,39.158630371,0.025537155,117.288917542,ok
Windows-x86_64,13th Gen Intel(R) Core(TM) i9-13900H,clang-22.1.8 (https://github.com/msys2/MINGW-packages 6e4e79c2f86eeb534e324e583f2057dc9fd5ecab),GIFT-64/128,ref,ctr,4096,10,10408000,262144,39.703369141,0.025186779,118.920333862,ok
Windows-x86_64,13th Gen Intel(R) Core(TM) i9-13900H,clang-22.1.8 (https://github.com/msys2/MINGW-packages 6e4e79c2f86eeb534e324e583f2057dc9fd5ecab),GIFT-64/128,ref,ctr,4096,11,10276200,262144,39.200592041,0.025509819,117.414428711,ok
Windows-x86_64,13th Gen Intel(R) Core(TM) i9-13900H,clang-22.1.8 (https://github.com/msys2/MINGW-packages 6e4e79c2f86eeb534e324e583f2057dc9fd5ecab),GIFT-64/128,ref,ctr,4096,12,10164600,262144,38.774871826,0.025789898,116.139289856,ok
Windows-x86_64,13th Gen Intel(R) Core(TM) i9-13900H,clang-22.1.8 (https://github.com/msys2/MINGW-packages 6e4e79c2f86eeb534e324e583f2057dc9fd5ecab),GIFT-64/128,ref,ctr,4096,13,10255700,262144,39.122390747,0.025560810,117.179901123,ok
Windows-x86_64,13th Gen Intel(R) Core(TM) i9-13900H,clang-22.1.8 (https://github.com/msys2/MINGW-packages 6e4e79c2f86eeb534e324e583f2057dc9fd5ecab),GIFT-64/128,ref,ctr,4096,14,10202700,262144,38.920211792,0.025693591,116.574562073,ok
Windows-x86_64,13th Gen Intel(R) Core(TM) i9-13900H,clang-22.1.8 (https://github.com/msys2/MINGW-packages 6e4e79c2f86eeb534e324e583f2057dc9fd5ecab),GIFT-64/128,ref,ctr,4096,15,10012400,262144,38.194274902,0.026181934,114.399909973,ok
Windows-x86_64,13th Gen Intel(R) Core(TM) i9-13900H,clang-22.1.8 (https://github.com/msys2/MINGW-packages 6e4e79c2f86eeb534e324e583f2057dc9fd5ecab),GIFT-64/128,ref,ctr,8192,1,10056600,262144,38.362884521,0.026066862,114.910240173,ok
Windows-x86_64,13th Gen Intel(R) Core(TM) i9-13900H,clang-22.1.8 (https://github.com/msys2/MINGW-packages 6e4e79c2f86eeb534e324e583f2057dc9fd5ecab),GIFT-64/128,ref,ctr,8192,2,10231300,262144,39.029312134,0.025621768,116.901519775,ok
Windows-x86_64,13th Gen Intel(R) Core(TM) i9-13900H,clang-22.1.8 (https://github.com/msys2/MINGW-packages 6e4e79c2f86eeb534e324e583f2057dc9fd5ecab),GIFT-64/128,ref,ctr,8192,3,10341200,262144,39.448547363,0.025349476,118.157714844,ok
Windows-x86_64,13th Gen Intel(R) Core(TM) i9-13900H,clang-22.1.8 (https://github.com/msys2/MINGW-packages 6e4e79c2f86eeb534e324e583f2057dc9fd5ecab),GIFT-64/128,ref,ctr,8192,4,10386700,262144,39.622116089,0.025238430,118.676246643,ok
Windows-x86_64,13th Gen Intel(R) Core(TM) i9-13900H,clang-22.1.8 (https://github.com/msys2/MINGW-packages 6e4e79c2f86eeb534e324e583f2057dc9fd5ecab),GIFT-64/128,ref,ctr,8192,5,10265200,262144,39.158630371,0.025537155,117.288848877,ok
Windows-x86_64,13th Gen Intel(R) Core(TM) i9-13900H,clang-22.1.8 (https://github.com/msys2/MINGW-packages 6e4e79c2f86eeb534e324e583f2057dc9fd5ecab),GIFT-64/128,ref,ctr,8192,6,10285900,262144,39.237594604,0.025485762,117.525268555,ok
Windows-x86_64,13th Gen Intel(R) Core(TM) i9-13900H,clang-22.1.8 (https://github.com/msys2/MINGW-packages 6e4e79c2f86eeb534e324e583f2057dc9fd5ecab),GIFT-64/128,ref,ctr,8192,7,10195000,262144,38.890838623,0.025712997,116.485931396,ok
Windows-x86_64,13th Gen Intel(R) Core(TM) i9-13900H,clang-22.1.8 (https://github.com/msys2/MINGW-packages 6e4e79c2f86eeb534e324e583f2057dc9fd5ecab),GIFT-64/128,ref,ctr,8192,8,10139900,262144,38.680648804,0.025852720,115.856857300,ok
Windows-x86_64,13th Gen Intel(R) Core(TM) i9-13900H,clang-22.1.8 (https://github.com/msys2/MINGW-packages 6e4e79c2f86eeb534e324e583f2057dc9fd5ecab),GIFT-64/128,ref,ctr,8192,9,10187600,262144,38.862609863,0.025731674,116.401542664,ok
Windows-x86_64,13th Gen Intel(R) Core(TM) i9-13900H,clang-22.1.8 (https://github.com/msys2/MINGW-packages 6e4e79c2f86eeb534e324e583f2057dc9fd5ecab),GIFT-64/128,ref,ctr,8192,10,10214100,262144,38.963699341,0.025664914,116.704948425,ok
Windows-x86_64,13th Gen Intel(R) Core(TM) i9-13900H,clang-22.1.8 (https://github.com/msys2/MINGW-packages 6e4e79c2f86eeb534e324e583f2057dc9fd5ecab),GIFT-64/128,ref,ctr,8192,11,10187100,262144,38.860702515,0.025732937,116.396438599,ok
Windows-x86_64,13th Gen Intel(R) Core(TM) i9-13900H,clang-22.1.8 (https://github.com/msys2/MINGW-packages 6e4e79c2f86eeb534e324e583f2057dc9fd5ecab),GIFT-64/128,ref,ctr,8192,12,10257400,262144,39.128875732,0.025556574,117.199165344,ok
Windows-x86_64,13th Gen Intel(R) Core(TM) i9-13900H,clang-22.1.8 (https://github.com/msys2/MINGW-packages 6e4e79c2f86eeb534e324e583f2057dc9fd5ecab),GIFT-64/128,ref,ctr,8192,13,10256300,262144,39.124679565,0.025559315,117.187179565,ok
Windows-x86_64,13th Gen Intel(R) Core(TM) i9-13900H,clang-22.1.8 (https://github.com/msys2/MINGW-packages 6e4e79c2f86eeb534e324e583f2057dc9fd5ecab),GIFT-64/128,ref,ctr,8192,14,10460000,262144,39.901733398,0.025061568,119.515167236,ok
Windows-x86_64,13th Gen Intel(R) Core(TM) i9-13900H,clang-22.1.8 (https://github.com/msys2/MINGW-packages 6e4e79c2f86eeb534e324e583f2057dc9fd5ecab),GIFT-64/128,ref,ctr,8192,15,10410900,262144,39.714431763,0.025179764,118.953384399,ok
Windows-x86_64,13th Gen Intel(R) Core(TM) i9-13900H,clang-22.1.8 (https://github.com/msys2/MINGW-packages 6e4e79c2f86eeb534e324e583f2057dc9fd5ecab),GIFT-64/128,ref,ctr,65536,1,10224600,262144,39.003753662,0.025638558,116.851196289,ok
Windows-x86_64,13th Gen Intel(R) Core(TM) i9-13900H,clang-22.1.8 (https://github.com/msys2/MINGW-packages 6e4e79c2f86eeb534e324e583f2057dc9fd5ecab),GIFT-64/128,ref,ctr,65536,2,10345200,262144,39.463806152,0.025339674,118.203102112,ok
Windows-x86_64,13th Gen Intel(R) Core(TM) i9-13900H,clang-22.1.8 (https://github.com/msys2/MINGW-packages 6e4e79c2f86eeb534e324e583f2057dc9fd5ecab),GIFT-64/128,ref,ctr,65536,3,10272300,262144,39.185714722,0.025519504,117.370422363,ok
Windows-x86_64,13th Gen Intel(R) Core(TM) i9-13900H,clang-22.1.8 (https://github.com/msys2/MINGW-packages 6e4e79c2f86eeb534e324e583f2057dc9fd5ecab),GIFT-64/128,ref,ctr,65536,4,10313100,262144,39.341354370,0.025418545,117.835289001,ok
Windows-x86_64,13th Gen Intel(R) Core(TM) i9-13900H,clang-22.1.8 (https://github.com/msys2/MINGW-packages 6e4e79c2f86eeb534e324e583f2057dc9fd5ecab),GIFT-64/128,ref,ctr,65536,5,10036200,262144,38.285064697,0.026119846,114.672981262,ok
Windows-x86_64,13th Gen Intel(R) Core(TM) i9-13900H,clang-22.1.8 (https://github.com/msys2/MINGW-packages 6e4e79c2f86eeb534e324e583f2057dc9fd5ecab),GIFT-64/128,ref,ctr,65536,6,10235800,262144,39.046478271,0.025610504,116.952537537,ok
Windows-x86_64,13th Gen Intel(R) Core(TM) i9-13900H,clang-22.1.8 (https://github.com/msys2/MINGW-packages 6e4e79c2f86eeb534e324e583f2057dc9fd5ecab),GIFT-64/128,ref,ctr,65536,7,10142300,262144,38.689804077,0.025846603,115.883773804,ok
Windows-x86_64,13th Gen Intel(R) Core(TM) i9-13900H,clang-22.1.8 (https://github.com/msys2/MINGW-packages 6e4e79c2f86eeb534e324e583f2057dc9fd5ecab),GIFT-64/128,ref,ctr,65536,8,10098100,262144,38.521194458,0.025959735,115.379547119,ok
Windows-x86_64,13th Gen Intel(R) Core(TM) i9-13900H,clang-22.1.8 (https://github.com/msys2/MINGW-packages 6e4e79c2f86eeb534e324e583f2057dc9fd5ecab),GIFT-64/128,ref,ctr,65536,9,10070000,262144,38.414001465,0.026032175,115.058959961,ok
Windows-x86_64,13th Gen Intel(R) Core(TM) i9-13900H,clang-22.1.8 (https://github.com/msys2/MINGW-packages 6e4e79c2f86eeb534e324e583f2057dc9fd5ecab),GIFT-64/128,ref,ctr,65536,10,10273000,262144,39.188385010,0.025517765,117.377975464,ok
Windows-x86_64,13th Gen Intel(R) Core(TM) i9-13900H,clang-22.1.8 (https://github.com/msys2/MINGW-packages 6e4e79c2f86eeb534e324e583f2057dc9fd5ecab),GIFT-64/128,ref,ctr,65536,11,10053100,262144,38.349533081,0.026075937,114.865501404,ok
Windows-x86_64,13th Gen Intel(R) Core(TM) i9-13900H,clang-22.1.8 (https://github.com/msys2/MINGW-packages 6e4e79c2f86eeb534e324e583f2057dc9fd5ecab),GIFT-64/128,ref,ctr,65536,12,9834900,262144,37.517166138,0.026654465,112.371971130,ok
Windows-x86_64,13th Gen Intel(R) Core(TM) i9-13900H,clang-22.1.8 (https://github.com/msys2/MINGW-packages 6e4e79c2f86eeb534e324e583f2057dc9fd5ecab),GIFT-64/128,ref,ctr,65536,13,10180900,262144,38.837051392,0.025748608,116.326103210,ok
Windows-x86_64,13th Gen Intel(R) Core(TM) i9-13900H,clang-22.1.8 (https://github.com/msys2/MINGW-packages 6e4e79c2f86eeb534e324e583f2057dc9fd5ecab),GIFT-64/128,ref,ctr,65536,14,10098800,262144,38.523864746,0.025957936,115.387451172,ok
Windows-x86_64,13th Gen Intel(R) Core(TM) i9-13900H,clang-22.1.8 (https://github.com/msys2/MINGW-packages 6e4e79c2f86eeb534e324e583f2057dc9fd5ecab),GIFT-64/128,ref,ctr,65536,15,10058400,262144,38.369750977,0.026062197,114.925773621,ok
Windows-x86_64,13th Gen Intel(R) Core(TM) i9-13900H,clang-22.1.8 (https://github.com/msys2/MINGW-packages 6e4e79c2f86eeb534e324e583f2057dc9fd5ecab),GIFT-64/128,ref,ctr,1048576,1,40410900,1048576,38.538837433,0.025947851,115.437194824,ok
Windows-x86_64,13th Gen Intel(R) Core(TM) i9-13900H,clang-22.1.8 (https://github.com/msys2/MINGW-packages 6e4e79c2f86eeb534e324e583f2057dc9fd5ecab),GIFT-64/128,ref,ctr,1048576,2,41153700,1048576,39.247226715,0.025479507,117.553726196,ok
Windows-x86_64,13th Gen Intel(R) Core(TM) i9-13900H,clang-22.1.8 (https://github.com/msys2/MINGW-packages 6e4e79c2f86eeb534e324e583f2057dc9fd5ecab),GIFT-64/128,ref,ctr,1048576,3,40739100,1048576,38.851833344,0.025738811,116.369207382,ok
Windows-x86_64,13th Gen Intel(R) Core(TM) i9-13900H,clang-22.1.8 (https://github.com/msys2/MINGW-packages 6e4e79c2f86eeb534e324e583f2057dc9fd5ecab),GIFT-64/128,ref,ctr,1048576,4,40377800,1048576,38.507270813,0.025969122,115.337446213,ok
Windows-x86_64,13th Gen Intel(R) Core(TM) i9-13900H,clang-22.1.8 (https://github.com/msys2/MINGW-packages 6e4e79c2f86eeb534e324e583f2057dc9fd5ecab),GIFT-64/128,ref,ctr,1048576,5,40899300,1048576,39.004611969,0.025637994,116.827032089,ok
Windows-x86_64,13th Gen Intel(R) Core(TM) i9-13900H,clang-22.1.8 (https://github.com/msys2/MINGW-packages 6e4e79c2f86eeb534e324e583f2057dc9fd5ecab),GIFT-64/128,ref,ctr,1048576,6,41000300,1048576,39.100933075,0.025574837,117.115867615,ok
Windows-x86_64,13th Gen Intel(R) Core(TM) i9-13900H,clang-22.1.8 (https://github.com/msys2/MINGW-packages 6e4e79c2f86eeb534e324e583f2057dc9fd5ecab),GIFT-64/128,ref,ctr,1048576,7,40530700,1048576,38.653087616,0.025871154,115.774473190,ok
Windows-x86_64,13th Gen Intel(R) Core(TM) i9-13900H,clang-22.1.8 (https://github.com/msys2/MINGW-packages 6e4e79c2f86eeb534e324e583f2057dc9fd5ecab),GIFT-64/128,ref,ctr,1048576,8,41258700,1048576,39.347362518,0.025414664,117.854347229,ok
Windows-x86_64,13th Gen Intel(R) Core(TM) i9-13900H,clang-22.1.8 (https://github.com/msys2/MINGW-packages 6e4e79c2f86eeb534e324e583f2057dc9fd5ecab),GIFT-64/128,ref,ctr,1048576,9,40762700,1048576,38.874340057,0.025723909,116.436820984,ok
Windows-x86_64,13th Gen Intel(R) Core(TM) i9-13900H,clang-22.1.8 (https://github.com/msys2/MINGW-packages 6e4e79c2f86eeb534e324e583f2057dc9fd5ecab),GIFT-64/128,ref,ctr,1048576,10,40746900,1048576,38.859272003,0.025733884,116.391654968,ok
Windows-x86_64,13th Gen Intel(R) Core(TM) i9-13900H,clang-22.1.8 (https://github.com/msys2/MINGW-packages 6e4e79c2f86eeb534e324e583f2057dc9fd5ecab),GIFT-64/128,ref,ctr,1048576,11,40999800,1048576,39.100456238,0.025575149,117.114128113,ok
Windows-x86_64,13th Gen Intel(R) Core(TM) i9-13900H,clang-22.1.8 (https://github.com/msys2/MINGW-packages 6e4e79c2f86eeb534e324e583f2057dc9fd5ecab),GIFT-64/128,ref,ctr,1048576,12,40831900,1048576,38.940334320,0.025680314,116.634721756,ok
Windows-x86_64,13th Gen Intel(R) Core(TM) i9-13900H,clang-22.1.8 (https://github.com/msys2/MINGW-packages 6e4e79c2f86eeb534e324e583f2057dc9fd5ecab),GIFT-64/128,ref,ctr,1048576,13,40759800,1048576,38.871574402,0.025725740,116.428731918,ok
Windows-x86_64,13th Gen Intel(R) Core(TM) i9-13900H,clang-22.1.8 (https://github.com/msys2/MINGW-packages 6e4e79c2f86eeb534e324e583f2057dc9fd5ecab),GIFT-64/128,ref,ctr,1048576,14,40764800,1048576,38.876342773,0.025722584,116.442897797,ok
Windows-x86_64,13th Gen Intel(R) Core(TM) i9-13900H,clang-22.1.8 (https://github.com/msys2/MINGW-packages 6e4e79c2f86eeb534e324e583f2057dc9fd5ecab),GIFT-64/128,ref,ctr,1048576,15,41016700,1048576,39.116573334,0.025564611,117.162656784,ok
Windows-x86_64,13th Gen Intel(R) Core(TM) i9-13900H,clang-22.1.8 (https://github.com/msys2/MINGW-packages 6e4e79c2f86eeb534e324e583f2057dc9fd5ecab),GIFT-64/128,shuffle,ctr,64,1,2701600,262144,10.305786133,0.097032869,30.869766235,ok
Windows-x86_64,13th Gen Intel(R) Core(TM) i9-13900H,clang-22.1.8 (https://github.com/msys2/MINGW-packages 6e4e79c2f86eeb534e324e583f2057dc9fd5ecab),GIFT-64/128,shuffle,ctr,64,2,2692600,262144,10.271453857,0.097357201,30.766326904,ok
Windows-x86_64,13th Gen Intel(R) Core(TM) i9-13900H,clang-22.1.8 (https://github.com/msys2/MINGW-packages 6e4e79c2f86eeb534e324e583f2057dc9fd5ecab),GIFT-64/128,shuffle,ctr,64,3,2714000,262144,10.353088379,0.096589536,31.010269165,ok
Windows-x86_64,13th Gen Intel(R) Core(TM) i9-13900H,clang-22.1.8 (https://github.com/msys2/MINGW-packages 6e4e79c2f86eeb534e324e583f2057dc9fd5ecab),GIFT-64/128,shuffle,ctr,64,4,2685900,262144,10.245895386,0.097600060,30.689636230,ok
Windows-x86_64,13th Gen Intel(R) Core(TM) i9-13900H,clang-22.1.8 (https://github.com/msys2/MINGW-packages 6e4e79c2f86eeb534e324e583f2057dc9fd5ecab),GIFT-64/128,shuffle,ctr,64,5,2673000,262144,10.196685791,0.098071081,30.541717529,ok
Windows-x86_64,13th Gen Intel(R) Core(TM) i9-13900H,clang-22.1.8 (https://github.com/msys2/MINGW-packages 6e4e79c2f86eeb534e324e583f2057dc9fd5ecab),GIFT-64/128,shuffle,ctr,64,6,2652000,262144,10.116577148,0.098847662,30.301620483,ok
Windows-x86_64,13th Gen Intel(R) Core(TM) i9-13900H,clang-22.1.8 (https://github.com/msys2/MINGW-packages 6e4e79c2f86eeb534e324e583f2057dc9fd5ecab),GIFT-64/128,shuffle,ctr,64,7,2670700,262144,10.187911987,0.098155540,30.514503479,ok
Windows-x86_64,13th Gen Intel(R) Core(TM) i9-13900H,clang-22.1.8 (https://github.com/msys2/MINGW-packages 6e4e79c2f86eeb534e324e583f2057dc9fd5ecab),GIFT-64/128,shuffle,ctr,64,8,2690300,262144,10.262680054,0.097440434,30.739448547,ok
Windows-x86_64,13th Gen Intel(R) Core(TM) i9-13900H,clang-22.1.8 (https://github.com/msys2/MINGW-packages 6e4e79c2f86eeb534e324e583f2057dc9fd5ecab),GIFT-64/128,shuffle,ctr,64,9,2720500,262144,10.377883911,0.096358758,31.084854126,ok
Windows-x86_64,13th Gen Intel(R) Core(TM) i9-13900H,clang-22.1.8 (https://github.com/msys2/MINGW-packages 6e4e79c2f86eeb534e324e583f2057dc9fd5ecab),GIFT-64/128,shuffle,ctr,64,10,2716500,262144,10.362625122,0.096500644,31.038581848,ok
Windows-x86_64,13th Gen Intel(R) Core(TM) i9-13900H,clang-22.1.8 (https://github.com/msys2/MINGW-packages 6e4e79c2f86eeb534e324e583f2057dc9fd5ecab),GIFT-64/128,shuffle,ctr,64,11,2719600,262144,10.374450684,0.096390646,31.074836731,ok
Windows-x86_64,13th Gen Intel(R) Core(TM) i9-13900H,clang-22.1.8 (https://github.com/msys2/MINGW-packages 6e4e79c2f86eeb534e324e583f2057dc9fd5ecab),GIFT-64/128,shuffle,ctr,64,12,2714400,262144,10.354614258,0.096575302,31.015312195,ok
Windows-x86_64,13th Gen Intel(R) Core(TM) i9-13900H,clang-22.1.8 (https://github.com/msys2/MINGW-packages 6e4e79c2f86eeb534e324e583f2057dc9fd5ecab),GIFT-64/128,shuffle,ctr,64,13,2699100,262144,10.296249390,0.097122745,30.839691162,ok
Windows-x86_64,13th Gen Intel(R) Core(TM) i9-13900H,clang-22.1.8 (https://github.com/msys2/MINGW-packages 6e4e79c2f86eeb534e324e583f2057dc9fd5ecab),GIFT-64/128,shuffle,ctr,64,14,2652100,262144,10.116958618,0.098843935,30.302703857,ok
Windows-x86_64,13th Gen Intel(R) Core(TM) i9-13900H,clang-22.1.8 (https://github.com/msys2/MINGW-packages 6e4e79c2f86eeb534e324e583f2057dc9fd5ecab),GIFT-64/128,shuffle,ctr,64,15,2702100,262144,10.307693481,0.097014914,30.874000549,ok
Windows-x86_64,13th Gen Intel(R) Core(TM) i9-13900H,clang-22.1.8 (https://github.com/msys2/MINGW-packages 6e4e79c2f86eeb534e324e583f2057dc9fd5ecab),GIFT-64/128,shuffle,ctr,512,1,2637800,262144,10.062408447,0.099379786,30.143463135,ok
Windows-x86_64,13th Gen Intel(R) Core(TM) i9-13900H,clang-22.1.8 (https://github.com/msys2/MINGW-packages 6e4e79c2f86eeb534e324e583f2057dc9fd5ecab),GIFT-64/128,shuffle,ctr,512,2,2653700,262144,10.123062134,0.098784339,30.321578979,ok
Windows-x86_64,13th Gen Intel(R) Core(TM) i9-13900H,clang-22.1.8 (https://github.com/msys2/MINGW-packages 6e4e79c2f86eeb534e324e583f2057dc9fd5ecab),GIFT-64/128,shuffle,ctr,512,3,2697300,262144,10.289382935,0.097187558,30.820190430,ok
Windows-x86_64,13th Gen Intel(R) Core(TM) i9-13900H,clang-22.1.8 (https://github.com/msys2/MINGW-packages 6e4e79c2f86eeb534e324e583f2057dc9fd5ecab),GIFT-64/128,shuffle,ctr,512,4,2632900,262144,10.043716431,0.099564739,30.083076477,ok
Windows-x86_64,13th Gen Intel(R) Core(TM) i9-13900H,clang-22.1.8 (https://github.com/msys2/MINGW-packages 6e4e79c2f86eeb534e324e583f2057dc9fd5ecab),GIFT-64/128,shuffle,ctr,512,5,2632700,262144,10.042953491,0.099572302,30.082077026,ok
Windows-x86_64,13th Gen Intel(R) Core(TM) i9-13900H,clang-22.1.8 (https://github.com/msys2/MINGW-packages 6e4e79c2f86eeb534e324e583f2057dc9fd5ecab),GIFT-64/128,shuffle,ctr,512,6,2630100,262144,10.033035278,0.099670735,30.051826477,ok
Windows-x86_64,13th Gen Intel(R) Core(TM) i9-13900H,clang-22.1.8 (https://github.com/msys2/MINGW-packages 6e4e79c2f86eeb534e324e583f2057dc9fd5ecab),GIFT-64/128,shuffle,ctr,512,7,2634300,262144,10.049057007,0.099511825,30.099494934,ok
Windows-x86_64,13th Gen Intel(R) Core(TM) i9-13900H,clang-22.1.8 (https://github.com/msys2/MINGW-packages 6e4e79c2f86eeb534e324e583f2057dc9fd5ecab),GIFT-64/128,shuffle,ctr,512,8,2632100,262144,10.040664673,0.099595000,30.073997498,ok
Windows-x86_64,13th Gen Intel(R) Core(TM) i9-13900H,clang-22.1.8 (https://github.com/msys2/MINGW-packages 6e4e79c2f86eeb534e324e583f2057dc9fd5ecab),GIFT-64/128,shuffle,ctr,512,9,2632400,262144,10.041809082,0.099583650,30.077056885,ok
Windows-x86_64,13th Gen Intel(R) Core(TM) i9-13900H,clang-22.1.8 (https://github.com/msys2/MINGW-packages 6e4e79c2f86eeb534e324e583f2057dc9fd5ecab),GIFT-64/128,shuffle,ctr,512,10,2654600,262144,10.126495361,0.098750848,30.331108093,ok
Windows-x86_64,13th Gen Intel(R) Core(TM) i9-13900H,clang-22.1.8 (https://github.com/msys2/MINGW-packages 6e4e79c2f86eeb534e324e583f2057dc9fd5ecab),GIFT-64/128,shuffle,ctr,512,11,2636400,262144,10.057067871,0.099432560,30.123344421,ok
Windows-x86_64,13th Gen Intel(R) Core(TM) i9-13900H,clang-22.1.8 (https://github.com/msys2/MINGW-packages 6e4e79c2f86eeb534e324e583f2057dc9fd5ecab),GIFT-64/128,shuffle,ctr,512,12,2648200,262144,10.102081299,0.098989502,30.258453369,ok
Windows-x86_64,13th Gen Intel(R) Core(TM) i9-13900H,clang-22.1.8 (https://github.com/msys2/MINGW-packages 6e4e79c2f86eeb534e324e583f2057dc9fd5ecab),GIFT-64/128,shuffle,ctr,512,13,2688700,262144,10.256576538,0.097498419,30.720726013,ok
Windows-x86_64,13th Gen Intel(R) Core(TM) i9-13900H,clang-22.1.8 (https://github.com/msys2/MINGW-packages 6e4e79c2f86eeb534e324e583f2057dc9fd5ecab),GIFT-64/128,shuffle,ctr,512,14,2699400,262144,10.297393799,0.097111951,30.844261169,ok
Windows-x86_64,13th Gen Intel(R) Core(TM) i9-13900H,clang-22.1.8 (https://github.com/msys2/MINGW-packages 6e4e79c2f86eeb534e324e583f2057dc9fd5ecab),GIFT-64/128,shuffle,ctr,512,15,2689000,262144,10.257720947,0.097487542,30.724639893,ok
Windows-x86_64,13th Gen Intel(R) Core(TM) i9-13900H,clang-22.1.8 (https://github.com/msys2/MINGW-packages 6e4e79c2f86eeb534e324e583f2057dc9fd5ecab),GIFT-64/128,shuffle,ctr,4096,1,2635700,262144,10.054397583,0.099458967,30.116081238,ok
Windows-x86_64,13th Gen Intel(R) Core(TM) i9-13900H,clang-22.1.8 (https://github.com/msys2/MINGW-packages 6e4e79c2f86eeb534e324e583f2057dc9fd5ecab),GIFT-64/128,shuffle,ctr,4096,2,2628900,262144,10.028457642,0.099716231,30.038024902,ok
Windows-x86_64,13th Gen Intel(R) Core(TM) i9-13900H,clang-22.1.8 (https://github.com/msys2/MINGW-packages 6e4e79c2f86eeb534e324e583f2057dc9fd5ecab),GIFT-64/128,shuffle,ctr,4096,3,2633200,262144,10.044860840,0.099553395,30.086875916,ok
Windows-x86_64,13th Gen Intel(R) Core(TM) i9-13900H,clang-22.1.8 (https://github.com/msys2/MINGW-packages 6e4e79c2f86eeb534e324e583f2057dc9fd5ecab),GIFT-64/128,shuffle,ctr,4096,4,2628900,262144,10.028457642,0.099716231,30.038146973,ok
Windows-x86_64,13th Gen Intel(R) Core(TM) i9-13900H,clang-22.1.8 (https://github.com/msys2/MINGW-packages 6e4e79c2f86eeb534e324e583f2057dc9fd5ecab),GIFT-64/128,shuffle,ctr,4096,5,2636000,262144,10.055541992,0.099447648,30.119232178,ok
Windows-x86_64,13th Gen Intel(R) Core(TM) i9-13900H,clang-22.1.8 (https://github.com/msys2/MINGW-packages 6e4e79c2f86eeb534e324e583f2057dc9fd5ecab),GIFT-64/128,shuffle,ctr,4096,6,2633300,262144,10.045242310,0.099549615,30.088760376,ok
Windows-x86_64,13th Gen Intel(R) Core(TM) i9-13900H,clang-22.1.8 (https://github.com/msys2/MINGW-packages 6e4e79c2f86eeb534e324e583f2057dc9fd5ecab),GIFT-64/128,shuffle,ctr,4096,7,2669200,262144,10.182189941,0.098210700,30.498649597,ok
Windows-x86_64,13th Gen Intel(R) Core(TM) i9-13900H,clang-22.1.8 (https://github.com/msys2/MINGW-packages 6e4e79c2f86eeb534e324e583f2057dc9fd5ecab),GIFT-64/128,shuffle,ctr,4096,8,2680600,262144,10.225677490,0.097793031,30.628013611,ok
Windows-x86_64,13th Gen Intel(R) Core(TM) i9-13900H,clang-22.1.8 (https://github.com/msys2/MINGW-packages 6e4e79c2f86eeb534e324e583f2057dc9fd5ecab),GIFT-64/128,shuffle,ctr,4096,9,2677000,262144,10.211944580,0.097924542,30.588088989,ok
Windows-x86_64,13th Gen Intel(R) Core(TM) i9-13900H,clang-22.1.8 (https://github.com/msys2/MINGW-packages 6e4e79c2f86eeb534e324e583f2057dc9fd5ecab),GIFT-64/128,shuffle,ctr,4096,10,2630800,262144,10.035705566,0.099644215,30.060150146,ok
Windows-x86_64,13th Gen Intel(R) Core(TM) i9-13900H,clang-22.1.8 (https://github.com/msys2/MINGW-packages 6e4e79c2f86eeb534e324e583f2057dc9fd5ecab),GIFT-64/128,shuffle,ctr,4096,11,2631300,262144,10.037612915,0.099625280,30.065910339,ok
Windows-x86_64,13th Gen Intel(R) Core(TM) i9-13900H,clang-22.1.8 (https://github.com/msys2/MINGW-packages 6e4e79c2f86eeb534e324e583f2057dc9fd5ecab),GIFT-64/128,shuffle,ctr,4096,12,2631300,262144,10.037612915,0.099625280,30.065277100,ok
Windows-x86_64,13th Gen Intel(R) Core(TM) i9-13900H,clang-22.1.8 (https://github.com/msys2/MINGW-packages 6e4e79c2f86eeb534e324e583f2057dc9fd5ecab),GIFT-64/128,shuffle,ctr,4096,13,2631500,262144,10.038375854,0.099617709,30.067916870,ok
Windows-x86_64,13th Gen Intel(R) Core(TM) i9-13900H,clang-22.1.8 (https://github.com/msys2/MINGW-packages 6e4e79c2f86eeb534e324e583f2057dc9fd5ecab),GIFT-64/128,shuffle,ctr,4096,14,2707800,262144,10.329437256,0.096810695,30.939208984,ok
Windows-x86_64,13th Gen Intel(R) Core(TM) i9-13900H,clang-22.1.8 (https://github.com/msys2/MINGW-packages 6e4e79c2f86eeb534e324e583f2057dc9fd5ecab),GIFT-64/128,shuffle,ctr,4096,15,2731600,262144,10.420227051,0.095967199,31.212173462,ok
Windows-x86_64,13th Gen Intel(R) Core(TM) i9-13900H,clang-22.1.8 (https://github.com/msys2/MINGW-packages 6e4e79c2f86eeb534e324e583f2057dc9fd5ecab),GIFT-64/128,shuffle,ctr,8192,1,2694500,262144,10.278701782,0.097288551,30.790435791,ok
Windows-x86_64,13th Gen Intel(R) Core(TM) i9-13900H,clang-22.1.8 (https://github.com/msys2/MINGW-packages 6e4e79c2f86eeb534e324e583f2057dc9fd5ecab),GIFT-64/128,shuffle,ctr,8192,2,2695200,262144,10.281372070,0.097263283,30.794952393,ok
Windows-x86_64,13th Gen Intel(R) Core(TM) i9-13900H,clang-22.1.8 (https://github.com/msys2/MINGW-packages 6e4e79c2f86eeb534e324e583f2057dc9fd5ecab),GIFT-64/128,shuffle,ctr,8192,3,2689500,262144,10.259628296,0.097469418,30.730232239,ok
Windows-x86_64,13th Gen Intel(R) Core(TM) i9-13900H,clang-22.1.8 (https://github.com/msys2/MINGW-packages 6e4e79c2f86eeb534e324e583f2057dc9fd5ecab),GIFT-64/128,shuffle,ctr,8192,4,2656200,262144,10.132598877,0.098691364,30.349342346,ok
Windows-x86_64,13th Gen Intel(R) Core(TM) i9-13900H,clang-22.1.8 (https://github.com/msys2/MINGW-packages 6e4e79c2f86eeb534e324e583f2057dc9fd5ecab),GIFT-64/128,shuffle,ctr,8192,5,2651100,262144,10.113143921,0.098881219,30.291458130,ok
Windows-x86_64,13th Gen Intel(R) Core(TM) i9-13900H,clang-22.1.8 (https://github.com/msys2/MINGW-packages 6e4e79c2f86eeb534e324e583f2057dc9fd5ecab),GIFT-64/128,shuffle,ctr,8192,6,2632600,262144,10.042572021,0.099576084,30.079322815,ok
Windows-x86_64,13th Gen Intel(R) Core(TM) i9-13900H,clang-22.1.8 (https://github.com/msys2/MINGW-packages 6e4e79c2f86eeb534e324e583f2057dc9fd5ecab),GIFT-64/128,shuffle,ctr,8192,7,2648300,262144,10.102462769,0.098985764,30.260017395,ok
Windows-x86_64,13th Gen Intel(R) Core(TM) i9-13900H,clang-22.1.8 (https://github.com/msys2/MINGW-packages 6e4e79c2f86eeb534e324e583f2057dc9fd5ecab),GIFT-64/128,shuffle,ctr,8192,8,2693900,262144,10.276412964,0.097310219,30.780265808,ok
Windows-x86_64,13th Gen Intel(R) Core(TM) i9-13900H,clang-22.1.8 (https://github.com/msys2/MINGW-packages 6e4e79c2f86eeb534e324e583f2057dc9fd5ecab),GIFT-64/128,shuffle,ctr,8192,9,2767000,262144,10.555267334,0.094739429,31.615509033,ok
Windows-x86_64,13th Gen Intel(R) Core(TM) i9-13900H,clang-22.1.8 (https://github.com/msys2/MINGW-packages 6e4e79c2f86eeb534e324e583f2057dc9fd5ecab),GIFT-64/128,shuffle,ctr,8192,10,2551900,262144,9.734725952,0.102725028,29.158752441,ok
Windows-x86_64,13th Gen Intel(R) Core(TM) i9-13900H,clang-22.1.8 (https://github.com/msys2/MINGW-packages 6e4e79c2f86eeb534e324e583f2057dc9fd5ecab),GIFT-64/128,shuffle,ctr,8192,11,2564500,262144,9.782791138,0.102220316,29.302719116,ok
Windows-x86_64,13th Gen Intel(R) Core(TM) i9-13900H,clang-22.1.8 (https://github.com/msys2/MINGW-packages 6e4e79c2f86eeb534e324e583f2057dc9fd5ecab),GIFT-64/128,shuffle,ctr,8192,12,2611800,262144,9.963226318,0.100369094,29.842979431,ok
Windows-x86_64,13th Gen Intel(R) Core(TM) i9-13900H,clang-22.1.8 (https://github.com/msys2/MINGW-packages 6e4e79c2f86eeb534e324e583f2057dc9fd5ecab),GIFT-64/128,shuffle,ctr,8192,13,2641800,262144,10.077667236,0.099229313,30.184982300,ok
Windows-x86_64,13th Gen Intel(R) Core(TM) i9-13900H,clang-22.1.8 (https://github.com/msys2/MINGW-packages 6e4e79c2f86eeb534e324e583f2057dc9fd5ecab),GIFT-64/128,shuffle,ctr,8192,14,2682300,262144,10.232162476,0.097731052,30.647262573,ok
Windows-x86_64,13th Gen Intel(R) Core(TM) i9-13900H,clang-22.1.8 (https://github.com/msys2/MINGW-packages 6e4e79c2f86eeb534e324e583f2057dc9fd5ecab),GIFT-64/128,shuffle,ctr,8192,15,2698400,262144,10.293579102,0.097147940,30.832351685,ok
Windows-x86_64,13th Gen Intel(R) Core(TM) i9-13900H,clang-22.1.8 (https://github.com/msys2/MINGW-packages 6e4e79c2f86eeb534e324e583f2057dc9fd5ecab),GIFT-64/128,shuffle,ctr,65536,1,2631700,262144,10.039138794,0.099610138,30.071220398,ok
Windows-x86_64,13th Gen Intel(R) Core(TM) i9-13900H,clang-22.1.8 (https://github.com/msys2/MINGW-packages 6e4e79c2f86eeb534e324e583f2057dc9fd5ecab),GIFT-64/128,shuffle,ctr,65536,2,2638100,262144,10.063552856,0.099368485,30.142135620,ok
Windows-x86_64,13th Gen Intel(R) Core(TM) i9-13900H,clang-22.1.8 (https://github.com/msys2/MINGW-packages 6e4e79c2f86eeb534e324e583f2057dc9fd5ecab),GIFT-64/128,shuffle,ctr,65536,3,2636900,262144,10.058975220,0.099413705,30.129432678,ok
Windows-x86_64,13th Gen Intel(R) Core(TM) i9-13900H,clang-22.1.8 (https://github.com/msys2/MINGW-packages 6e4e79c2f86eeb534e324e583f2057dc9fd5ecab),GIFT-64/128,shuffle,ctr,65536,4,2668700,262144,10.180282593,0.098229100,30.492294312,ok
Windows-x86_64,13th Gen Intel(R) Core(TM) i9-13900H,clang-22.1.8 (https://github.com/msys2/MINGW-packages 6e4e79c2f86eeb534e324e583f2057dc9fd5ecab),GIFT-64/128,shuffle,ctr,65536,5,2694200,262144,10.277557373,0.097299384,30.784812927,ok
Windows-x86_64,13th Gen Intel(R) Core(TM) i9-13900H,clang-22.1.8 (https://github.com/msys2/MINGW-packages 6e4e79c2f86eeb534e324e583f2057dc9fd5ecab),GIFT-64/128,shuffle,ctr,65536,6,2641400,262144,10.076141357,0.099244340,30.180618286,ok
Windows-x86_64,13th Gen Intel(R) Core(TM) i9-13900H,clang-22.1.8 (https://github.com/msys2/MINGW-packages 6e4e79c2f86eeb534e324e583f2057dc9fd5ecab),GIFT-64/128,shuffle,ctr,65536,7,2657400,262144,10.137176514,0.098646798,30.364028931,ok
Windows-x86_64,13th Gen Intel(R) Core(TM) i9-13900H,clang-22.1.8 (https://github.com/msys2/MINGW-packages 6e4e79c2f86eeb534e324e583f2057dc9fd5ecab),GIFT-64/128,shuffle,ctr,65536,8,2656100,262144,10.132217407,0.098695079,30.348419189,ok
Windows-x86_64,13th Gen Intel(R) Core(TM) i9-13900H,clang-22.1.8 (https://github.com/msys2/MINGW-packages 6e4e79c2f86eeb534e324e583f2057dc9fd5ecab),GIFT-64/128,shuffle,ctr,65536,9,2633900,262144,10.047531128,0.099526937,30.095756531,ok
Windows-x86_64,13th Gen Intel(R) Core(TM) i9-13900H,clang-22.1.8 (https://github.com/msys2/MINGW-packages 6e4e79c2f86eeb534e324e583f2057dc9fd5ecab),GIFT-64/128,shuffle,ctr,65536,10,2628300,262144,10.026168823,0.099738995,30.030288696,ok
Windows-x86_64,13th Gen Intel(R) Core(TM) i9-13900H,clang-22.1.8 (https://github.com/msys2/MINGW-packages 6e4e79c2f86eeb534e324e583f2057dc9fd5ecab),GIFT-64/128,shuffle,ctr,65536,11,2631600,262144,10.038757324,0.099613923,30.068099976,ok
Windows-x86_64,13th Gen Intel(R) Core(TM) i9-13900H,clang-22.1.8 (https://github.com/msys2/MINGW-packages 6e4e79c2f86eeb534e324e583f2057dc9fd5ecab),GIFT-64/128,shuffle,ctr,65536,12,2686200,262144,10.247039795,0.097589159,30.692657471,ok
Windows-x86_64,13th Gen Intel(R) Core(TM) i9-13900H,clang-22.1.8 (https://github.com/msys2/MINGW-packages 6e4e79c2f86eeb534e324e583f2057dc9fd5ecab),GIFT-64/128,shuffle,ctr,65536,13,2693700,262144,10.275650024,0.097317444,30.778366089,ok
Windows-x86_64,13th Gen Intel(R) Core(TM) i9-13900H,clang-22.1.8 (https://github.com/msys2/MINGW-packages 6e4e79c2f86eeb534e324e583f2057dc9fd5ecab),GIFT-64/128,shuffle,ctr,65536,14,2740100,262144,10.452651978,0.095669501,31.308021545,ok
Windows-x86_64,13th Gen Intel(R) Core(TM) i9-13900H,clang-22.1.8 (https://github.com/msys2/MINGW-packages 6e4e79c2f86eeb534e324e583f2057dc9fd5ecab),GIFT-64/128,shuffle,ctr,65536,15,2697200,262144,10.289001465,0.097191161,30.818984985,ok
Windows-x86_64,13th Gen Intel(R) Core(TM) i9-13900H,clang-22.1.8 (https://github.com/msys2/MINGW-packages 6e4e79c2f86eeb534e324e583f2057dc9fd5ecab),GIFT-64/128,shuffle,ctr,1048576,1,10530800,1048576,10.042953491,0.099572302,30.086267471,ok
Windows-x86_64,13th Gen Intel(R) Core(TM) i9-13900H,clang-22.1.8 (https://github.com/msys2/MINGW-packages 6e4e79c2f86eeb534e324e583f2057dc9fd5ecab),GIFT-64/128,shuffle,ctr,1048576,2,10643900,1048576,10.150814056,0.098514266,30.404163361,ok
Windows-x86_64,13th Gen Intel(R) Core(TM) i9-13900H,clang-22.1.8 (https://github.com/msys2/MINGW-packages 6e4e79c2f86eeb534e324e583f2057dc9fd5ecab),GIFT-64/128,shuffle,ctr,1048576,3,10836900,1048576,10.334873199,0.096759774,30.955621719,ok
Windows-x86_64,13th Gen Intel(R) Core(TM) i9-13900H,clang-22.1.8 (https://github.com/msys2/MINGW-packages 6e4e79c2f86eeb534e324e583f2057dc9fd5ecab),GIFT-64/128,shuffle,ctr,1048576,4,10548600,1048576,10.059928894,0.099404281,30.132022858,ok
Windows-x86_64,13th Gen Intel(R) Core(TM) i9-13900H,clang-22.1.8 (https://github.com/msys2/MINGW-packages 6e4e79c2f86eeb534e324e583f2057dc9fd5ecab),GIFT-64/128,shuffle,ctr,1048576,5,10535700,1048576,10.047626495,0.099525993,30.094905853,ok
Windows-x86_64,13th Gen Intel(R) Core(TM) i9-13900H,clang-22.1.8 (https://github.com/msys2/MINGW-packages 6e4e79c2f86eeb534e324e583f2057dc9fd5ecab),GIFT-64/128,shuffle,ctr,1048576,6,10576900,1048576,10.086917877,0.099138311,30.212936401,ok
Windows-x86_64,13th Gen Intel(R) Core(TM) i9-13900H,clang-22.1.8 (https://github.com/msys2/MINGW-packages 6e4e79c2f86eeb534e324e583f2057dc9fd5ecab),GIFT-64/128,shuffle,ctr,1048576,7,10579000,1048576,10.088920593,0.099118631,30.218626022,ok
Windows-x86_64,13th Gen Intel(R) Core(TM) i9-13900H,clang-22.1.8 (https://github.com/msys2/MINGW-packages 6e4e79c2f86eeb534e324e583f2057dc9fd5ecab),GIFT-64/128,shuffle,ctr,1048576,8,10548200,1048576,10.059547424,0.099408051,30.130786896,ok
Windows-x86_64,13th Gen Intel(R) Core(TM) i9-13900H,clang-22.1.8 (https://github.com/msys2/MINGW-packages 6e4e79c2f86eeb534e324e583f2057dc9fd5ecab),GIFT-64/128,shuffle,ctr,1048576,9,10409300,1048576,9.927082062,0.100734535,29.733829498,ok
Windows-x86_64,13th Gen Intel(R) Core(TM) i9-13900H,clang-22.1.8 (https://github.com/msys2/MINGW-packages 6e4e79c2f86eeb534e324e583f2057dc9fd5ecab),GIFT-64/128,shuffle,ctr,1048576,10,10647000,1048576,10.153770447,0.098485583,30.412771225,ok
Windows-x86_64,13th Gen Intel(R) Core(TM) i9-13900H,clang-22.1.8 (https://github.com/msys2/MINGW-packages 6e4e79c2f86eeb534e324e583f2057dc9fd5ecab),GIFT-64/128,shuffle,ctr,1048576,11,10806000,1048576,10.305404663,0.097036461,30.867073059,ok
Windows-x86_64,13th Gen Intel(R) Core(TM) i9-13900H,clang-22.1.8 (https://github.com/msys2/MINGW-packages 6e4e79c2f86eeb534e324e583f2057dc9fd5ecab),GIFT-64/128,shuffle,ctr,1048576,12,10630100,1048576,10.137653351,0.098642158,30.364788055,ok
Windows-x86_64,13th Gen Intel(R) Core(TM) i9-13900H,clang-22.1.8 (https://github.com/msys2/MINGW-packages 6e4e79c2f86eeb534e324e583f2057dc9fd5ecab),GIFT-64/128,shuffle,ctr,1048576,13,10582700,1048576,10.092449188,0.099083977,30.229459763,ok
Windows-x86_64,13th Gen Intel(R) Core(TM) i9-13900H,clang-22.1.8 (https://github.com/msys2/MINGW-packages 6e4e79c2f86eeb534e324e583f2057dc9fd5ecab),GIFT-64/128,shuffle,ctr,1048576,14,10522200,1048576,10.034751892,0.099653685,30.056224823,ok
Windows-x86_64,13th Gen Intel(R) Core(TM) i9-13900H,clang-22.1.8 (https://github.com/msys2/MINGW-packages 6e4e79c2f86eeb534e324e583f2057dc9fd5ecab),GIFT-64/128,shuffle,ctr,1048576,15,10588300,1048576,10.097789764,0.099031573,30.245271683,ok
Windows-x86_64,13th Gen Intel(R) Core(TM) i9-13900H,clang-22.1.8 (https://github.com/msys2/MINGW-packages 6e4e79c2f86eeb534e324e583f2057dc9fd5ecab),TWINE-80,shuffle,ctr,64,1,921200,262144,3.514099121,0.284567955,10.526313782,ok
Windows-x86_64,13th Gen Intel(R) Core(TM) i9-13900H,clang-22.1.8 (https://github.com/msys2/MINGW-packages 6e4e79c2f86eeb534e324e583f2057dc9fd5ecab),TWINE-80,shuffle,ctr,64,2,920500,262144,3.511428833,0.284784356,10.517341614,ok
Windows-x86_64,13th Gen Intel(R) Core(TM) i9-13900H,clang-22.1.8 (https://github.com/msys2/MINGW-packages 6e4e79c2f86eeb534e324e583f2057dc9fd5ecab),TWINE-80,shuffle,ctr,64,3,914500,262144,3.488540649,0.286652816,10.449645996,ok
Windows-x86_64,13th Gen Intel(R) Core(TM) i9-13900H,clang-22.1.8 (https://github.com/msys2/MINGW-packages 6e4e79c2f86eeb534e324e583f2057dc9fd5ecab),TWINE-80,shuffle,ctr,64,4,914000,262144,3.486633301,0.286809628,10.443649292,ok
Windows-x86_64,13th Gen Intel(R) Core(TM) i9-13900H,clang-22.1.8 (https://github.com/msys2/MINGW-packages 6e4e79c2f86eeb534e324e583f2057dc9fd5ecab),TWINE-80,shuffle,ctr,64,5,917700,262144,3.500747681,0.285653264,10.485923767,ok
Windows-x86_64,13th Gen Intel(R) Core(TM) i9-13900H,clang-22.1.8 (https://github.com/msys2/MINGW-packages 6e4e79c2f86eeb534e324e583f2057dc9fd5ecab),TWINE-80,shuffle,ctr,64,6,917100,262144,3.498458862,0.285840148,10.479187012,ok
Windows-x86_64,13th Gen Intel(R) Core(TM) i9-13900H,clang-22.1.8 (https://github.com/msys2/MINGW-packages 6e4e79c2f86eeb534e324e583f2057dc9fd5ecab),TWINE-80,shuffle,ctr,64,7,916100,262144,3.494644165,0.286152167,10.467864990,ok
Windows-x86_64,13th Gen Intel(R) Core(TM) i9-13900H,clang-22.1.8 (https://github.com/msys2/MINGW-packages 6e4e79c2f86eeb534e324e583f2057dc9fd5ecab),TWINE-80,shuffle,ctr,64,8,927900,262144,3.539657593,0.282513202,10.602119446,ok
Windows-x86_64,13th Gen Intel(R) Core(TM) i9-13900H,clang-22.1.8 (https://github.com/msys2/MINGW-packages 6e4e79c2f86eeb534e324e583f2057dc9fd5ecab),TWINE-80,shuffle,ctr,64,9,922000,262144,3.517150879,0.284321041,10.534599304,ok
Windows-x86_64,13th Gen Intel(R) Core(TM) i9-13900H,clang-22.1.8 (https://github.com/msys2/MINGW-packages 6e4e79c2f86eeb534e324e583f2057dc9fd5ecab),TWINE-80,shuffle,ctr,64,10,897200,262144,3.422546387,0.292180116,10.250907898,ok
Windows-x86_64,13th Gen Intel(R) Core(TM) i9-13900H,clang-22.1.8 (https://github.com/msys2/MINGW-packages 6e4e79c2f86eeb534e324e583f2057dc9fd5ecab),TWINE-80,shuffle,ctr,64,11,897200,262144,3.422546387,0.292180116,10.250961304,ok
Windows-x86_64,13th Gen Intel(R) Core(TM) i9-13900H,clang-22.1.8 (https://github.com/msys2/MINGW-packages 6e4e79c2f86eeb534e324e583f2057dc9fd5ecab),TWINE-80,shuffle,ctr,64,12,898900,262144,3.429031372,0.291627545,10.271278381,ok
Windows-x86_64,13th Gen Intel(R) Core(TM) i9-13900H,clang-22.1.8 (https://github.com/msys2/MINGW-packages 6e4e79c2f86eeb534e324e583f2057dc9fd5ecab),TWINE-80,shuffle,ctr,64,13,918000,262144,3.501892090,0.285559913,10.488555908,ok
Windows-x86_64,13th Gen Intel(R) Core(TM) i9-13900H,clang-22.1.8 (https://github.com/msys2/MINGW-packages 6e4e79c2f86eeb534e324e583f2057dc9fd5ecab),TWINE-80,shuffle,ctr,64,14,924800,262144,3.527832031,0.283460208,10.567047119,ok
Windows-x86_64,13th Gen Intel(R) Core(TM) i9-13900H,clang-22.1.8 (https://github.com/msys2/MINGW-packages 6e4e79c2f86eeb534e324e583f2057dc9fd5ecab),TWINE-80,shuffle,ctr,64,15,916700,262144,3.496932983,0.285964874,10.474822998,ok
Windows-x86_64,13th Gen Intel(R) Core(TM) i9-13900H,clang-22.1.8 (https://github.com/msys2/MINGW-packages 6e4e79c2f86eeb534e324e583f2057dc9fd5ecab),TWINE-80,shuffle,ctr,512,1,930600,262144,3.549957275,0.281693531,10.634437561,ok
Windows-x86_64,13th Gen Intel(R) Core(TM) i9-13900H,clang-22.1.8 (https://github.com/msys2/MINGW-packages 6e4e79c2f86eeb534e324e583f2057dc9fd5ecab),TWINE-80,shuffle,ctr,512,2,908400,262144,3.465270996,0.288577719,10.380516052,ok
Windows-x86_64,13th Gen Intel(R) Core(TM) i9-13900H,clang-22.1.8 (https://github.com/msys2/MINGW-packages 6e4e79c2f86eeb534e324e583f2057dc9fd5ecab),TWINE-80,shuffle,ctr,512,3,898600,262144,3.427886963,0.291724905,10.268074036,ok
Windows-x86_64,13th Gen Intel(R) Core(TM) i9-13900H,clang-22.1.8 (https://github.com/msys2/MINGW-packages 6e4e79c2f86eeb534e324e583f2057dc9fd5ecab),TWINE-80,shuffle,ctr,512,4,906100,262144,3.456497192,0.289310231,10.353713989,ok
Windows-x86_64,13th Gen Intel(R) Core(TM) i9-13900H,clang-22.1.8 (https://github.com/msys2/MINGW-packages 6e4e79c2f86eeb534e324e583f2057dc9fd5ecab),TWINE-80,shuffle,ctr,512,5,911600,262144,3.477478027,0.287564721,10.416572571,ok
Windows-x86_64,13th Gen Intel(R) Core(TM) i9-13900H,clang-22.1.8 (https://github.com/msys2/MINGW-packages 6e4e79c2f86eeb534e324e583f2057dc9fd5ecab),TWINE-80,shuffle,ctr,512,6,916600,262144,3.496551514,0.285996072,10.473503113,ok
Windows-x86_64,13th Gen Intel(R) Core(TM) i9-13900H,clang-22.1.8 (https://github.com/msys2/MINGW-packages 6e4e79c2f86eeb534e324e583f2057dc9fd5ecab),TWINE-80,shuffle,ctr,512,7,988100,262144,3.769302368,0.265301083,11.290306091,ok
Windows-x86_64,13th Gen Intel(R) Core(TM) i9-13900H,clang-22.1.8 (https://github.com/msys2/MINGW-packages 6e4e79c2f86eeb534e324e583f2057dc9fd5ecab),TWINE-80,shuffle,ctr,512,8,936700,262144,3.573226929,0.279859080,10.704063416,ok
Windows-x86_64,13th Gen Intel(R) Core(TM) i9-13900H,clang-22.1.8 (https://github.com/msys2/MINGW-packages 6e4e79c2f86eeb534e324e583f2057dc9fd5ecab),TWINE-80,shuffle,ctr,512,9,938700,262144,3.580856323,0.279262810,10.727195740,ok
Windows-x86_64,13th Gen Intel(R) Core(TM) i9-13900H,clang-22.1.8 (https://github.com/msys2/MINGW-packages 6e4e79c2f86eeb534e324e583f2057dc9fd5ecab),TWINE-80,shuffle,ctr,512,10,923400,262144,3.522491455,0.283889972,10.551956177,ok
Windows-x86_64,13th Gen Intel(R) Core(TM) i9-13900H,clang-22.1.8 (https://github.com/msys2/MINGW-packages 6e4e79c2f86eeb534e324e583f2057dc9fd5ecab),TWINE-80,shuffle,ctr,512,11,920800,262144,3.512573242,0.284691573,10.521141052,ok
Windows-x86_64,13th Gen Intel(R) Core(TM) i9-13900H,clang-22.1.8 (https://github.com/msys2/MINGW-packages 6e4e79c2f86eeb534e324e583f2057dc9fd5ecab),TWINE-80,shuffle,ctr,512,12,904600,262144,3.450775146,0.289789962,10.337211609,ok
Windows-x86_64,13th Gen Intel(R) Core(TM) i9-13900H,clang-22.1.8 (https://github.com/msys2/MINGW-packages 6e4e79c2f86eeb534e324e583f2057dc9fd5ecab),TWINE-80,shuffle,ctr,512,13,912200,262144,3.479766846,0.287375576,10.424064636,ok
Windows-x86_64,13th Gen Intel(R) Core(TM) i9-13900H,clang-22.1.8 (https://github.com/msys2/MINGW-packages 6e4e79c2f86eeb534e324e583f2057dc9fd5ecab),TWINE-80,shuffle,ctr,512,14,916300,262144,3.495407104,0.286089709,10.469528198,ok
Windows-x86_64,13th Gen Intel(R) Core(TM) i9-13900H,clang-22.1.8 (https://github.com/msys2/MINGW-packages 6e4e79c2f86eeb534e324e583f2057dc9fd5ecab),TWINE-80,shuffle,ctr,512,15,908500,262144,3.465652466,0.288545955,10.380958557,ok
Windows-x86_64,13th Gen Intel(R) Core(TM) i9-13900H,clang-22.1.8 (https://github.com/msys2/MINGW-packages 6e4e79c2f86eeb534e324e583f2057dc9fd5ecab),TWINE-80,shuffle,ctr,4096,1,892000,262144,3.402709961,0.293883408,10.194244385,ok
Windows-x86_64,13th Gen Intel(R) Core(TM) i9-13900H,clang-22.1.8 (https://github.com/msys2/MINGW-packages 6e4e79c2f86eeb534e324e583f2057dc9fd5ecab),TWINE-80,shuffle,ctr,4096,2,898600,262144,3.427886963,0.291724905,10.267898560,ok
Windows-x86_64,13th Gen Intel(R) Core(TM) i9-13900H,clang-22.1.8 (https://github.com/msys2/MINGW-packages 6e4e79c2f86eeb534e324e583f2057dc9fd5ecab),TWINE-80,shuffle,ctr,4096,3,899200,262144,3.430175781,0.291530249,10.274368286,ok
Windows-x86_64,13th Gen Intel(R) Core(TM) i9-13900H,clang-22.1.8 (https://github.com/msys2/MINGW-packages 6e4e79c2f86eeb534e324e583f2057dc9fd5ecab),TWINE-80,shuffle,ctr,4096,4,902100,262144,3.441238403,0.290593061,10.306869507,ok
Windows-x86_64,13th Gen Intel(R) Core(TM) i9-13900H,clang-22.1.8 (https://github.com/msys2/MINGW-packages 6e4e79c2f86eeb534e324e583f2057dc9fd5ecab),TWINE-80,shuffle,ctr,4096,5,912900,262144,3.482437134,0.287155220,10.431556702,ok
Windows-x86_64,13th Gen Intel(R) Core(TM) i9-13900H,clang-22.1.8 (https://github.com/msys2/MINGW-packages 6e4e79c2f86eeb534e324e583f2057dc9fd5ecab),TWINE-80,shuffle,ctr,4096,6,904600,262144,3.450775146,0.289789962,10.336105347,ok
Windows-x86_64,13th Gen Intel(R) Core(TM) i9-13900H,clang-22.1.8 (https://github.com/msys2/MINGW-packages 6e4e79c2f86eeb534e324e583f2057dc9fd5ecab),TWINE-80,shuffle,ctr,4096,7,899800,262144,3.432464600,0.291335852,10.281684875,ok
Windows-x86_64,13th Gen Intel(R) Core(TM) i9-13900H,clang-22.1.8 (https://github.com/msys2/MINGW-packages 6e4e79c2f86eeb534e324e583f2057dc9fd5ecab),TWINE-80,shuffle,ctr,4096,8,901500,262144,3.438949585,0.290786467,10.300529480,ok
Windows-x86_64,13th Gen Intel(R) Core(TM) i9-13900H,clang-22.1.8 (https://github.com/msys2/MINGW-packages 6e4e79c2f86eeb534e324e583f2057dc9fd5ecab),TWINE-80,shuffle,ctr,4096,9,898400,262144,3.427124023,0.291789849,10.264518738,ok
Windows-x86_64,13th Gen Intel(R) Core(TM) i9-13900H,clang-22.1.8 (https://github.com/msys2/MINGW-packages 6e4e79c2f86eeb534e324e583f2057dc9fd5ecab),TWINE-80,shuffle,ctr,4096,10,903400,262144,3.446197510,0.290174895,10.322853088,ok
Windows-x86_64,13th Gen Intel(R) Core(TM) i9-13900H,clang-22.1.8 (https://github.com/msys2/MINGW-packages 6e4e79c2f86eeb534e324e583f2057dc9fd5ecab),TWINE-80,shuffle,ctr,4096,11,895200,262144,3.414916992,0.292832887,10.228919983,ok
Windows-x86_64,13th Gen Intel(R) Core(TM) i9-13900H,clang-22.1.8 (https://github.com/msys2/MINGW-packages 6e4e79c2f86eeb534e324e583f2057dc9fd5ecab),TWINE-80,shuffle,ctr,4096,12,881800,262144,3.363800049,0.297282831,10.076545715,ok
Windows-x86_64,13th Gen Intel(R) Core(TM) i9-13900H,clang-22.1.8 (https://github.com/msys2/MINGW-packages 6e4e79c2f86eeb534e324e583f2057dc9fd5ecab),TWINE-80,shuffle,ctr,4096,13,880500,262144,3.358840942,0.297721749,10.061500549,ok
Windows-x86_64,13th Gen Intel(R) Core(TM) i9-13900H,clang-22.1.8 (https://github.com/msys2/MINGW-packages 6e4e79c2f86eeb534e324e583f2057dc9fd5ecab),TWINE-80,shuffle,ctr,4096,14,879600,262144,3.355407715,0.298026376,10.050956726,ok
Windows-x86_64,13th Gen Intel(R) Core(TM) i9-13900H,clang-22.1.8 (https://github.com/msys2/MINGW-packages 6e4e79c2f86eeb534e324e583f2057dc9fd5ecab),TWINE-80,shuffle,ctr,4096,15,886400,262144,3.381347656,0.295740072,10.127655029,ok
Windows-x86_64,13th Gen Intel(R) Core(TM) i9-13900H,clang-22.1.8 (https://github.com/msys2/MINGW-packages 6e4e79c2f86eeb534e324e583f2057dc9fd5ecab),TWINE-80,shuffle,ctr,8192,1,900700,262144,3.435897827,0.291044743,10.292892456,ok
Windows-x86_64,13th Gen Intel(R) Core(TM) i9-13900H,clang-22.1.8 (https://github.com/msys2/MINGW-packages 6e4e79c2f86eeb534e324e583f2057dc9fd5ecab),TWINE-80,shuffle,ctr,8192,2,902300,262144,3.442001343,0.290528649,10.309745789,ok
Windows-x86_64,13th Gen Intel(R) Core(TM) i9-13900H,clang-22.1.8 (https://github.com/msys2/MINGW-packages 6e4e79c2f86eeb534e324e583f2057dc9fd5ecab),TWINE-80,shuffle,ctr,8192,3,900300,262144,3.434371948,0.291174053,10.287429810,ok
Windows-x86_64,13th Gen Intel(R) Core(TM) i9-13900H,clang-22.1.8 (https://github.com/msys2/MINGW-packages 6e4e79c2f86eeb534e324e583f2057dc9fd5ecab),TWINE-80,shuffle,ctr,8192,4,900600,262144,3.435516357,0.291077060,10.290824890,ok
Windows-x86_64,13th Gen Intel(R) Core(TM) i9-13900H,clang-22.1.8 (https://github.com/msys2/MINGW-packages 6e4e79c2f86eeb534e324e583f2057dc9fd5ecab),TWINE-80,shuffle,ctr,8192,5,899500,262144,3.431320190,0.291433018,10.277565002,ok
Windows-x86_64,13th Gen Intel(R) Core(TM) i9-13900H,clang-22.1.8 (https://github.com/msys2/MINGW-packages 6e4e79c2f86eeb534e324e583f2057dc9fd5ecab),TWINE-80,shuffle,ctr,8192,6,892500,262144,3.404617310,0.293718768,10.198425293,ok
Windows-x86_64,13th Gen Intel(R) Core(TM) i9-13900H,clang-22.1.8 (https://github.com/msys2/MINGW-packages 6e4e79c2f86eeb534e324e583f2057dc9fd5ecab),TWINE-80,shuffle,ctr,8192,7,893200,262144,3.407287598,0.293488580,10.205894470,ok
Windows-x86_64,13th Gen Intel(R) Core(TM) i9-13900H,clang-22.1.8 (https://github.com/msys2/MINGW-packages 6e4e79c2f86eeb534e324e583f2057dc9fd5ecab),TWINE-80,shuffle,ctr,8192,8,881300,262144,3.361892700,0.297451492,10.070693970,ok
Windows-x86_64,13th Gen Intel(R) Core(TM) i9-13900H,clang-22.1.8 (https://github.com/msys2/MINGW-packages 6e4e79c2f86eeb534e324e583f2057dc9fd5ecab),TWINE-80,shuffle,ctr,8192,9,877900,262144,3.348922729,0.298603486,10.030616760,ok
Windows-x86_64,13th Gen Intel(R) Core(TM) i9-13900H,clang-22.1.8 (https://github.com/msys2/MINGW-packages 6e4e79c2f86eeb534e324e583f2057dc9fd5ecab),TWINE-80,shuffle,ctr,8192,10,903200,262144,3.445434570,0.290239150,10.320114136,ok
Windows-x86_64,13th Gen Intel(R) Core(TM) i9-13900H,clang-22.1.8 (https://github.com/msys2/MINGW-packages 6e4e79c2f86eeb534e324e583f2057dc9fd5ecab),TWINE-80,shuffle,ctr,8192,11,918500,262144,3.503799438,0.285404464,10.494384766,ok
Windows-x86_64,13th Gen Intel(R) Core(TM) i9-13900H,clang-22.1.8 (https://github.com/msys2/MINGW-packages 6e4e79c2f86eeb534e324e583f2057dc9fd5ecab),TWINE-80,shuffle,ctr,8192,12,901500,262144,3.438949585,0.290786467,10.300285339,ok
Windows-x86_64,13th Gen Intel(R) Core(TM) i9-13900H,clang-22.1.8 (https://github.com/msys2/MINGW-packages 6e4e79c2f86eeb534e324e583f2057dc9fd5ecab),TWINE-80,shuffle,ctr,8192,13,898500,262144,3.427505493,0.291757373,10.266799927,ok
Windows-x86_64,13th Gen Intel(R) Core(TM) i9-13900H,clang-22.1.8 (https://github.com/msys2/MINGW-packages 6e4e79c2f86eeb534e324e583f2057dc9fd5ecab),TWINE-80,shuffle,ctr,8192,14,882400,262144,3.366088867,0.297080689,10.082862854,ok
Windows-x86_64,13th Gen Intel(R) Core(TM) i9-13900H,clang-22.1.8 (https://github.com/msys2/MINGW-packages 6e4e79c2f86eeb534e324e583f2057dc9fd5ecab),TWINE-80,shuffle,ctr,8192,15,878100,262144,3.349685669,0.298535474,10.034111023,ok
Windows-x86_64,13th Gen Intel(R) Core(TM) i9-13900H,clang-22.1.8 (https://github.com/msys2/MINGW-packages 6e4e79c2f86eeb534e324e583f2057dc9fd5ecab),TWINE-80,shuffle,ctr,65536,1,881600,262144,3.363037109,0.297350272,10.074836731,ok
Windows-x86_64,13th Gen Intel(R) Core(TM) i9-13900H,clang-22.1.8 (https://github.com/msys2/MINGW-packages 6e4e79c2f86eeb534e324e583f2057dc9fd5ecab),TWINE-80,shuffle,ctr,65536,2,892800,262144,3.405761719,0.293620072,10.201530457,ok
Windows-x86_64,13th Gen Intel(R) Core(TM) i9-13900H,clang-22.1.8 (https://github.com/msys2/MINGW-packages 6e4e79c2f86eeb534e324e583f2057dc9fd5ecab),TWINE-80,shuffle,ctr,65536,3,884100,262144,3.372573853,0.296509445,10.102470398,ok
Windows-x86_64,13th Gen Intel(R) Core(TM) i9-13900H,clang-22.1.8 (https://github.com/msys2/MINGW-packages 6e4e79c2f86eeb534e324e583f2057dc9fd5ecab),TWINE-80,shuffle,ctr,65536,4,888400,262144,3.388977051,0.295074291,10.151885986,ok
Windows-x86_64,13th Gen Intel(R) Core(TM) i9-13900H,clang-22.1.8 (https://github.com/msys2/MINGW-packages 6e4e79c2f86eeb534e324e583f2057dc9fd5ecab),TWINE-80,shuffle,ctr,65536,5,883700,262144,3.371047974,0.296643657,10.097511292,ok
Windows-x86_64,13th Gen Intel(R) Core(TM) i9-13900H,clang-22.1.8 (https://github.com/msys2/MINGW-packages 6e4e79c2f86eeb534e324e583f2057dc9fd5ecab),TWINE-80,shuffle,ctr,65536,6,882400,262144,3.366088867,0.297080689,10.082443237,ok
Windows-x86_64,13th Gen Intel(R) Core(TM) i9-13900H,clang-22.1.8 (https://github.com/msys2/MINGW-packages 6e4e79c2f86eeb534e324e583f2057dc9fd5ecab),TWINE-80,shuffle,ctr,65536,7,885300,262144,3.377151489,0.296107534,10.115852356,ok
Windows-x86_64,13th Gen Intel(R) Core(TM) i9-13900H,clang-22.1.8 (https://github.com/msys2/MINGW-packages 6e4e79c2f86eeb534e324e583f2057dc9fd5ecab),TWINE-80,shuffle,ctr,65536,8,888100,262144,3.387832642,0.295173967,10.147239685,ok
Windows-x86_64,13th Gen Intel(R) Core(TM) i9-13900H,clang-22.1.8 (https://github.com/msys2/MINGW-packages 6e4e79c2f86eeb534e324e583f2057dc9fd5ecab),TWINE-80,shuffle,ctr,65536,9,891900,262144,3.402328491,0.293916358,10.191757202,ok
Windows-x86_64,13th Gen Intel(R) Core(TM) i9-13900H,clang-22.1.8 (https://github.com/msys2/MINGW-packages 6e4e79c2f86eeb534e324e583f2057dc9fd5ecab),TWINE-80,shuffle,ctr,65536,10,881900,262144,3.364181519,0.297249121,10.076362610,ok
Windows-x86_64,13th Gen Intel(R) Core(TM) i9-13900H,clang-22.1.8 (https://github.com/msys2/MINGW-packages 6e4e79c2f86eeb534e324e583f2057dc9fd5ecab),TWINE-80,shuffle,ctr,65536,11,884200,262144,3.372955322,0.296475910,10.102859497,ok
Windows-x86_64,13th Gen Intel(R) Core(TM) i9-13900H,clang-22.1.8 (https://github.com/msys2/MINGW-packages 6e4e79c2f86eeb534e324e583f2057dc9fd5ecab),TWINE-80,shuffle,ctr,65536,12,883400,262144,3.369903564,0.296744397,10.094039917,ok
Windows-x86_64,13th Gen Intel(R) Core(TM) i9-13900H,clang-22.1.8 (https://github.com/msys2/MINGW-packages 6e4e79c2f86eeb534e324e583f2057dc9fd5ecab),TWINE-80,shuffle,ctr,65536,13,895600,262144,3.416442871,0.292702099,10.233764648,ok
Windows-x86_64,13th Gen Intel(R) Core(TM) i9-13900H,clang-22.1.8 (https://github.com/msys2/MINGW-packages 6e4e79c2f86eeb534e324e583f2057dc9fd5ecab),TWINE-80,shuffle,ctr,65536,14,887600,262144,3.385925293,0.295340243,10.142822266,ok
Windows-x86_64,13th Gen Intel(R) Core(TM) i9-13900H,clang-22.1.8 (https://github.com/msys2/MINGW-packages 6e4e79c2f86eeb534e324e583f2057dc9fd5ecab),TWINE-80,shuffle,ctr,65536,15,886200,262144,3.380584717,0.295806816,10.125778198,ok
Windows-x86_64,13th Gen Intel(R) Core(TM) i9-13900H,clang-22.1.8 (https://github.com/msys2/MINGW-packages 6e4e79c2f86eeb534e324e583f2057dc9fd5ecab),TWINE-80,shuffle,ctr,1048576,1,3593600,1048576,3.427124023,0.291789849,10.270767212,ok
Windows-x86_64,13th Gen Intel(R) Core(TM) i9-13900H,clang-22.1.8 (https://github.com/msys2/MINGW-packages 6e4e79c2f86eeb534e324e583f2057dc9fd5ecab),TWINE-80,shuffle,ctr,1048576,2,3680100,1048576,3.509616852,0.284931388,10.512161255,ok
Windows-x86_64,13th Gen Intel(R) Core(TM) i9-13900H,clang-22.1.8 (https://github.com/msys2/MINGW-packages 6e4e79c2f86eeb534e324e583f2057dc9fd5ecab),TWINE-80,shuffle,ctr,1048576,3,3571500,1048576,3.406047821,0.293595408,10.202079773,ok
Windows-x86_64,13th Gen Intel(R) Core(TM) i9-13900H,clang-22.1.8 (https://github.com/msys2/MINGW-packages 6e4e79c2f86eeb534e324e583f2057dc9fd5ecab),TWINE-80,shuffle,ctr,1048576,4,3650500,1048576,3.481388092,0.287241748,10.427722931,ok
Windows-x86_64,13th Gen Intel(R) Core(TM) i9-13900H,clang-22.1.8 (https://github.com/msys2/MINGW-packages 6e4e79c2f86eeb534e324e583f2057dc9fd5ecab),TWINE-80,shuffle,ctr,1048576,5,3514700,1048576,3.351879120,0.298340114,10.039667130,ok
Windows-x86_64,13th Gen Intel(R) Core(TM) i9-13900H,clang-22.1.8 (https://github.com/msys2/MINGW-packages 6e4e79c2f86eeb534e324e583f2057dc9fd5ecab),TWINE-80,shuffle,ctr,1048576,6,3535400,1048576,3.371620178,0.296593313,10.098735809,ok
Windows-x86_64,13th Gen Intel(R) Core(TM) i9-13900H,clang-22.1.8 (https://github.com/msys2/MINGW-packages 6e4e79c2f86eeb534e324e583f2057dc9fd5ecab),TWINE-80,shuffle,ctr,1048576,7,3601400,1048576,3.434562683,0.291157883,10.287364960,ok
Windows-x86_64,13th Gen Intel(R) Core(TM) i9-13900H,clang-22.1.8 (https://github.com/msys2/MINGW-packages 6e4e79c2f86eeb534e324e583f2057dc9fd5ecab),TWINE-80,shuffle,ctr,1048576,8,3606900,1048576,3.439807892,0.290713909,10.302989006,ok
Windows-x86_64,13th Gen Intel(R) Core(TM) i9-13900H,clang-22.1.8 (https://github.com/msys2/MINGW-packages 6e4e79c2f86eeb534e324e583f2057dc9fd5ecab),TWINE-80,shuffle,ctr,1048576,9,3498500,1048576,3.336429596,0.299721595,9.993547440,ok
Windows-x86_64,13th Gen Intel(R) Core(TM) i9-13900H,clang-22.1.8 (https://github.com/msys2/MINGW-packages 6e4e79c2f86eeb534e324e583f2057dc9fd5ecab),TWINE-80,shuffle,ctr,1048576,10,3415200,1048576,3.256988525,0.307032092,9.755725861,ok
Windows-x86_64,13th Gen Intel(R) Core(TM) i9-13900H,clang-22.1.8 (https://github.com/msys2/MINGW-packages 6e4e79c2f86eeb534e324e583f2057dc9fd5ecab),TWINE-80,shuffle,ctr,1048576,11,3413900,1048576,3.255748749,0.307149008,9.751850128,ok
Windows-x86_64,13th Gen Intel(R) Core(TM) i9-13900H,clang-22.1.8 (https://github.com/msys2/MINGW-packages 6e4e79c2f86eeb534e324e583f2057dc9fd5ecab),TWINE-80,shuffle,ctr,1048576,12,3705400,1048576,3.533744812,0.282985912,10.584313393,ok
Windows-x86_64,13th Gen Intel(R) Core(TM) i9-13900H,clang-22.1.8 (https://github.com/msys2/MINGW-packages 6e4e79c2f86eeb534e324e583f2057dc9fd5ecab),TWINE-80,shuffle,ctr,1048576,13,3779400,1048576,3.604316711,0.277445097,10.795738220,ok
Windows-x86_64,13th Gen Intel(R) Core(TM) i9-13900H,clang-22.1.8 (https://github.com/msys2/MINGW-packages 6e4e79c2f86eeb534e324e583f2057dc9fd5ecab),TWINE-80,shuffle,ctr,1048576,14,3519800,1048576,3.356742859,0.297907836,10.054027557,ok
Windows-x86_64,13th Gen Intel(R) Core(TM) i9-13900H,clang-22.1.8 (https://github.com/msys2/MINGW-packages 6e4e79c2f86eeb534e324e583f2057dc9fd5ecab),TWINE-80,shuffle,ctr,1048576,15,3458600,1048576,3.298377991,0.303179321,9.879388809,ok
Windows-x86_64,13th Gen Intel(R) Core(TM) i9-13900H,clang-22.1.8 (https://github.com/msys2/MINGW-packages 6e4e79c2f86eeb534e324e583f2057dc9fd5ecab),AES-128,aes-hw,gcm,64,1,903500,262144,3.446578979,0.290142778,10.325737000,ok
Windows-x86_64,13th Gen Intel(R) Core(TM) i9-13900H,clang-22.1.8 (https://github.com/msys2/MINGW-packages 6e4e79c2f86eeb534e324e583f2057dc9fd5ecab),AES-128,aes-hw,gcm,64,2,902400,262144,3.442382812,0.290496454,10.311546326,ok
Windows-x86_64,13th Gen Intel(R) Core(TM) i9-13900H,clang-22.1.8 (https://github.com/msys2/MINGW-packages 6e4e79c2f86eeb534e324e583f2057dc9fd5ecab),AES-128,aes-hw,gcm,64,3,864400,262144,3.297424316,0.303267006,9.876800537,ok
Windows-x86_64,13th Gen Intel(R) Core(TM) i9-13900H,clang-22.1.8 (https://github.com/msys2/MINGW-packages 6e4e79c2f86eeb534e324e583f2057dc9fd5ecab),AES-128,aes-hw,gcm,64,4,866300,262144,3.304672241,0.302601870,9.898498535,ok
Windows-x86_64,13th Gen Intel(R) Core(TM) i9-13900H,clang-22.1.8 (https://github.com/msys2/MINGW-packages 6e4e79c2f86eeb534e324e583f2057dc9fd5ecab),AES-128,aes-hw,gcm,64,5,863000,262144,3.292083740,0.303758980,9.861175537,ok
Windows-x86_64,13th Gen Intel(R) Core(TM) i9-13900H,clang-22.1.8 (https://github.com/msys2/MINGW-packages 6e4e79c2f86eeb534e324e583f2057dc9fd5ecab),AES-128,aes-hw,gcm,64,6,883600,262144,3.370666504,0.296677230,10.096740723,ok
Windows-x86_64,13th Gen Intel(R) Core(TM) i9-13900H,clang-22.1.8 (https://github.com/msys2/MINGW-packages 6e4e79c2f86eeb534e324e583f2057dc9fd5ecab),AES-128,aes-hw,gcm,64,7,940600,262144,3.588104248,0.278698703,10.747627258,ok
Windows-x86_64,13th Gen Intel(R) Core(TM) i9-13900H,clang-22.1.8 (https://github.com/msys2/MINGW-packages 6e4e79c2f86eeb534e324e583f2057dc9fd5ecab),AES-128,aes-hw,gcm,64,8,1111500,262144,4.240036011,0.235847054,12.700798035,ok
Windows-x86_64,13th Gen Intel(R) Core(TM) i9-13900H,clang-22.1.8 (https://github.com/msys2/MINGW-packages 6e4e79c2f86eeb534e324e583f2057dc9fd5ecab),AES-128,aes-hw,gcm,64,9,1084900,262144,4.138565063,0.241629643,12.396553040,ok
Windows-x86_64,13th Gen Intel(R) Core(TM) i9-13900H,clang-22.1.8 (https://github.com/msys2/MINGW-packages 6e4e79c2f86eeb534e324e583f2057dc9fd5ecab),AES-128,aes-hw,gcm,64,10,1053100,262144,4.017257690,0.248926028,12.032508850,ok
Windows-x86_64,13th Gen Intel(R) Core(TM) i9-13900H,clang-22.1.8 (https://github.com/msys2/MINGW-packages 6e4e79c2f86eeb534e324e583f2057dc9fd5ecab),AES-128,aes-hw,gcm,64,11,1022400,262144,3.900146484,0.256400626,11.682258606,ok
Windows-x86_64,13th Gen Intel(R) Core(TM) i9-13900H,clang-22.1.8 (https://github.com/msys2/MINGW-packages 6e4e79c2f86eeb534e324e583f2057dc9fd5ecab),AES-128,aes-hw,gcm,64,12,1024600,262144,3.908538818,0.255850088,11.708099365,ok
Windows-x86_64,13th Gen Intel(R) Core(TM) i9-13900H,clang-22.1.8 (https://github.com/msys2/MINGW-packages 6e4e79c2f86eeb534e324e583f2057dc9fd5ecab),AES-128,aes-hw,gcm,64,13,1012800,262144,3.863525391,0.258830964,11.572242737,ok
Windows-x86_64,13th Gen Intel(R) Core(TM) i9-13900H,clang-22.1.8 (https://github.com/msys2/MINGW-packages 6e4e79c2f86eeb534e324e583f2057dc9fd5ecab),AES-128,aes-hw,gcm,64,14,999800,262144,3.813934326,0.262196439,11.424156189,ok
Windows-x86_64,13th Gen Intel(R) Core(TM) i9-13900H,clang-22.1.8 (https://github.com/msys2/MINGW-packages 6e4e79c2f86eeb534e324e583f2057dc9fd5ecab),AES-128,aes-hw,gcm,64,15,971500,262144,3.705978394,0.269834277,11.101547241,ok
Windows-x86_64,13th Gen Intel(R) Core(TM) i9-13900H,clang-22.1.8 (https://github.com/msys2/MINGW-packages 6e4e79c2f86eeb534e324e583f2057dc9fd5ecab),AES-128,aes-hw,gcm,512,1,390500,262144,1.489639282,0.671303457,4.464347839,ok
Windows-x86_64,13th Gen Intel(R) Core(TM) i9-13900H,clang-22.1.8 (https://github.com/msys2/MINGW-packages 6e4e79c2f86eeb534e324e583f2057dc9fd5ecab),AES-128,aes-hw,gcm,512,2,390900,262144,1.491165161,0.670616526,4.467521667,ok
Windows-x86_64,13th Gen Intel(R) Core(TM) i9-13900H,clang-22.1.8 (https://github.com/msys2/MINGW-packages 6e4e79c2f86eeb534e324e583f2057dc9fd5ecab),AES-128,aes-hw,gcm,512,3,402500,262144,1.535415649,0.651289441,4.600212097,ok
Windows-x86_64,13th Gen Intel(R) Core(TM) i9-13900H,clang-22.1.8 (https://github.com/msys2/MINGW-packages 6e4e79c2f86eeb534e324e583f2057dc9fd5ecab),AES-128,aes-hw,gcm,512,4,392400,262144,1.496887207,0.668053007,4.484741211,ok
Windows-x86_64,13th Gen Intel(R) Core(TM) i9-13900H,clang-22.1.8 (https://github.com/msys2/MINGW-packages 6e4e79c2f86eeb534e324e583f2057dc9fd5ecab),AES-128,aes-hw,gcm,512,5,391600,262144,1.493835449,0.669417773,4.475479126,ok
Windows-x86_64,13th Gen Intel(R) Core(TM) i9-13900H,clang-22.1.8 (https://github.com/msys2/MINGW-packages 6e4e79c2f86eeb534e324e583f2057dc9fd5ecab),AES-128,aes-hw,gcm,512,6,395100,262144,1.507186890,0.663487725,4.514587402,ok
Windows-x86_64,13th Gen Intel(R) Core(TM) i9-13900H,clang-22.1.8 (https://github.com/msys2/MINGW-packages 6e4e79c2f86eeb534e324e583f2057dc9fd5ecab),AES-128,aes-hw,gcm,512,7,406100,262144,1.549148560,0.645515883,4.640548706,ok
Windows-x86_64,13th Gen Intel(R) Core(TM) i9-13900H,clang-22.1.8 (https://github.com/msys2/MINGW-packages 6e4e79c2f86eeb534e324e583f2057dc9fd5ecab),AES-128,aes-hw,gcm,512,8,391600,262144,1.493835449,0.669417773,4.474967957,ok
Windows-x86_64,13th Gen Intel(R) Core(TM) i9-13900H,clang-22.1.8 (https://github.com/msys2/MINGW-packages 6e4e79c2f86eeb534e324e583f2057dc9fd5ecab),AES-128,aes-hw,gcm,512,9,389700,262144,1.486587524,0.672681550,4.453475952,ok
Windows-x86_64,13th Gen Intel(R) Core(TM) i9-13900H,clang-22.1.8 (https://github.com/msys2/MINGW-packages 6e4e79c2f86eeb534e324e583f2057dc9fd5ecab),AES-128,aes-hw,gcm,512,10,390300,262144,1.488876343,0.671647451,4.460426331,ok
Windows-x86_64,13th Gen Intel(R) Core(TM) i9-13900H,clang-22.1.8 (https://github.com/msys2/MINGW-packages 6e4e79c2f86eeb534e324e583f2057dc9fd5ecab),AES-128,aes-hw,gcm,512,11,390800,262144,1.490783691,0.670788127,4.465591431,ok
Windows-x86_64,13th Gen Intel(R) Core(TM) i9-13900H,clang-22.1.8 (https://github.com/msys2/MINGW-packages 6e4e79c2f86eeb534e324e583f2057dc9fd5ecab),AES-128,aes-hw,gcm,512,12,390000,262144,1.487731934,0.672164103,4.456573486,ok
Windows-x86_64,13th Gen Intel(R) Core(TM) i9-13900H,clang-22.1.8 (https://github.com/msys2/MINGW-packages 6e4e79c2f86eeb534e324e583f2057dc9fd5ecab),AES-128,aes-hw,gcm,512,13,393400,262144,1.500701904,0.666354855,4.494972229,ok
Windows-x86_64,13th Gen Intel(R) Core(TM) i9-13900H,clang-22.1.8 (https://github.com/msys2/MINGW-packages 6e4e79c2f86eeb534e324e583f2057dc9fd5ecab),AES-128,aes-hw,gcm,512,14,389500,262144,1.485824585,0.673026958,4.450737000,ok
Windows-x86_64,13th Gen Intel(R) Core(TM) i9-13900H,clang-22.1.8 (https://github.com/msys2/MINGW-packages 6e4e79c2f86eeb534e324e583f2057dc9fd5ecab),AES-128,aes-hw,gcm,512,15,389100,262144,1.484298706,0.673718838,4.446670532,ok
Windows-x86_64,13th Gen Intel(R) Core(TM) i9-13900H,clang-22.1.8 (https://github.com/msys2/MINGW-packages 6e4e79c2f86eeb534e324e583f2057dc9fd5ecab),AES-128,aes-hw,gcm,4096,1,340300,262144,1.298141479,0.770332060,3.890541077,ok
Windows-x86_64,13th Gen Intel(R) Core(TM) i9-13900H,clang-22.1.8 (https://github.com/msys2/MINGW-packages 6e4e79c2f86eeb534e324e583f2057dc9fd5ecab),AES-128,aes-hw,gcm,4096,2,340700,262144,1.299667358,0.769427649,3.893058777,ok
Windows-x86_64,13th Gen Intel(R) Core(TM) i9-13900H,clang-22.1.8 (https://github.com/msys2/MINGW-packages 6e4e79c2f86eeb534e324e583f2057dc9fd5ecab),AES-128,aes-hw,gcm,4096,3,340000,262144,1.296997070,0.771011765,3.885467529,ok
Windows-x86_64,13th Gen Intel(R) Core(TM) i9-13900H,clang-22.1.8 (https://github.com/msys2/MINGW-packages 6e4e79c2f86eeb534e324e583f2057dc9fd5ecab),AES-128,aes-hw,gcm,4096,4,335100,262144,1.278305054,0.782285885,3.829299927,ok
Windows-x86_64,13th Gen Intel(R) Core(TM) i9-13900H,clang-22.1.8 (https://github.com/msys2/MINGW-packages 6e4e79c2f86eeb534e324e583f2057dc9fd5ecab),AES-128,aes-hw,gcm,4096,5,336100,262144,1.282119751,0.779958346,3.840522766,ok
Windows-x86_64,13th Gen Intel(R) Core(TM) i9-13900H,clang-22.1.8 (https://github.com/msys2/MINGW-packages 6e4e79c2f86eeb534e324e583f2057dc9fd5ecab),AES-128,aes-hw,gcm,4096,6,332900,262144,1.269912720,0.787455692,3.804328918,ok
Windows-x86_64,13th Gen Intel(R) Core(TM) i9-13900H,clang-22.1.8 (https://github.com/msys2/MINGW-packages 6e4e79c2f86eeb534e324e583f2057dc9fd5ecab),AES-128,aes-hw,gcm,4096,7,331800,262144,1.265716553,0.790066305,3.791679382,ok
Windows-x86_64,13th Gen Intel(R) Core(TM) i9-13900H,clang-22.1.8 (https://github.com/msys2/MINGW-packages 6e4e79c2f86eeb534e324e583f2057dc9fd5ecab),AES-128,aes-hw,gcm,4096,8,332500,262144,1.268386841,0.788403008,3.799797058,ok
Windows-x86_64,13th Gen Intel(R) Core(TM) i9-13900H,clang-22.1.8 (https://github.com/msys2/MINGW-packages 6e4e79c2f86eeb534e324e583f2057dc9fd5ecab),AES-128,aes-hw,gcm,4096,9,332400,262144,1.268005371,0.788640193,3.798934937,ok
Windows-x86_64,13th Gen Intel(R) Core(TM) i9-13900H,clang-22.1.8 (https://github.com/msys2/MINGW-packages 6e4e79c2f86eeb534e324e583f2057dc9fd5ecab),AES-128,aes-hw,gcm,4096,10,332200,262144,1.267242432,0.789114991,3.796455383,ok
Windows-x86_64,13th Gen Intel(R) Core(TM) i9-13900H,clang-22.1.8 (https://github.com/msys2/MINGW-packages 6e4e79c2f86eeb534e324e583f2057dc9fd5ecab),AES-128,aes-hw,gcm,4096,11,335700,262144,1.280593872,0.780887697,3.835876465,ok
Windows-x86_64,13th Gen Intel(R) Core(TM) i9-13900H,clang-22.1.8 (https://github.com/msys2/MINGW-packages 6e4e79c2f86eeb534e324e583f2057dc9fd5ecab),AES-128,aes-hw,gcm,4096,12,332400,262144,1.268005371,0.788640193,3.798416138,ok
Windows-x86_64,13th Gen Intel(R) Core(TM) i9-13900H,clang-22.1.8 (https://github.com/msys2/MINGW-packages 6e4e79c2f86eeb534e324e583f2057dc9fd5ecab),AES-128,aes-hw,gcm,4096,13,332500,262144,1.268386841,0.788403008,3.800231934,ok
Windows-x86_64,13th Gen Intel(R) Core(TM) i9-13900H,clang-22.1.8 (https://github.com/msys2/MINGW-packages 6e4e79c2f86eeb534e324e583f2057dc9fd5ecab),AES-128,aes-hw,gcm,4096,14,332300,262144,1.267623901,0.788877520,3.797935486,ok
Windows-x86_64,13th Gen Intel(R) Core(TM) i9-13900H,clang-22.1.8 (https://github.com/msys2/MINGW-packages 6e4e79c2f86eeb534e324e583f2057dc9fd5ecab),AES-128,aes-hw,gcm,4096,15,332400,262144,1.268005371,0.788640193,3.798454285,ok
Windows-x86_64,13th Gen Intel(R) Core(TM) i9-13900H,clang-22.1.8 (https://github.com/msys2/MINGW-packages 6e4e79c2f86eeb534e324e583f2057dc9fd5ecab),AES-128,aes-hw,gcm,8192,1,326700,262144,1.246261597,0.802399755,3.734115601,ok
Windows-x86_64,13th Gen Intel(R) Core(TM) i9-13900H,clang-22.1.8 (https://github.com/msys2/MINGW-packages 6e4e79c2f86eeb534e324e583f2057dc9fd5ecab),AES-128,aes-hw,gcm,8192,2,327300,262144,1.248550415,0.800928811,3.739364624,ok
Windows-x86_64,13th Gen Intel(R) Core(TM) i9-13900H,clang-22.1.8 (https://github.com/msys2/MINGW-packages 6e4e79c2f86eeb534e324e583f2057dc9fd5ecab),AES-128,aes-hw,gcm,8192,3,326400,262144,1.245117188,0.803137255,3.730461121,ok
Windows-x86_64,13th Gen Intel(R) Core(TM) i9-13900H,clang-22.1.8 (https://github.com/msys2/MINGW-packages 6e4e79c2f86eeb534e324e583f2057dc9fd5ecab),AES-128,aes-hw,gcm,8192,4,330500,262144,1.260757446,0.793173979,3.776794434,ok
Windows-x86_64,13th Gen Intel(R) Core(TM) i9-13900H,clang-22.1.8 (https://github.com/msys2/MINGW-packages 6e4e79c2f86eeb534e324e583f2057dc9fd5ecab),AES-128,aes-hw,gcm,8192,5,328000,262144,1.251220703,0.799219512,3.748008728,ok
Windows-x86_64,13th Gen Intel(R) Core(TM) i9-13900H,clang-22.1.8 (https://github.com/msys2/MINGW-packages 6e4e79c2f86eeb534e324e583f2057dc9fd5ecab),AES-128,aes-hw,gcm,8192,6,327600,262144,1.249694824,0.800195360,3.744018555,ok
Windows-x86_64,13th Gen Intel(R) Core(TM) i9-13900H,clang-22.1.8 (https://github.com/msys2/MINGW-packages 6e4e79c2f86eeb534e324e583f2057dc9fd5ecab),AES-128,aes-hw,gcm,8192,7,328700,262144,1.253890991,0.797517493,3.757148743,ok
Windows-x86_64,13th Gen Intel(R) Core(TM) i9-13900H,clang-22.1.8 (https://github.com/msys2/MINGW-packages 6e4e79c2f86eeb534e324e583f2057dc9fd5ecab),AES-128,aes-hw,gcm,8192,8,328900,262144,1.254653931,0.797032533,3.758468628,ok
Windows-x86_64,13th Gen Intel(R) Core(TM) i9-13900H,clang-22.1.8 (https://github.com/msys2/MINGW-packages 6e4e79c2f86eeb534e324e583f2057dc9fd5ecab),AES-128,aes-hw,gcm,8192,9,330800,262144,1.261901855,0.792454655,3.780418396,ok
Windows-x86_64,13th Gen Intel(R) Core(TM) i9-13900H,clang-22.1.8 (https://github.com/msys2/MINGW-packages 6e4e79c2f86eeb534e324e583f2057dc9fd5ecab),AES-128,aes-hw,gcm,8192,10,330200,262144,1.259613037,0.793894609,3.773460388,ok
Windows-x86_64,13th Gen Intel(R) Core(TM) i9-13900H,clang-22.1.8 (https://github.com/msys2/MINGW-packages 6e4e79c2f86eeb534e324e583f2057dc9fd5ecab),AES-128,aes-hw,gcm,8192,11,337200,262144,1.286315918,0.777413998,3.854072571,ok
Windows-x86_64,13th Gen Intel(R) Core(TM) i9-13900H,clang-22.1.8 (https://github.com/msys2/MINGW-packages 6e4e79c2f86eeb534e324e583f2057dc9fd5ecab),AES-128,aes-hw,gcm,8192,12,337000,262144,1.285552979,0.777875371,3.851196289,ok
Windows-x86_64,13th Gen Intel(R) Core(TM) i9-13900H,clang-22.1.8 (https://github.com/msys2/MINGW-packages 6e4e79c2f86eeb534e324e583f2057dc9fd5ecab),AES-128,aes-hw,gcm,8192,13,335700,262144,1.280593872,0.780887697,3.836151123,ok
Windows-x86_64,13th Gen Intel(R) Core(TM) i9-13900H,clang-22.1.8 (https://github.com/msys2/MINGW-packages 6e4e79c2f86eeb534e324e583f2057dc9fd5ecab),AES-128,aes-hw,gcm,8192,14,337900,262144,1.288986206,0.775803492,3.861389160,ok
Windows-x86_64,13th Gen Intel(R) Core(TM) i9-13900H,clang-22.1.8 (https://github.com/msys2/MINGW-packages 6e4e79c2f86eeb534e324e583f2057dc9fd5ecab),AES-128,aes-hw,gcm,8192,15,339700,262144,1.295852661,0.771692670,3.882141113,ok
Windows-x86_64,13th Gen Intel(R) Core(TM) i9-13900H,clang-22.1.8 (https://github.com/msys2/MINGW-packages 6e4e79c2f86eeb534e324e583f2057dc9fd5ecab),AES-128,aes-hw,gcm,65536,1,332400,262144,1.268005371,0.788640193,3.799255371,ok
Windows-x86_64,13th Gen Intel(R) Core(TM) i9-13900H,clang-22.1.8 (https://github.com/msys2/MINGW-packages 6e4e79c2f86eeb534e324e583f2057dc9fd5ecab),AES-128,aes-hw,gcm,65536,2,334700,262144,1.276779175,0.783220795,3.825172424,ok
Windows-x86_64,13th Gen Intel(R) Core(TM) i9-13900H,clang-22.1.8 (https://github.com/msys2/MINGW-packages 6e4e79c2f86eeb534e324e583f2057dc9fd5ecab),AES-128,aes-hw,gcm,65536,3,334700,262144,1.276779175,0.783220795,3.825477600,ok
Windows-x86_64,13th Gen Intel(R) Core(TM) i9-13900H,clang-22.1.8 (https://github.com/msys2/MINGW-packages 6e4e79c2f86eeb534e324e583f2057dc9fd5ecab),AES-128,aes-hw,gcm,65536,4,335300,262144,1.279067993,0.781819266,3.832221985,ok
Windows-x86_64,13th Gen Intel(R) Core(TM) i9-13900H,clang-22.1.8 (https://github.com/msys2/MINGW-packages 6e4e79c2f86eeb534e324e583f2057dc9fd5ecab),AES-128,aes-hw,gcm,65536,5,334100,262144,1.274490356,0.784627357,3.818176270,ok
Windows-x86_64,13th Gen Intel(R) Core(TM) i9-13900H,clang-22.1.8 (https://github.com/msys2/MINGW-packages 6e4e79c2f86eeb534e324e583f2057dc9fd5ecab),AES-128,aes-hw,gcm,65536,6,334200,262144,1.274871826,0.784392579,3.819183350,ok
Windows-x86_64,13th Gen Intel(R) Core(TM) i9-13900H,clang-22.1.8 (https://github.com/msys2/MINGW-packages 6e4e79c2f86eeb534e324e583f2057dc9fd5ecab),AES-128,aes-hw,gcm,65536,7,335000,262144,1.277923584,0.782519403,3.828056335,ok
Windows-x86_64,13th Gen Intel(R) Core(TM) i9-13900H,clang-22.1.8 (https://github.com/msys2/MINGW-packages 6e4e79c2f86eeb534e324e583f2057dc9fd5ecab),AES-128,aes-hw,gcm,65536,8,340600,262144,1.299285889,0.769653553,3.891883850,ok
Windows-x86_64,13th Gen Intel(R) Core(TM) i9-13900H,clang-22.1.8 (https://github.com/msys2/MINGW-packages 6e4e79c2f86eeb534e324e583f2057dc9fd5ecab),AES-128,aes-hw,gcm,65536,9,335400,262144,1.279449463,0.781586166,3.832824707,ok
Windows-x86_64,13th Gen Intel(R) Core(TM) i9-13900H,clang-22.1.8 (https://github.com/msys2/MINGW-packages 6e4e79c2f86eeb534e324e583f2057dc9fd5ecab),AES-128,aes-hw,gcm,65536,10,335300,262144,1.279067993,0.781819266,3.832237244,ok
Windows-x86_64,13th Gen Intel(R) Core(TM) i9-13900H,clang-22.1.8 (https://github.com/msys2/MINGW-packages 6e4e79c2f86eeb534e324e583f2057dc9fd5ecab),AES-128,aes-hw,gcm,65536,11,335100,262144,1.278305054,0.782285885,3.829284668,ok
Windows-x86_64,13th Gen Intel(R) Core(TM) i9-13900H,clang-22.1.8 (https://github.com/msys2/MINGW-packages 6e4e79c2f86eeb534e324e583f2057dc9fd5ecab),AES-128,aes-hw,gcm,65536,12,336000,262144,1.281738281,0.780190476,3.839607239,ok
Windows-x86_64,13th Gen Intel(R) Core(TM) i9-13900H,clang-22.1.8 (https://github.com/msys2/MINGW-packages 6e4e79c2f86eeb534e324e583f2057dc9fd5ecab),AES-128,aes-hw,gcm,65536,13,338800,262144,1.292419434,0.773742621,3.871849060,ok
Windows-x86_64,13th Gen Intel(R) Core(TM) i9-13900H,clang-22.1.8 (https://github.com/msys2/MINGW-packages 6e4e79c2f86eeb534e324e583f2057dc9fd5ecab),AES-128,aes-hw,gcm,65536,14,335600,262144,1.280212402,0.781120381,3.835151672,ok
Windows-x86_64,13th Gen Intel(R) Core(TM) i9-13900H,clang-22.1.8 (https://github.com/msys2/MINGW-packages 6e4e79c2f86eeb534e324e583f2057dc9fd5ecab),AES-128,aes-hw,gcm,65536,15,336000,262144,1.281738281,0.780190476,3.839973450,ok
Windows-x86_64,13th Gen Intel(R) Core(TM) i9-13900H,clang-22.1.8 (https://github.com/msys2/MINGW-packages 6e4e79c2f86eeb534e324e583f2057dc9fd5ecab),AES-128,aes-hw,gcm,1048576,1,1298200,1048576,1.238059998,0.807715298,3.709396362,ok
Windows-x86_64,13th Gen Intel(R) Core(TM) i9-13900H,clang-22.1.8 (https://github.com/msys2/MINGW-packages 6e4e79c2f86eeb534e324e583f2057dc9fd5ecab),AES-128,aes-hw,gcm,1048576,2,1313100,1048576,1.252269745,0.798549996,3.750804901,ok
Windows-x86_64,13th Gen Intel(R) Core(TM) i9-13900H,clang-22.1.8 (https://github.com/msys2/MINGW-packages 6e4e79c2f86eeb534e324e583f2057dc9fd5ecab),AES-128,aes-hw,gcm,1048576,3,1306800,1048576,1.246261597,0.802399755,3.733552933,ok
Windows-x86_64,13th Gen Intel(R) Core(TM) i9-13900H,clang-22.1.8 (https://github.com/msys2/MINGW-packages 6e4e79c2f86eeb534e324e583f2057dc9fd5ecab),AES-128,aes-hw,gcm,1048576,4,1285400,1048576,1.225852966,0.815758519,3.671920776,ok
Windows-x86_64,13th Gen Intel(R) Core(TM) i9-13900H,clang-22.1.8 (https://github.com/msys2/MINGW-packages 6e4e79c2f86eeb534e324e583f2057dc9fd5ecab),AES-128,aes-hw,gcm,1048576,5,1287300,1048576,1.227664948,0.814554494,3.677221298,ok
Windows-x86_64,13th Gen Intel(R) Core(TM) i9-13900H,clang-22.1.8 (https://github.com/msys2/MINGW-packages 6e4e79c2f86eeb534e324e583f2057dc9fd5ecab),AES-128,aes-hw,gcm,1048576,6,1309200,1048576,1.248550415,0.800928811,3.739664078,ok
Windows-x86_64,13th Gen Intel(R) Core(TM) i9-13900H,clang-22.1.8 (https://github.com/msys2/MINGW-packages 6e4e79c2f86eeb534e324e583f2057dc9fd5ecab),AES-128,aes-hw,gcm,1048576,7,1269500,1048576,1.210689545,0.825975581,3.626493454,ok
Windows-x86_64,13th Gen Intel(R) Core(TM) i9-13900H,clang-22.1.8 (https://github.com/msys2/MINGW-packages 6e4e79c2f86eeb534e324e583f2057dc9fd5ecab),AES-128,aes-hw,gcm,1048576,8,1265900,1048576,1.207256317,0.828324512,3.616226196,ok
Windows-x86_64,13th Gen Intel(R) Core(TM) i9-13900H,clang-22.1.8 (https://github.com/msys2/MINGW-packages 6e4e79c2f86eeb534e324e583f2057dc9fd5ecab),AES-128,aes-hw,gcm,1048576,9,1281300,1048576,1.221942902,0.818368844,3.660081863,ok
Windows-x86_64,13th Gen Intel(R) Core(TM) i9-13900H,clang-22.1.8 (https://github.com/msys2/MINGW-packages 6e4e79c2f86eeb534e324e583f2057dc9fd5ecab),AES-128,aes-hw,gcm,1048576,10,1273800,1048576,1.214790344,0.823187314,3.638652802,ok
Windows-x86_64,13th Gen Intel(R) Core(TM) i9-13900H,clang-22.1.8 (https://github.com/msys2/MINGW-packages 6e4e79c2f86eeb534e324e583f2057dc9fd5ecab),AES-128,aes-hw,gcm,1048576,11,1306800,1048576,1.246261597,0.802399755,3.732898712,ok
Windows-x86_64,13th Gen Intel(R) Core(TM) i9-13900H,clang-22.1.8 (https://github.com/msys2/MINGW-packages 6e4e79c2f86eeb534e324e583f2057dc9fd5ecab),AES-128,aes-hw,gcm,1048576,12,1307200,1048576,1.246643066,0.802154223,3.734159470,ok
Windows-x86_64,13th Gen Intel(R) Core(TM) i9-13900H,clang-22.1.8 (https://github.com/msys2/MINGW-packages 6e4e79c2f86eeb534e324e583f2057dc9fd5ecab),AES-128,aes-hw,gcm,1048576,13,1317700,1048576,1.256656647,0.795762313,3.764146805,ok
Windows-x86_64,13th Gen Intel(R) Core(TM) i9-13900H,clang-22.1.8 (https://github.com/msys2/MINGW-packages 6e4e79c2f86eeb534e324e583f2057dc9fd5ecab),AES-128,aes-hw,gcm,1048576,14,1301700,1048576,1.241397858,0.805543520,3.718471527,ok
Windows-x86_64,13th Gen Intel(R) Core(TM) i9-13900H,clang-22.1.8 (https://github.com/msys2/MINGW-packages 6e4e79c2f86eeb534e324e583f2057dc9fd5ecab),AES-128,aes-hw,gcm,1048576,15,1300500,1048576,1.240253448,0.806286813,3.714761734,ok
Windows-x86_64,13th Gen Intel(R) Core(TM) i9-13900H,clang-22.1.8 (https://github.com/msys2/MINGW-packages 6e4e79c2f86eeb534e324e583f2057dc9fd5ecab),AES-128,aes-hw,gcm-dec,64,1,834400,262144,3.182983398,0.314170662,9.535194397,ok
Windows-x86_64,13th Gen Intel(R) Core(TM) i9-13900H,clang-22.1.8 (https://github.com/msys2/MINGW-packages 6e4e79c2f86eeb534e324e583f2057dc9fd5ecab),AES-128,aes-hw,gcm-dec,64,2,831500,262144,3.171920776,0.315266386,9.501945496,ok
Windows-x86_64,13th Gen Intel(R) Core(TM) i9-13900H,clang-22.1.8 (https://github.com/msys2/MINGW-packages 6e4e79c2f86eeb534e324e583f2057dc9fd5ecab),AES-128,aes-hw,gcm-dec,64,3,814100,262144,3.105545044,0.322004668,9.302093506,ok
Windows-x86_64,13th Gen Intel(R) Core(TM) i9-13900H,clang-22.1.8 (https://github.com/msys2/MINGW-packages 6e4e79c2f86eeb534e324e583f2057dc9fd5ecab),AES-128,aes-hw,gcm-dec,64,4,811400,262144,3.095245361,0.323076165,9.271469116,ok
Windows-x86_64,13th Gen Intel(R) Core(TM) i9-13900H,clang-22.1.8 (https://github.com/msys2/MINGW-packages 6e4e79c2f86eeb534e324e583f2057dc9fd5ecab),AES-128,aes-hw,gcm-dec,64,5,812100,262144,3.097915649,0.322797685,9.279472351,ok
Windows-x86_64,13th Gen Intel(R) Core(TM) i9-13900H,clang-22.1.8 (https://github.com/msys2/MINGW-packages 6e4e79c2f86eeb534e324e583f2057dc9fd5ecab),AES-128,aes-hw,gcm-dec,64,6,809800,262144,3.089141846,0.323714497,9.253395081,ok
Windows-x86_64,13th Gen Intel(R) Core(TM) i9-13900H,clang-22.1.8 (https://github.com/msys2/MINGW-packages 6e4e79c2f86eeb534e324e583f2057dc9fd5ecab),AES-128,aes-hw,gcm-dec,64,7,814200,262144,3.105926514,0.321965119,9.303520203,ok
Windows-x86_64,13th Gen Intel(R) Core(TM) i9-13900H,clang-22.1.8 (https://github.com/msys2/MINGW-packages 6e4e79c2f86eeb534e324e583f2057dc9fd5ecab),AES-128,aes-hw,gcm-dec,64,8,809000,262144,3.086090088,0.324034611,9.243705750,ok
Windows-x86_64,13th Gen Intel(R) Core(TM) i9-13900H,clang-22.1.8 (https://github.com/msys2/MINGW-packages 6e4e79c2f86eeb534e324e583f2057dc9fd5ecab),AES-128,aes-hw,gcm-dec,64,9,812900,262144,3.100967407,0.322480010,9.288963318,ok
Windows-x86_64,13th Gen Intel(R) Core(TM) i9-13900H,clang-22.1.8 (https://github.com/msys2/MINGW-packages 6e4e79c2f86eeb534e324e583f2057dc9fd5ecab),AES-128,aes-hw,gcm-dec,64,10,808300,262144,3.083419800,0.324315229,9.236503601,ok
Windows-x86_64,13th Gen Intel(R) Core(TM) i9-13900H,clang-22.1.8 (https://github.com/msys2/MINGW-packages 6e4e79c2f86eeb534e324e583f2057dc9fd5ecab),AES-128,aes-hw,gcm-dec,64,11,809000,262144,3.086090088,0.324034611,9.243949890,ok
Windows-x86_64,13th Gen Intel(R) Core(TM) i9-13900H,clang-22.1.8 (https://github.com/msys2/MINGW-packages 6e4e79c2f86eeb534e324e583f2057dc9fd5ecab),AES-128,aes-hw,gcm-dec,64,12,812200,262144,3.098297119,0.322757941,9.280036926,ok
Windows-x86_64,13th Gen Intel(R) Core(TM) i9-13900H,clang-22.1.8 (https://github.com/msys2/MINGW-packages 6e4e79c2f86eeb534e324e583f2057dc9fd5ecab),AES-128,aes-hw,gcm-dec,64,13,817700,262144,3.119277954,0.320587012,9.343498230,ok
Windows-x86_64,13th Gen Intel(R) Core(TM) i9-13900H,clang-22.1.8 (https://github.com/msys2/MINGW-packages 6e4e79c2f86eeb534e324e583f2057dc9fd5ecab),AES-128,aes-hw,gcm-dec,64,14,813100,262144,3.101730347,0.322400689,9.290817261,ok
Windows-x86_64,13th Gen Intel(R) Core(TM) i9-13900H,clang-22.1.8 (https://github.com/msys2/MINGW-packages 6e4e79c2f86eeb534e324e583f2057dc9fd5ecab),AES-128,aes-hw,gcm-dec,64,15,915200,262144,3.491210938,0.286433566,10.457580566,ok
Windows-x86_64,13th Gen Intel(R) Core(TM) i9-13900H,clang-22.1.8 (https://github.com/msys2/MINGW-packages 6e4e79c2f86eeb534e324e583f2057dc9fd5ecab),AES-128,aes-hw,gcm-dec,512,1,374400,262144,1.428222656,0.700170940,4.279403687,ok
Windows-x86_64,13th Gen Intel(R) Core(TM) i9-13900H,clang-22.1.8 (https://github.com/msys2/MINGW-packages 6e4e79c2f86eeb534e324e583f2057dc9fd5ecab),AES-128,aes-hw,gcm-dec,512,2,374100,262144,1.427078247,0.700732424,4.275329590,ok
Windows-x86_64,13th Gen Intel(R) Core(TM) i9-13900H,clang-22.1.8 (https://github.com/msys2/MINGW-packages 6e4e79c2f86eeb534e324e583f2057dc9fd5ecab),AES-128,aes-hw,gcm-dec,512,3,374800,262144,1.429748535,0.699423693,4.284088135,ok
Windows-x86_64,13th Gen Intel(R) Core(TM) i9-13900H,clang-22.1.8 (https://github.com/msys2/MINGW-packages 6e4e79c2f86eeb534e324e583f2057dc9fd5ecab),AES-128,aes-hw,gcm-dec,512,4,372000,262144,1.419067383,0.704688172,4.250579834,ok
Windows-x86_64,13th Gen Intel(R) Core(TM) i9-13900H,clang-22.1.8 (https://github.com/msys2/MINGW-packages 6e4e79c2f86eeb534e324e583f2057dc9fd5ecab),AES-128,aes-hw,gcm-dec,512,5,374000,262144,1.426696777,0.700919786,4.273681641,ok
Windows-x86_64,13th Gen Intel(R) Core(TM) i9-13900H,clang-22.1.8 (https://github.com/msys2/MINGW-packages 6e4e79c2f86eeb534e324e583f2057dc9fd5ecab),AES-128,aes-hw,gcm-dec,512,6,374700,262144,1.429367065,0.699610355,4.282051086,ok
Windows-x86_64,13th Gen Intel(R) Core(TM) i9-13900H,clang-22.1.8 (https://github.com/msys2/MINGW-packages 6e4e79c2f86eeb534e324e583f2057dc9fd5ecab),AES-128,aes-hw,gcm-dec,512,7,373700,262144,1.425552368,0.701482473,4.269638062,ok
Windows-x86_64,13th Gen Intel(R) Core(TM) i9-13900H,clang-22.1.8 (https://github.com/msys2/MINGW-packages 6e4e79c2f86eeb534e324e583f2057dc9fd5ecab),AES-128,aes-hw,gcm-dec,512,8,374700,262144,1.429367065,0.699610355,4.282310486,ok
Windows-x86_64,13th Gen Intel(R) Core(TM) i9-13900H,clang-22.1.8 (https://github.com/msys2/MINGW-packages 6e4e79c2f86eeb534e324e583f2057dc9fd5ecab),AES-128,aes-hw,gcm-dec,512,9,372000,262144,1.419067383,0.704688172,4.251068115,ok
Windows-x86_64,13th Gen Intel(R) Core(TM) i9-13900H,clang-22.1.8 (https://github.com/msys2/MINGW-packages 6e4e79c2f86eeb534e324e583f2057dc9fd5ecab),AES-128,aes-hw,gcm-dec,512,10,424200,262144,1.618194580,0.617972654,4.848037720,ok
Windows-x86_64,13th Gen Intel(R) Core(TM) i9-13900H,clang-22.1.8 (https://github.com/msys2/MINGW-packages 6e4e79c2f86eeb534e324e583f2057dc9fd5ecab),AES-128,aes-hw,gcm-dec,512,11,370800,262144,1.414489746,0.706968716,4.236671448,ok
Windows-x86_64,13th Gen Intel(R) Core(TM) i9-13900H,clang-22.1.8 (https://github.com/msys2/MINGW-packages 6e4e79c2f86eeb534e324e583f2057dc9fd5ecab),AES-128,aes-hw,gcm-dec,512,12,375100,262144,1.430892944,0.698864303,4.286384583,ok
Windows-x86_64,13th Gen Intel(R) Core(TM) i9-13900H,clang-22.1.8 (https://github.com/msys2/MINGW-packages 6e4e79c2f86eeb534e324e583f2057dc9fd5ecab),AES-128,aes-hw,gcm-dec,512,13,373900,262144,1.426315308,0.701107248,4.272361755,ok
Windows-x86_64,13th Gen Intel(R) Core(TM) i9-13900H,clang-22.1.8 (https://github.com/msys2/MINGW-packages 6e4e79c2f86eeb534e324e583f2057dc9fd5ecab),AES-128,aes-hw,gcm-dec,512,14,372900,262144,1.422500610,0.702987396,4.261505127,ok
Windows-x86_64,13th Gen Intel(R) Core(TM) i9-13900H,clang-22.1.8 (https://github.com/msys2/MINGW-packages 6e4e79c2f86eeb534e324e583f2057dc9fd5ecab),AES-128,aes-hw,gcm-dec,512,15,374900,262144,1.430130005,0.699237130,4.284362793,ok
Windows-x86_64,13th Gen Intel(R) Core(TM) i9-13900H,clang-22.1.8 (https://github.com/msys2/MINGW-packages 6e4e79c2f86eeb534e324e583f2057dc9fd5ecab),AES-128,aes-hw,gcm-dec,4096,1,331600,262144,1.264953613,0.790542823,3.790969849,ok
Windows-x86_64,13th Gen Intel(R) Core(TM) i9-13900H,clang-22.1.8 (https://github.com/msys2/MINGW-packages 6e4e79c2f86eeb534e324e583f2057dc9fd5ecab),AES-128,aes-hw,gcm-dec,4096,2,330800,262144,1.261901855,0.792454655,3.779518127,ok
Windows-x86_64,13th Gen Intel(R) Core(TM) i9-13900H,clang-22.1.8 (https://github.com/msys2/MINGW-packages 6e4e79c2f86eeb534e324e583f2057dc9fd5ecab),AES-128,aes-hw,gcm-dec,4096,3,332500,262144,1.268386841,0.788403008,3.799667358,ok
Windows-x86_64,13th Gen Intel(R) Core(TM) i9-13900H,clang-22.1.8 (https://github.com/msys2/MINGW-packages 6e4e79c2f86eeb534e324e583f2057dc9fd5ecab),AES-128,aes-hw,gcm-dec,4096,4,333200,262144,1.271057129,0.786746699,3.807785034,ok
Windows-x86_64,13th Gen Intel(R) Core(TM) i9-13900H,clang-22.1.8 (https://github.com/msys2/MINGW-packages 6e4e79c2f86eeb534e324e583f2057dc9fd5ecab),AES-128,aes-hw,gcm-dec,4096,5,369900,262144,1.411056519,0.708688835,4.226142883,ok
Windows-x86_64,13th Gen Intel(R) Core(TM) i9-13900H,clang-22.1.8 (https://github.com/msys2/MINGW-packages 6e4e79c2f86eeb534e324e583f2057dc9fd5ecab),AES-128,aes-hw,gcm-dec,4096,6,332400,262144,1.268005371,0.788640193,3.798065186,ok
Windows-x86_64,13th Gen Intel(R) Core(TM) i9-13900H,clang-22.1.8 (https://github.com/msys2/MINGW-packages 6e4e79c2f86eeb534e324e583f2057dc9fd5ecab),AES-128,aes-hw,gcm-dec,4096,7,324100,262144,1.236343384,0.808836779,3.703605652,ok
Windows-x86_64,13th Gen Intel(R) Core(TM) i9-13900H,clang-22.1.8 (https://github.com/msys2/MINGW-packages 6e4e79c2f86eeb534e324e583f2057dc9fd5ecab),AES-128,aes-hw,gcm-dec,4096,8,324200,262144,1.236724854,0.808587292,3.705101013,ok
Windows-x86_64,13th Gen Intel(R) Core(TM) i9-13900H,clang-22.1.8 (https://github.com/msys2/MINGW-packages 6e4e79c2f86eeb534e324e583f2057dc9fd5ecab),AES-128,aes-hw,gcm-dec,4096,9,324000,262144,1.235961914,0.809086420,3.701652527,ok
Windows-x86_64,13th Gen Intel(R) Core(TM) i9-13900H,clang-22.1.8 (https://github.com/msys2/MINGW-packages 6e4e79c2f86eeb534e324e583f2057dc9fd5ecab),AES-128,aes-hw,gcm-dec,4096,10,323800,262144,1.235198975,0.809586164,3.700027466,ok
Windows-x86_64,13th Gen Intel(R) Core(TM) i9-13900H,clang-22.1.8 (https://github.com/msys2/MINGW-packages 6e4e79c2f86eeb534e324e583f2057dc9fd5ecab),AES-128,aes-hw,gcm-dec,4096,11,324800,262144,1.239013672,0.807093596,3.711601257,ok
Windows-x86_64,13th Gen Intel(R) Core(TM) i9-13900H,clang-22.1.8 (https://github.com/msys2/MINGW-packages 6e4e79c2f86eeb534e324e583f2057dc9fd5ecab),AES-128,aes-hw,gcm-dec,4096,12,327300,262144,1.248550415,0.800928811,3.740753174,ok
Windows-x86_64,13th Gen Intel(R) Core(TM) i9-13900H,clang-22.1.8 (https://github.com/msys2/MINGW-packages 6e4e79c2f86eeb534e324e583f2057dc9fd5ecab),AES-128,aes-hw,gcm-dec,4096,13,329700,262144,1.257705688,0.795098574,3.768127441,ok
Windows-x86_64,13th Gen Intel(R) Core(TM) i9-13900H,clang-22.1.8 (https://github.com/msys2/MINGW-packages 6e4e79c2f86eeb534e324e583f2057dc9fd5ecab),AES-128,aes-hw,gcm-dec,4096,14,330000,262144,1.258850098,0.794375758,3.771263123,ok
Windows-x86_64,13th Gen Intel(R) Core(TM) i9-13900H,clang-22.1.8 (https://github.com/msys2/MINGW-packages 6e4e79c2f86eeb534e324e583f2057dc9fd5ecab),AES-128,aes-hw,gcm-dec,4096,15,333100,262144,1.270675659,0.786982888,3.806266785,ok
Windows-x86_64,13th Gen Intel(R) Core(TM) i9-13900H,clang-22.1.8 (https://github.com/msys2/MINGW-packages 6e4e79c2f86eeb534e324e583f2057dc9fd5ecab),AES-128,aes-hw,gcm-dec,8192,1,336800,262144,1.284790039,0.778337292,3.849601746,ok
Windows-x86_64,13th Gen Intel(R) Core(TM) i9-13900H,clang-22.1.8 (https://github.com/msys2/MINGW-packages 6e4e79c2f86eeb534e324e583f2057dc9fd5ecab),AES-128,aes-hw,gcm-dec,8192,2,336800,262144,1.284790039,0.778337292,3.848747253,ok
Windows-x86_64,13th Gen Intel(R) Core(TM) i9-13900H,clang-22.1.8 (https://github.com/msys2/MINGW-packages 6e4e79c2f86eeb534e324e583f2057dc9fd5ecab),AES-128,aes-hw,gcm-dec,8192,3,336500,262144,1.283645630,0.779031204,3.846145630,ok
Windows-x86_64,13th Gen Intel(R) Core(TM) i9-13900H,clang-22.1.8 (https://github.com/msys2/MINGW-packages 6e4e79c2f86eeb534e324e583f2057dc9fd5ecab),AES-128,aes-hw,gcm-dec,8192,4,338900,262144,1.292800903,0.773514311,3.872581482,ok
Windows-x86_64,13th Gen Intel(R) Core(TM) i9-13900H,clang-22.1.8 (https://github.com/msys2/MINGW-packages 6e4e79c2f86eeb534e324e583f2057dc9fd5ecab),AES-128,aes-hw,gcm-dec,8192,5,334800,262144,1.277160645,0.782986858,3.825485229,ok
Windows-x86_64,13th Gen Intel(R) Core(TM) i9-13900H,clang-22.1.8 (https://github.com/msys2/MINGW-packages 6e4e79c2f86eeb534e324e583f2057dc9fd5ecab),AES-128,aes-hw,gcm-dec,8192,6,372100,262144,1.419448853,0.704498791,4.252189636,ok
Windows-x86_64,13th Gen Intel(R) Core(TM) i9-13900H,clang-22.1.8 (https://github.com/msys2/MINGW-packages 6e4e79c2f86eeb534e324e583f2057dc9fd5ecab),AES-128,aes-hw,gcm-dec,8192,7,334600,262144,1.276397705,0.783454871,3.823539734,ok
Windows-x86_64,13th Gen Intel(R) Core(TM) i9-13900H,clang-22.1.8 (https://github.com/msys2/MINGW-packages 6e4e79c2f86eeb534e324e583f2057dc9fd5ecab),AES-128,aes-hw,gcm-dec,8192,8,334700,262144,1.276779175,0.783220795,3.825355530,ok
Windows-x86_64,13th Gen Intel(R) Core(TM) i9-13900H,clang-22.1.8 (https://github.com/msys2/MINGW-packages 6e4e79c2f86eeb534e324e583f2057dc9fd5ecab),AES-128,aes-hw,gcm-dec,8192,9,338100,262144,1.289749146,0.775344573,3.863311768,ok
Windows-x86_64,13th Gen Intel(R) Core(TM) i9-13900H,clang-22.1.8 (https://github.com/msys2/MINGW-packages 6e4e79c2f86eeb534e324e583f2057dc9fd5ecab),AES-128,aes-hw,gcm-dec,8192,10,337300,262144,1.286697388,0.777183516,3.854782104,ok
Windows-x86_64,13th Gen Intel(R) Core(TM) i9-13900H,clang-22.1.8 (https://github.com/msys2/MINGW-packages 6e4e79c2f86eeb534e324e583f2057dc9fd5ecab),AES-128,aes-hw,gcm-dec,8192,11,337000,262144,1.285552979,0.777875371,3.851325989,ok
Windows-x86_64,13th Gen Intel(R) Core(TM) i9-13900H,clang-22.1.8 (https://github.com/msys2/MINGW-packages 6e4e79c2f86eeb534e324e583f2057dc9fd5ecab),AES-128,aes-hw,gcm-dec,8192,12,337100,262144,1.285934448,0.777644616,3.853126526,ok
Windows-x86_64,13th Gen Intel(R) Core(TM) i9-13900H,clang-22.1.8 (https://github.com/msys2/MINGW-packages 6e4e79c2f86eeb534e324e583f2057dc9fd5ecab),AES-128,aes-hw,gcm-dec,8192,13,336700,262144,1.284408569,0.778568459,3.847724915,ok
Windows-x86_64,13th Gen Intel(R) Core(TM) i9-13900H,clang-22.1.8 (https://github.com/msys2/MINGW-packages 6e4e79c2f86eeb534e324e583f2057dc9fd5ecab),AES-128,aes-hw,gcm-dec,8192,14,337600,262144,1.287841797,0.776492891,3.858253479,ok
Windows-x86_64,13th Gen Intel(R) Core(TM) i9-13900H,clang-22.1.8 (https://github.com/msys2/MINGW-packages 6e4e79c2f86eeb534e324e583f2057dc9fd5ecab),AES-128,aes-hw,gcm-dec,8192,15,342000,262144,1.304626465,0.766502924,3.908035278,ok
Windows-x86_64,13th Gen Intel(R) Core(TM) i9-13900H,clang-22.1.8 (https://github.com/msys2/MINGW-packages 6e4e79c2f86eeb534e324e583f2057dc9fd5ecab),AES-128,aes-hw,gcm-dec,65536,1,337100,262144,1.285934448,0.777644616,3.854103088,ok
Windows-x86_64,13th Gen Intel(R) Core(TM) i9-13900H,clang-22.1.8 (https://github.com/msys2/MINGW-packages 6e4e79c2f86eeb534e324e583f2057dc9fd5ecab),AES-128,aes-hw,gcm-dec,65536,2,334100,262144,1.274490356,0.784627357,3.818374634,ok
Windows-x86_64,13th Gen Intel(R) Core(TM) i9-13900H,clang-22.1.8 (https://github.com/msys2/MINGW-packages 6e4e79c2f86eeb534e324e583f2057dc9fd5ecab),AES-128,aes-hw,gcm-dec,65536,3,325800,262144,1.242828369,0.804616329,3.723091125,ok
Windows-x86_64,13th Gen Intel(R) Core(TM) i9-13900H,clang-22.1.8 (https://github.com/msys2/MINGW-packages 6e4e79c2f86eeb534e324e583f2057dc9fd5ecab),AES-128,aes-hw,gcm-dec,65536,4,326700,262144,1.246261597,0.802399755,3.733566284,ok
Windows-x86_64,13th Gen Intel(R) Core(TM) i9-13900H,clang-22.1.8 (https://github.com/msys2/MINGW-packages 6e4e79c2f86eeb534e324e583f2057dc9fd5ecab),AES-128,aes-hw,gcm-dec,65536,5,327300,262144,1.248550415,0.800928811,3.740608215,ok
Windows-x86_64,13th Gen Intel(R) Core(TM) i9-13900H,clang-22.1.8 (https://github.com/msys2/MINGW-packages 6e4e79c2f86eeb534e324e583f2057dc9fd5ecab),AES-128,aes-hw,gcm-dec,65536,6,326800,262144,1.246643066,0.802154223,3.734603882,ok
Windows-x86_64,13th Gen Intel(R) Core(TM) i9-13900H,clang-22.1.8 (https://github.com/msys2/MINGW-packages 6e4e79c2f86eeb534e324e583f2057dc9fd5ecab),AES-128,aes-hw,gcm-dec,65536,7,327000,262144,1.247406006,0.801663609,3.737014771,ok
Windows-x86_64,13th Gen Intel(R) Core(TM) i9-13900H,clang-22.1.8 (https://github.com/msys2/MINGW-packages 6e4e79c2f86eeb534e324e583f2057dc9fd5ecab),AES-128,aes-hw,gcm-dec,65536,8,352300,262144,1.343917847,0.744093102,4.025283813,ok
Windows-x86_64,13th Gen Intel(R) Core(TM) i9-13900H,clang-22.1.8 (https://github.com/msys2/MINGW-packages 6e4e79c2f86eeb534e324e583f2057dc9fd5ecab),AES-128,aes-hw,gcm-dec,65536,9,329300,262144,1.256179810,0.796064379,3.763191223,ok
Windows-x86_64,13th Gen Intel(R) Core(TM) i9-13900H,clang-22.1.8 (https://github.com/msys2/MINGW-packages 6e4e79c2f86eeb534e324e583f2057dc9fd5ecab),AES-128,aes-hw,gcm-dec,65536,10,326600,262144,1.245880127,0.802645438,3.732177734,ok
Windows-x86_64,13th Gen Intel(R) Core(TM) i9-13900H,clang-22.1.8 (https://github.com/msys2/MINGW-packages 6e4e79c2f86eeb534e324e583f2057dc9fd5ecab),AES-128,aes-hw,gcm-dec,65536,11,325400,262144,1.241302490,0.805605409,3.717864990,ok
Windows-x86_64,13th Gen Intel(R) Core(TM) i9-13900H,clang-22.1.8 (https://github.com/msys2/MINGW-packages 6e4e79c2f86eeb534e324e583f2057dc9fd5ecab),AES-128,aes-hw,gcm-dec,65536,12,325300,262144,1.240921021,0.805853059,3.717094421,ok
Windows-x86_64,13th Gen Intel(R) Core(TM) i9-13900H,clang-22.1.8 (https://github.com/msys2/MINGW-packages 6e4e79c2f86eeb534e324e583f2057dc9fd5ecab),AES-128,aes-hw,gcm-dec,65536,13,325700,262144,1.242446899,0.804863371,3.722061157,ok
Windows-x86_64,13th Gen Intel(R) Core(TM) i9-13900H,clang-22.1.8 (https://github.com/msys2/MINGW-packages 6e4e79c2f86eeb534e324e583f2057dc9fd5ecab),AES-128,aes-hw,gcm-dec,65536,14,330100,262144,1.259231567,0.794135111,3.772499084,ok
Windows-x86_64,13th Gen Intel(R) Core(TM) i9-13900H,clang-22.1.8 (https://github.com/msys2/MINGW-packages 6e4e79c2f86eeb534e324e583f2057dc9fd5ecab),AES-128,aes-hw,gcm-dec,65536,15,326300,262144,1.244735718,0.803383390,3.727981567,ok
Windows-x86_64,13th Gen Intel(R) Core(TM) i9-13900H,clang-22.1.8 (https://github.com/msys2/MINGW-packages 6e4e79c2f86eeb534e324e583f2057dc9fd5ecab),AES-128,aes-hw,gcm-dec,1048576,1,1337700,1048576,1.275730133,0.783864843,3.821916580,ok
Windows-x86_64,13th Gen Intel(R) Core(TM) i9-13900H,clang-22.1.8 (https://github.com/msys2/MINGW-packages 6e4e79c2f86eeb534e324e583f2057dc9fd5ecab),AES-128,aes-hw,gcm-dec,1048576,2,1318600,1048576,1.257514954,0.795219172,3.766653061,ok
Windows-x86_64,13th Gen Intel(R) Core(TM) i9-13900H,clang-22.1.8 (https://github.com/msys2/MINGW-packages 6e4e79c2f86eeb534e324e583f2057dc9fd5ecab),AES-128,aes-hw,gcm-dec,1048576,3,1312400,1048576,1.251602173,0.798975922,3.748916626,ok
Windows-x86_64,13th Gen Intel(R) Core(TM) i9-13900H,clang-22.1.8 (https://github.com/msys2/MINGW-packages 6e4e79c2f86eeb534e324e583f2057dc9fd5ecab),AES-128,aes-hw,gcm-dec,1048576,4,1353900,1048576,1.291179657,0.774485560,3.867628098,ok
Windows-x86_64,13th Gen Intel(R) Core(TM) i9-13900H,clang-22.1.8 (https://github.com/msys2/MINGW-packages 6e4e79c2f86eeb534e324e583f2057dc9fd5ecab),AES-128,aes-hw,gcm-dec,1048576,5,1324400,1048576,1.263046265,0.791736635,3.783121109,ok
Windows-x86_64,13th Gen Intel(R) Core(TM) i9-13900H,clang-22.1.8 (https://github.com/msys2/MINGW-packages 6e4e79c2f86eeb534e324e583f2057dc9fd5ecab),AES-128,aes-hw,gcm-dec,1048576,6,1340700,1048576,1.278591156,0.782110838,3.829940796,ok
Windows-x86_64,13th Gen Intel(R) Core(TM) i9-13900H,clang-22.1.8 (https://github.com/msys2/MINGW-packages 6e4e79c2f86eeb534e324e583f2057dc9fd5ecab),AES-128,aes-hw,gcm-dec,1048576,7,1329100,1048576,1.267528534,0.788936875,3.796545029,ok
Windows-x86_64,13th Gen Intel(R) Core(TM) i9-13900H,clang-22.1.8 (https://github.com/msys2/MINGW-packages 6e4e79c2f86eeb534e324e583f2057dc9fd5ecab),AES-128,aes-hw,gcm-dec,1048576,8,1346700,1048576,1.284313202,0.778626272,3.846916199,ok
Windows-x86_64,13th Gen Intel(R) Core(TM) i9-13900H,clang-22.1.8 (https://github.com/msys2/MINGW-packages 6e4e79c2f86eeb534e324e583f2057dc9fd5ecab),AES-128,aes-hw,gcm-dec,1048576,9,1343400,1048576,1.281166077,0.780538931,3.837617874,ok
Windows-x86_64,13th Gen Intel(R) Core(TM) i9-13900H,clang-22.1.8 (https://github.com/msys2/MINGW-packages 6e4e79c2f86eeb534e324e583f2057dc9fd5ecab),AES-128,aes-hw,gcm-dec,1048576,10,1345600,1048576,1.283264160,0.779262782,3.843921661,ok
Windows-x86_64,13th Gen Intel(R) Core(TM) i9-13900H,clang-22.1.8 (https://github.com/msys2/MINGW-packages 6e4e79c2f86eeb534e324e583f2057dc9fd5ecab),AES-128,aes-hw,gcm-dec,1048576,11,1302300,1048576,1.241970062,0.805172387,3.720088959,ok
Windows-x86_64,13th Gen Intel(R) Core(TM) i9-13900H,clang-22.1.8 (https://github.com/msys2/MINGW-packages 6e4e79c2f86eeb534e324e583f2057dc9fd5ecab),AES-128,aes-hw,gcm-dec,1048576,12,1334400,1048576,1.272583008,0.785803357,3.811847687,ok
Windows-x86_64,13th Gen Intel(R) Core(TM) i9-13900H,clang-22.1.8 (https://github.com/msys2/MINGW-packages 6e4e79c2f86eeb534e324e583f2057dc9fd5ecab),AES-128,aes-hw,gcm-dec,1048576,13,1379300,1048576,1.315402985,0.760223302,3.940185547,ok
Windows-x86_64,13th Gen Intel(R) Core(TM) i9-13900H,clang-22.1.8 (https://github.com/msys2/MINGW-packages 6e4e79c2f86eeb534e324e583f2057dc9fd5ecab),AES-128,aes-hw,gcm-dec,1048576,14,1336000,1048576,1.274108887,0.784862275,3.816371918,ok
Windows-x86_64,13th Gen Intel(R) Core(TM) i9-13900H,clang-22.1.8 (https://github.com/msys2/MINGW-packages 6e4e79c2f86eeb534e324e583f2057dc9fd5ecab),AES-128,aes-hw,gcm-dec,1048576,15,1309800,1048576,1.249122620,0.800561918,3.741645813,ok
Windows-x86_64,13th Gen Intel(R) Core(TM) i9-13900H,clang-22.1.8 (https://github.com/msys2/MINGW-packages 6e4e79c2f86eeb534e324e583f2057dc9fd5ecab),SM4-128,ref,gcm,64,1,5473600,262144,20.880126953,0.047892429,62.544807434,ok
Windows-x86_64,13th Gen Intel(R) Core(TM) i9-13900H,clang-22.1.8 (https://github.com/msys2/MINGW-packages 6e4e79c2f86eeb534e324e583f2057dc9fd5ecab),SM4-128,ref,gcm,64,2,5571100,262144,21.252059937,0.047054262,63.655067444,ok
Windows-x86_64,13th Gen Intel(R) Core(TM) i9-13900H,clang-22.1.8 (https://github.com/msys2/MINGW-packages 6e4e79c2f86eeb534e324e583f2057dc9fd5ecab),SM4-128,ref,gcm,64,3,5587100,262144,21.313095093,0.046919511,63.837242126,ok
Windows-x86_64,13th Gen Intel(R) Core(TM) i9-13900H,clang-22.1.8 (https://github.com/msys2/MINGW-packages 6e4e79c2f86eeb534e324e583f2057dc9fd5ecab),SM4-128,ref,gcm,64,4,5568100,262144,21.240615845,0.047079614,63.620635986,ok
Windows-x86_64,13th Gen Intel(R) Core(TM) i9-13900H,clang-22.1.8 (https://github.com/msys2/MINGW-packages 6e4e79c2f86eeb534e324e583f2057dc9fd5ecab),SM4-128,ref,gcm,64,5,5452100,262144,20.798110962,0.048081290,62.295448303,ok
Windows-x86_64,13th Gen Intel(R) Core(TM) i9-13900H,clang-22.1.8 (https://github.com/msys2/MINGW-packages 6e4e79c2f86eeb534e324e583f2057dc9fd5ecab),SM4-128,ref,gcm,64,6,5693200,262144,21.717834473,0.046045106,65.050628662,ok
Windows-x86_64,13th Gen Intel(R) Core(TM) i9-13900H,clang-22.1.8 (https://github.com/msys2/MINGW-packages 6e4e79c2f86eeb534e324e583f2057dc9fd5ecab),SM4-128,ref,gcm,64,7,5628900,262144,21.472549438,0.046571088,64.315383911,ok
Windows-x86_64,13th Gen Intel(R) Core(TM) i9-13900H,clang-22.1.8 (https://github.com/msys2/MINGW-packages 6e4e79c2f86eeb534e324e583f2057dc9fd5ecab),SM4-128,ref,gcm,64,8,5548500,262144,21.165847778,0.047245922,63.396339417,ok
Windows-x86_64,13th Gen Intel(R) Core(TM) i9-13900H,clang-22.1.8 (https://github.com/msys2/MINGW-packages 6e4e79c2f86eeb534e324e583f2057dc9fd5ecab),SM4-128,ref,gcm,64,9,5678200,262144,21.660614014,0.046166743,64.878608704,ok
Windows-x86_64,13th Gen Intel(R) Core(TM) i9-13900H,clang-22.1.8 (https://github.com/msys2/MINGW-packages 6e4e79c2f86eeb534e324e583f2057dc9fd5ecab),SM4-128,ref,gcm,64,10,5706400,262144,21.768188477,0.045938595,65.200942993,ok
Windows-x86_64,13th Gen Intel(R) Core(TM) i9-13900H,clang-22.1.8 (https://github.com/msys2/MINGW-packages 6e4e79c2f86eeb534e324e583f2057dc9fd5ecab),SM4-128,ref,gcm,64,11,5564200,262144,21.225738525,0.047112613,63.575828552,ok
Windows-x86_64,13th Gen Intel(R) Core(TM) i9-13900H,clang-22.1.8 (https://github.com/msys2/MINGW-packages 6e4e79c2f86eeb534e324e583f2057dc9fd5ecab),SM4-128,ref,gcm,64,12,5590800,262144,21.327209473,0.046888460,63.879043579,ok
Windows-x86_64,13th Gen Intel(R) Core(TM) i9-13900H,clang-22.1.8 (https://github.com/msys2/MINGW-packages 6e4e79c2f86eeb534e324e583f2057dc9fd5ecab),SM4-128,ref,gcm,64,13,5685200,262144,21.687316895,0.046109899,64.959259033,ok
Windows-x86_64,13th Gen Intel(R) Core(TM) i9-13900H,clang-22.1.8 (https://github.com/msys2/MINGW-packages 6e4e79c2f86eeb534e324e583f2057dc9fd5ecab),SM4-128,ref,gcm,64,14,5603500,262144,21.375656128,0.046782190,64.025207520,ok
Windows-x86_64,13th Gen Intel(R) Core(TM) i9-13900H,clang-22.1.8 (https://github.com/msys2/MINGW-packages 6e4e79c2f86eeb534e324e583f2057dc9fd5ecab),SM4-128,ref,gcm,64,15,5569600,262144,21.246337891,0.047066935,63.637329102,ok
Windows-x86_64,13th Gen Intel(R) Core(TM) i9-13900H,clang-22.1.8 (https://github.com/msys2/MINGW-packages 6e4e79c2f86eeb534e324e583f2057dc9fd5ecab),SM4-128,ref,gcm,512,1,3539700,262144,13.502883911,0.074058254,40.452857971,ok
Windows-x86_64,13th Gen Intel(R) Core(TM) i9-13900H,clang-22.1.8 (https://github.com/msys2/MINGW-packages 6e4e79c2f86eeb534e324e583f2057dc9fd5ecab),SM4-128,ref,gcm,512,2,3639000,262144,13.881683350,0.072037373,41.579162598,ok
Windows-x86_64,13th Gen Intel(R) Core(TM) i9-13900H,clang-22.1.8 (https://github.com/msys2/MINGW-packages 6e4e79c2f86eeb534e324e583f2057dc9fd5ecab),SM4-128,ref,gcm,512,3,3752500,262144,14.314651489,0.069858494,42.875556946,ok
Windows-x86_64,13th Gen Intel(R) Core(TM) i9-13900H,clang-22.1.8 (https://github.com/msys2/MINGW-packages 6e4e79c2f86eeb534e324e583f2057dc9fd5ecab),SM4-128,ref,gcm,512,4,3554600,262144,13.559722900,0.073747820,40.615257263,ok
Windows-x86_64,13th Gen Intel(R) Core(TM) i9-13900H,clang-22.1.8 (https://github.com/msys2/MINGW-packages 6e4e79c2f86eeb534e324e583f2057dc9fd5ecab),SM4-128,ref,gcm,512,5,3537700,262144,13.495254517,0.074100122,40.420944214,ok
Windows-x86_64,13th Gen Intel(R) Core(TM) i9-13900H,clang-22.1.8 (https://github.com/msys2/MINGW-packages 6e4e79c2f86eeb534e324e583f2057dc9fd5ecab),SM4-128,ref,gcm,512,6,3816000,262144,14.556884766,0.068696017,43.601417542,ok
Windows-x86_64,13th Gen Intel(R) Core(TM) i9-13900H,clang-22.1.8 (https://github.com/msys2/MINGW-packages 6e4e79c2f86eeb534e324e583f2057dc9fd5ecab),SM4-128,ref,gcm,512,7,3806100,262144,14.519119263,0.068874701,43.488693237,ok
Windows-x86_64,13th Gen Intel(R) Core(TM) i9-13900H,clang-22.1.8 (https://github.com/msys2/MINGW-packages 6e4e79c2f86eeb534e324e583f2057dc9fd5ecab),SM4-128,ref,gcm,512,8,3659800,262144,13.961029053,0.071627958,41.816040039,ok
Windows-x86_64,13th Gen Intel(R) Core(TM) i9-13900H,clang-22.1.8 (https://github.com/msys2/MINGW-packages 6e4e79c2f86eeb534e324e583f2057dc9fd5ecab),SM4-128,ref,gcm,512,9,3615900,262144,13.793563843,0.072497580,41.314949036,ok
Windows-x86_64,13th Gen Intel(R) Core(TM) i9-13900H,clang-22.1.8 (https://github.com/msys2/MINGW-packages 6e4e79c2f86eeb534e324e583f2057dc9fd5ecab),SM4-128,ref,gcm,512,10,3651700,262144,13.930130005,0.071786839,41.724388123,ok
Windows-x86_64,13th Gen Intel(R) Core(TM) i9-13900H,clang-22.1.8 (https://github.com/msys2/MINGW-packages 6e4e79c2f86eeb534e324e583f2057dc9fd5ecab),SM4-128,ref,gcm,512,11,3706800,262144,14.140319824,0.070719758,42.353591919,ok
Windows-x86_64,13th Gen Intel(R) Core(TM) i9-13900H,clang-22.1.8 (https://github.com/msys2/MINGW-packages 6e4e79c2f86eeb534e324e583f2057dc9fd5ecab),SM4-128,ref,gcm,512,12,3701300,262144,14.119338989,0.070824845,42.291145325,ok
Windows-x86_64,13th Gen Intel(R) Core(TM) i9-13900H,clang-22.1.8 (https://github.com/msys2/MINGW-packages 6e4e79c2f86eeb534e324e583f2057dc9fd5ecab),SM4-128,ref,gcm,512,13,3686900,262144,14.064407349,0.071101467,42.126647949,ok
Windows-x86_64,13th Gen Intel(R) Core(TM) i9-13900H,clang-22.1.8 (https://github.com/msys2/MINGW-packages 6e4e79c2f86eeb534e324e583f2057dc9fd5ecab),SM4-128,ref,gcm,512,14,3604800,262144,13.751220703,0.072720817,41.188346863,ok
Windows-x86_64,13th Gen Intel(R) Core(TM) i9-13900H,clang-22.1.8 (https://github.com/msys2/MINGW-packages 6e4e79c2f86eeb534e324e583f2057dc9fd5ecab),SM4-128,ref,gcm,512,15,3643900,262144,13.900375366,0.071940503,41.635536194,ok
Windows-x86_64,13th Gen Intel(R) Core(TM) i9-13900H,clang-22.1.8 (https://github.com/msys2/MINGW-packages 6e4e79c2f86eeb534e324e583f2057dc9fd5ecab),SM4-128,ref,gcm,4096,1,3379100,262144,12.890243530,0.077578053,38.610267639,ok
Windows-x86_64,13th Gen Intel(R) Core(TM) i9-13900H,clang-22.1.8 (https://github.com/msys2/MINGW-packages 6e4e79c2f86eeb534e324e583f2057dc9fd5ecab),SM4-128,ref,gcm,4096,2,3423500,262144,13.059616089,0.076571929,39.116493225,ok
Windows-x86_64,13th Gen Intel(R) Core(TM) i9-13900H,clang-22.1.8 (https://github.com/msys2/MINGW-packages 6e4e79c2f86eeb534e324e583f2057dc9fd5ecab),SM4-128,ref,gcm,4096,3,3458300,262144,13.192367554,0.075801405,39.514495850,ok
Windows-x86_64,13th Gen Intel(R) Core(TM) i9-13900H,clang-22.1.8 (https://github.com/msys2/MINGW-packages 6e4e79c2f86eeb534e324e583f2057dc9fd5ecab),SM4-128,ref,gcm,4096,4,3410600,262144,13.010406494,0.076861549,38.969070435,ok
Windows-x86_64,13th Gen Intel(R) Core(TM) i9-13900H,clang-22.1.8 (https://github.com/msys2/MINGW-packages 6e4e79c2f86eeb534e324e583f2057dc9fd5ecab),SM4-128,ref,gcm,4096,5,3375600,262144,12.876892090,0.077658490,38.569885254,ok
Windows-x86_64,13th Gen Intel(R) Core(TM) i9-13900H,clang-22.1.8 (https://github.com/msys2/MINGW-packages 6e4e79c2f86eeb534e324e583f2057dc9fd5ecab),SM4-128,ref,gcm,4096,6,3516900,262144,13.415908813,0.074538372,40.184303284,ok
Windows-x86_64,13th Gen Intel(R) Core(TM) i9-13900H,clang-22.1.8 (https://github.com/msys2/MINGW-packages 6e4e79c2f86eeb534e324e583f2057dc9fd5ecab),SM4-128,ref,gcm,4096,7,3482300,262144,13.283920288,0.075278982,39.789085388,ok
Windows-x86_64,13th Gen Intel(R) Core(TM) i9-13900H,clang-22.1.8 (https://github.com/msys2/MINGW-packages 6e4e79c2f86eeb534e324e583f2057dc9fd5ecab),SM4-128,ref,gcm,4096,8,3378900,262144,12.889480591,0.077582645,38.607513428,ok
Windows-x86_64,13th Gen Intel(R) Core(TM) i9-13900H,clang-22.1.8 (https://github.com/msys2/MINGW-packages 6e4e79c2f86eeb534e324e583f2057dc9fd5ecab),SM4-128,ref,gcm,4096,9,3358200,262144,12.810516357,0.078060866,38.371414185,ok
Windows-x86_64,13th Gen Intel(R) Core(TM) i9-13900H,clang-22.1.8 (https://github.com/msys2/MINGW-packages 6e4e79c2f86eeb534e324e583f2057dc9fd5ecab),SM4-128,ref,gcm,4096,10,3382300,262144,12.902450562,0.077504657,38.645423889,ok
Windows-x86_64,13th Gen Intel(R) Core(TM) i9-13900H,clang-22.1.8 (https://github.com/msys2/MINGW-packages 6e4e79c2f86eeb534e324e583f2057dc9fd5ecab),SM4-128,ref,gcm,4096,11,3456500,262144,13.185501099,0.075840880,39.494010925,ok
Windows-x86_64,13th Gen Intel(R) Core(TM) i9-13900H,clang-22.1.8 (https://github.com/msys2/MINGW-packages 6e4e79c2f86eeb534e324e583f2057dc9fd5ecab),SM4-128,ref,gcm,4096,12,3493500,262144,13.326644897,0.075037641,39.916282654,ok
Windows-x86_64,13th Gen Intel(R) Core(TM) i9-13900H,clang-22.1.8 (https://github.com/msys2/MINGW-packages 6e4e79c2f86eeb534e324e583f2057dc9fd5ecab),SM4-128,ref,gcm,4096,13,3390000,262144,12.931823730,0.077328614,38.734268188,ok
Windows-x86_64,13th Gen Intel(R) Core(TM) i9-13900H,clang-22.1.8 (https://github.com/msys2/MINGW-packages 6e4e79c2f86eeb534e324e583f2057dc9fd5ecab),SM4-128,ref,gcm,4096,14,3459300,262144,13.196182251,0.075779493,39.526168823,ok
Windows-x86_64,13th Gen Intel(R) Core(TM) i9-13900H,clang-22.1.8 (https://github.com/msys2/MINGW-packages 6e4e79c2f86eeb534e324e583f2057dc9fd5ecab),SM4-128,ref,gcm,4096,15,3470400,262144,13.238525391,0.075537114,39.651847839,ok
Windows-x86_64,13th Gen Intel(R) Core(TM) i9-13900H,clang-22.1.8 (https://github.com/msys2/MINGW-packages 6e4e79c2f86eeb534e324e583f2057dc9fd5ecab),SM4-128,ref,gcm,8192,1,3442200,262144,13.130950928,0.076155947,39.336723328,ok
Windows-x86_64,13th Gen Intel(R) Core(TM) i9-13900H,clang-22.1.8 (https://github.com/msys2/MINGW-packages 6e4e79c2f86eeb534e324e583f2057dc9fd5ecab),SM4-128,ref,gcm,8192,2,3419800,262144,13.045501709,0.076654775,39.075401306,ok
Windows-x86_64,13th Gen Intel(R) Core(TM) i9-13900H,clang-22.1.8 (https://github.com/msys2/MINGW-packages 6e4e79c2f86eeb534e324e583f2057dc9fd5ecab),SM4-128,ref,gcm,8192,3,3409300,262144,13.005447388,0.076890857,38.956184387,ok
Windows-x86_64,13th Gen Intel(R) Core(TM) i9-13900H,clang-22.1.8 (https://github.com/msys2/MINGW-packages 6e4e79c2f86eeb534e324e583f2057dc9fd5ecab),SM4-128,ref,gcm,8192,4,3436800,262144,13.110351562,0.076275605,39.268409729,ok
Windows-x86_64,13th Gen Intel(R) Core(TM) i9-13900H,clang-22.1.8 (https://github.com/msys2/MINGW-packages 6e4e79c2f86eeb534e324e583f2057dc9fd5ecab),SM4-128,ref,gcm,8192,5,3409900,262144,13.007736206,0.076877328,38.961265564,ok
Windows-x86_64,13th Gen Intel(R) Core(TM) i9-13900H,clang-22.1.8 (https://github.com/msys2/MINGW-packages 6e4e79c2f86eeb534e324e583f2057dc9fd5ecab),SM4-128,ref,gcm,8192,6,3368500,262144,12.849807739,0.077822176,38.488685608,ok
Windows-x86_64,13th Gen Intel(R) Core(TM) i9-13900H,clang-22.1.8 (https://github.com/msys2/MINGW-packages 6e4e79c2f86eeb534e324e583f2057dc9fd5ecab),SM4-128,ref,gcm,8192,7,3450600,262144,13.162994385,0.075970556,39.426734924,ok
Windows-x86_64,13th Gen Intel(R) Core(TM) i9-13900H,clang-22.1.8 (https://github.com/msys2/MINGW-packages 6e4e79c2f86eeb534e324e583f2057dc9fd5ecab),SM4-128,ref,gcm,8192,8,3449900,262144,13.160324097,0.075985971,39.418815613,ok
Windows-x86_64,13th Gen Intel(R) Core(TM) i9-13900H,clang-22.1.8 (https://github.com/msys2/MINGW-packages 6e4e79c2f86eeb534e324e583f2057dc9fd5ecab),SM4-128,ref,gcm,8192,9,3440600,262144,13.124847412,0.076191362,39.311447144,ok
Windows-x86_64,13th Gen Intel(R) Core(TM) i9-13900H,clang-22.1.8 (https://github.com/msys2/MINGW-packages 6e4e79c2f86eeb534e324e583f2057dc9fd5ecab),SM4-128,ref,gcm,8192,10,3438200,262144,13.115692139,0.076244547,39.284477234,ok
Windows-x86_64,13th Gen Intel(R) Core(TM) i9-13900H,clang-22.1.8 (https://github.com/msys2/MINGW-packages 6e4e79c2f86eeb534e324e583f2057dc9fd5ecab),SM4-128,ref,gcm,8192,11,3359200,262144,12.814331055,0.078037628,38.381912231,ok
Windows-x86_64,13th Gen Intel(R) Core(TM) i9-13900H,clang-22.1.8 (https://github.com/msys2/MINGW-packages 6e4e79c2f86eeb534e324e583f2057dc9fd5ecab),SM4-128,ref,gcm,8192,12,3365500,262144,12.838363647,0.077891547,38.453498840,ok
Windows-x86_64,13th Gen Intel(R) Core(TM) i9-13900H,clang-22.1.8 (https://github.com/msys2/MINGW-packages 6e4e79c2f86eeb534e324e583f2057dc9fd5ecab),SM4-128,ref,gcm,8192,13,3479400,262144,13.272857666,0.075341726,39.756042480,ok
Windows-x86_64,13th Gen Intel(R) Core(TM) i9-13900H,clang-22.1.8 (https://github.com/msys2/MINGW-packages 6e4e79c2f86eeb534e324e583f2057dc9fd5ecab),SM4-128,ref,gcm,8192,14,3426700,262144,13.071823120,0.076500423,39.153068542,ok
Windows-x86_64,13th Gen Intel(R) Core(TM) i9-13900H,clang-22.1.8 (https://github.com/msys2/MINGW-packages 6e4e79c2f86eeb534e324e583f2057dc9fd5ecab),SM4-128,ref,gcm,8192,15,3476100,262144,13.260269165,0.075413250,39.718490601,ok
Windows-x86_64,13th Gen Intel(R) Core(TM) i9-13900H,clang-22.1.8 (https://github.com/msys2/MINGW-packages 6e4e79c2f86eeb534e324e583f2057dc9fd5ecab),SM4-128,ref,gcm,65536,1,3429200,262144,13.081359863,0.076444652,39.183074951,ok
Windows-x86_64,13th Gen Intel(R) Core(TM) i9-13900H,clang-22.1.8 (https://github.com/msys2/MINGW-packages 6e4e79c2f86eeb534e324e583f2057dc9fd5ecab),SM4-128,ref,gcm,65536,2,3360500,262144,12.819290161,0.078007439,38.396614075,ok
Windows-x86_64,13th Gen Intel(R) Core(TM) i9-13900H,clang-22.1.8 (https://github.com/msys2/MINGW-packages 6e4e79c2f86eeb534e324e583f2057dc9fd5ecab),SM4-128,ref,gcm,65536,3,3423600,262144,13.059997559,0.076569693,39.118011475,ok
Windows-x86_64,13th Gen Intel(R) Core(TM) i9-13900H,clang-22.1.8 (https://github.com/msys2/MINGW-packages 6e4e79c2f86eeb534e324e583f2057dc9fd5ecab),SM4-128,ref,gcm,65536,4,3492400,262144,13.322448730,0.075061276,39.903991699,ok
Windows-x86_64,13th Gen Intel(R) Core(TM) i9-13900H,clang-22.1.8 (https://github.com/msys2/MINGW-packages 6e4e79c2f86eeb534e324e583f2057dc9fd5ecab),SM4-128,ref,gcm,65536,5,3422000,262144,13.053894043,0.076605494,39.100578308,ok
Windows-x86_64,13th Gen Intel(R) Core(TM) i9-13900H,clang-22.1.8 (https://github.com/msys2/MINGW-packages 6e4e79c2f86eeb534e324e583f2057dc9fd5ecab),SM4-128,ref,gcm,65536,6,3435500,262144,13.105392456,0.076304468,39.253211975,ok
Windows-x86_64,13th Gen Intel(R) Core(TM) i9-13900H,clang-22.1.8 (https://github.com/msys2/MINGW-packages 6e4e79c2f86eeb534e324e583f2057dc9fd5ecab),SM4-128,ref,gcm,65536,7,3481300,262144,13.280105591,0.075300606,39.776847839,ok
Windows-x86_64,13th Gen Intel(R) Core(TM) i9-13900H,clang-22.1.8 (https://github.com/msys2/MINGW-packages 6e4e79c2f86eeb534e324e583f2057dc9fd5ecab),SM4-128,ref,gcm,65536,8,3373700,262144,12.869644165,0.077702226,38.547660828,ok
Windows-x86_64,13th Gen Intel(R) Core(TM) i9-13900H,clang-22.1.8 (https://github.com/msys2/MINGW-packages 6e4e79c2f86eeb534e324e583f2057dc9fd5ecab),SM4-128,ref,gcm,65536,9,3351600,262144,12.785339355,0.078214584,38.295242310,ok
Windows-x86_64,13th Gen Intel(R) Core(TM) i9-13900H,clang-22.1.8 (https://github.com/msys2/MINGW-packages 6e4e79c2f86eeb534e324e583f2057dc9fd5ecab),SM4-128,ref,gcm,65536,10,3461000,262144,13.202667236,0.075742271,39.545776367,ok
Windows-x86_64,13th Gen Intel(R) Core(TM) i9-13900H,clang-22.1.8 (https://github.com/msys2/MINGW-packages 6e4e79c2f86eeb534e324e583f2057dc9fd5ecab),SM4-128,ref,gcm,65536,11,3526700,262144,13.453292847,0.074331245,40.295875549,ok
Windows-x86_64,13th Gen Intel(R) Core(TM) i9-13900H,clang-22.1.8 (https://github.com/msys2/MINGW-packages 6e4e79c2f86eeb534e324e583f2057dc9fd5ecab),SM4-128,ref,gcm,65536,12,3374700,262144,12.873458862,0.077679201,38.558967590,ok
Windows-x86_64,13th Gen Intel(R) Core(TM) i9-13900H,clang-22.1.8 (https://github.com/msys2/MINGW-packages 6e4e79c2f86eeb534e324e583f2057dc9fd5ecab),SM4-128,ref,gcm,65536,13,3414300,262144,13.024520874,0.076778256,39.011970520,ok
Windows-x86_64,13th Gen Intel(R) Core(TM) i9-13900H,clang-22.1.8 (https://github.com/msys2/MINGW-packages 6e4e79c2f86eeb534e324e583f2057dc9fd5ecab),SM4-128,ref,gcm,65536,14,3416100,262144,13.031387329,0.076737800,39.032371521,ok
Windows-x86_64,13th Gen Intel(R) Core(TM) i9-13900H,clang-22.1.8 (https://github.com/msys2/MINGW-packages 6e4e79c2f86eeb534e324e583f2057dc9fd5ecab),SM4-128,ref,gcm,65536,15,3391700,262144,12.938308716,0.077289855,38.754394531,ok
Windows-x86_64,13th Gen Intel(R) Core(TM) i9-13900H,clang-22.1.8 (https://github.com/msys2/MINGW-packages 6e4e79c2f86eeb534e324e583f2057dc9fd5ecab),SM4-128,ref,gcm,1048576,1,13835300,1048576,13.194370270,0.075789900,39.527685165,ok
Windows-x86_64,13th Gen Intel(R) Core(TM) i9-13900H,clang-22.1.8 (https://github.com/msys2/MINGW-packages 6e4e79c2f86eeb534e324e583f2057dc9fd5ecab),SM4-128,ref,gcm,1048576,2,13763800,1048576,13.126182556,0.076183612,39.315830231,ok
Windows-x86_64,13th Gen Intel(R) Core(TM) i9-13900H,clang-22.1.8 (https://github.com/msys2/MINGW-packages 6e4e79c2f86eeb534e324e583f2057dc9fd5ecab),SM4-128,ref,gcm,1048576,3,13612200,1048576,12.981605530,0.077032074,38.882709503,ok
Windows-x86_64,13th Gen Intel(R) Core(TM) i9-13900H,clang-22.1.8 (https://github.com/msys2/MINGW-packages 6e4e79c2f86eeb534e324e583f2057dc9fd5ecab),SM4-128,ref,gcm,1048576,4,13814600,1048576,13.174629211,0.075903464,39.460930824,ok
Windows-x86_64,13th Gen Intel(R) Core(TM) i9-13900H,clang-22.1.8 (https://github.com/msys2/MINGW-packages 6e4e79c2f86eeb534e324e583f2057dc9fd5ecab),SM4-128,ref,gcm,1048576,5,13839500,1048576,13.198375702,0.075766899,39.532233238,ok
Windows-x86_64,13th Gen Intel(R) Core(TM) i9-13900H,clang-22.1.8 (https://github.com/msys2/MINGW-packages 6e4e79c2f86eeb534e324e583f2057dc9fd5ecab),SM4-128,ref,gcm,1048576,6,13233200,1048576,12.620162964,0.079238279,37.800333023,ok
Windows-x86_64,13th Gen Intel(R) Core(TM) i9-13900H,clang-22.1.8 (https://github.com/msys2/MINGW-packages 6e4e79c2f86eeb534e324e583f2057dc9fd5ecab),SM4-128,ref,gcm,1048576,7,13367200,1048576,12.747955322,0.078443952,38.182991028,ok
Windows-x86_64,13th Gen Intel(R) Core(TM) i9-13900H,clang-22.1.8 (https://github.com/msys2/MINGW-packages 6e4e79c2f86eeb534e324e583f2057dc9fd5ecab),SM4-128,ref,gcm,1048576,8,13870400,1048576,13.227844238,0.075598108,39.620223999,ok
Windows-x86_64,13th Gen Intel(R) Core(TM) i9-13900H,clang-22.1.8 (https://github.com/msys2/MINGW-packages 6e4e79c2f86eeb534e324e583f2057dc9fd5ecab),SM4-128,ref,gcm,1048576,9,13884600,1048576,13.241386414,0.075520793,39.661272049,ok
Windows-x86_64,13th Gen Intel(R) Core(TM) i9-13900H,clang-22.1.8 (https://github.com/msys2/MINGW-packages 6e4e79c2f86eeb534e324e583f2057dc9fd5ecab),SM4-128,ref,gcm,1048576,10,13764500,1048576,13.126850128,0.076179738,39.317901611,ok
Windows-x86_64,13th Gen Intel(R) Core(TM) i9-13900H,clang-22.1.8 (https://github.com/msys2/MINGW-packages 6e4e79c2f86eeb534e324e583f2057dc9fd5ecab),SM4-128,ref,gcm,1048576,11,14333400,1048576,13.669395447,0.073156125,40.942834854,ok
Windows-x86_64,13th Gen Intel(R) Core(TM) i9-13900H,clang-22.1.8 (https://github.com/msys2/MINGW-packages 6e4e79c2f86eeb534e324e583f2057dc9fd5ecab),SM4-128,ref,gcm,1048576,12,14045100,1048576,13.394451141,0.074657781,40.119188309,ok
Windows-x86_64,13th Gen Intel(R) Core(TM) i9-13900H,clang-22.1.8 (https://github.com/msys2/MINGW-packages 6e4e79c2f86eeb534e324e583f2057dc9fd5ecab),SM4-128,ref,gcm,1048576,13,14094800,1048576,13.441848755,0.074394528,40.263945580,ok
Windows-x86_64,13th Gen Intel(R) Core(TM) i9-13900H,clang-22.1.8 (https://github.com/msys2/MINGW-packages 6e4e79c2f86eeb534e324e583f2057dc9fd5ecab),SM4-128,ref,gcm,1048576,14,14666400,1048576,13.986968994,0.071495118,41.895390511,ok
Windows-x86_64,13th Gen Intel(R) Core(TM) i9-13900H,clang-22.1.8 (https://github.com/msys2/MINGW-packages 6e4e79c2f86eeb534e324e583f2057dc9fd5ecab),SM4-128,ref,gcm,1048576,15,13393600,1048576,12.773132324,0.078289332,38.258312225,ok
Windows-x86_64,13th Gen Intel(R) Core(TM) i9-13900H,clang-22.1.8 (https://github.com/msys2/MINGW-packages 6e4e79c2f86eeb534e324e583f2057dc9fd5ecab),SM4-128,aes-hw,gcm,64,1,5199000,262144,19.832611084,0.050422004,59.413742065,ok
Windows-x86_64,13th Gen Intel(R) Core(TM) i9-13900H,clang-22.1.8 (https://github.com/msys2/MINGW-packages 6e4e79c2f86eeb534e324e583f2057dc9fd5ecab),SM4-128,aes-hw,gcm,64,2,4937300,262144,18.834304810,0.053094606,56.413169861,ok
Windows-x86_64,13th Gen Intel(R) Core(TM) i9-13900H,clang-22.1.8 (https://github.com/msys2/MINGW-packages 6e4e79c2f86eeb534e324e583f2057dc9fd5ecab),SM4-128,aes-hw,gcm,64,3,5268900,262144,20.099258423,0.049753079,60.201133728,ok
Windows-x86_64,13th Gen Intel(R) Core(TM) i9-13900H,clang-22.1.8 (https://github.com/msys2/MINGW-packages 6e4e79c2f86eeb534e324e583f2057dc9fd5ecab),SM4-128,aes-hw,gcm,64,4,5393800,262144,20.575714111,0.048600986,61.628990173,ok
Windows-x86_64,13th Gen Intel(R) Core(TM) i9-13900H,clang-22.1.8 (https://github.com/msys2/MINGW-packages 6e4e79c2f86eeb534e324e583f2057dc9fd5ecab),SM4-128,aes-hw,gcm,64,5,5309300,262144,20.253372192,0.049374494,60.663055420,ok
Windows-x86_64,13th Gen Intel(R) Core(TM) i9-13900H,clang-22.1.8 (https://github.com/msys2/MINGW-packages 6e4e79c2f86eeb534e324e583f2057dc9fd5ecab),SM4-128,aes-hw,gcm,64,6,5329300,262144,20.329666138,0.049189199,60.891738892,ok
Windows-x86_64,13th Gen Intel(R) Core(TM) i9-13900H,clang-22.1.8 (https://github.com/msys2/MINGW-packages 6e4e79c2f86eeb534e324e583f2057dc9fd5ecab),SM4-128,aes-hw,gcm,64,7,5371400,262144,20.490264893,0.048803664,61.372871399,ok
Windows-x86_64,13th Gen Intel(R) Core(TM) i9-13900H,clang-22.1.8 (https://github.com/msys2/MINGW-packages 6e4e79c2f86eeb534e324e583f2057dc9fd5ecab),SM4-128,aes-hw,gcm,64,8,5387100,262144,20.550155640,0.048661432,61.552894592,ok
Windows-x86_64,13th Gen Intel(R) Core(TM) i9-13900H,clang-22.1.8 (https://github.com/msys2/MINGW-packages 6e4e79c2f86eeb534e324e583f2057dc9fd5ecab),SM4-128,aes-hw,gcm,64,9,5420800,262144,20.678710938,0.048358914,61.936439514,ok
Windows-x86_64,13th Gen Intel(R) Core(TM) i9-13900H,clang-22.1.8 (https://github.com/msys2/MINGW-packages 6e4e79c2f86eeb534e324e583f2057dc9fd5ecab),SM4-128,aes-hw,gcm,64,10,5376400,262144,20.509338379,0.048758277,61.430397034,ok
Windows-x86_64,13th Gen Intel(R) Core(TM) i9-13900H,clang-22.1.8 (https://github.com/msys2/MINGW-packages 6e4e79c2f86eeb534e324e583f2057dc9fd5ecab),SM4-128,aes-hw,gcm,64,11,5364700,262144,20.464706421,0.048864615,61.296577454,ok
Windows-x86_64,13th Gen Intel(R) Core(TM) i9-13900H,clang-22.1.8 (https://github.com/msys2/MINGW-packages 6e4e79c2f86eeb534e324e583f2057dc9fd5ecab),SM4-128,aes-hw,gcm,64,12,5314300,262144,20.272445679,0.049328039,60.720741272,ok
Windows-x86_64,13th Gen Intel(R) Core(TM) i9-13900H,clang-22.1.8 (https://github.com/msys2/MINGW-packages 6e4e79c2f86eeb534e324e583f2057dc9fd5ecab),SM4-128,aes-hw,gcm,64,13,5429400,262144,20.711517334,0.048282315,62.036026001,ok
Windows-x86_64,13th Gen Intel(R) Core(TM) i9-13900H,clang-22.1.8 (https://github.com/msys2/MINGW-packages 6e4e79c2f86eeb534e324e583f2057dc9fd5ecab),SM4-128,aes-hw,gcm,64,14,5338200,262144,20.363616943,0.049107190,60.993476868,ok
Windows-x86_64,13th Gen Intel(R) Core(TM) i9-13900H,clang-22.1.8 (https://github.com/msys2/MINGW-packages 6e4e79c2f86eeb534e324e583f2057dc9fd5ecab),SM4-128,aes-hw,gcm,64,15,5358600,262144,20.441436768,0.048920240,61.227233887,ok
Windows-x86_64,13th Gen Intel(R) Core(TM) i9-13900H,clang-22.1.8 (https://github.com/msys2/MINGW-packages 6e4e79c2f86eeb534e324e583f2057dc9fd5ecab),SM4-128,aes-hw,gcm,512,1,2311100,262144,8.816146851,0.113428238,26.408515930,ok
Windows-x86_64,13th Gen Intel(R) Core(TM) i9-13900H,clang-22.1.8 (https://github.com/msys2/MINGW-packages 6e4e79c2f86eeb534e324e583f2057dc9fd5ecab),SM4-128,aes-hw,gcm,512,2,2278800,262144,8.692932129,0.115035984,26.037422180,ok
Windows-x86_64,13th Gen Intel(R) Core(TM) i9-13900H,clang-22.1.8 (https://github.com/msys2/MINGW-packages 6e4e79c2f86eeb534e324e583f2057dc9fd5ecab),SM4-128,aes-hw,gcm,512,3,2278600,262144,8.692169189,0.115046081,26.034614563,ok
Windows-x86_64,13th Gen Intel(R) Core(TM) i9-13900H,clang-22.1.8 (https://github.com/msys2/MINGW-packages 6e4e79c2f86eeb534e324e583f2057dc9fd5ecab),SM4-128,aes-hw,gcm,512,4,2244600,262144,8.562469482,0.116788737,25.647003174,ok
Windows-x86_64,13th Gen Intel(R) Core(TM) i9-13900H,clang-22.1.8 (https://github.com/msys2/MINGW-packages 6e4e79c2f86eeb534e324e583f2057dc9fd5ecab),SM4-128,aes-hw,gcm,512,5,2248100,262144,8.575820923,0.116606913,25.686538696,ok
Windows-x86_64,13th Gen Intel(R) Core(TM) i9-13900H,clang-22.1.8 (https://github.com/msys2/MINGW-packages 6e4e79c2f86eeb534e324e583f2057dc9fd5ecab),SM4-128,aes-hw,gcm,512,6,2263500,262144,8.634567261,0.115813563,25.862854004,ok
Windows-x86_64,13th Gen Intel(R) Core(TM) i9-13900H,clang-22.1.8 (https://github.com/msys2/MINGW-packages 6e4e79c2f86eeb534e324e583f2057dc9fd5ecab),SM4-128,aes-hw,gcm,512,7,2298600,262144,8.768463135,0.114045071,26.263568878,ok
Windows-x86_64,13th Gen Intel(R) Core(TM) i9-13900H,clang-22.1.8 (https://github.com/msys2/MINGW-packages 6e4e79c2f86eeb534e324e583f2057dc9fd5ecab),SM4-128,aes-hw,gcm,512,8,2194500,262144,8.371353149,0.119455001,25.074420929,ok
Windows-x86_64,13th Gen Intel(R) Core(TM) i9-13900H,clang-22.1.8 (https://github.com/msys2/MINGW-packages 6e4e79c2f86eeb534e324e583f2057dc9fd5ecab),SM4-128,aes-hw,gcm,512,9,2160600,262144,8.242034912,0.121329260,24.687477112,ok
Windows-x86_64,13th Gen Intel(R) Core(TM) i9-13900H,clang-22.1.8 (https://github.com/msys2/MINGW-packages 6e4e79c2f86eeb534e324e583f2057dc9fd5ecab),SM4-128,aes-hw,gcm,512,10,2253700,262144,8.597183228,0.116317167,25.751941681,ok
Windows-x86_64,13th Gen Intel(R) Core(TM) i9-13900H,clang-22.1.8 (https://github.com/msys2/MINGW-packages 6e4e79c2f86eeb534e324e583f2057dc9fd5ecab),SM4-128,aes-hw,gcm,512,11,2245800,262144,8.567047119,0.116726334,25.660556793,ok
Windows-x86_64,13th Gen Intel(R) Core(TM) i9-13900H,clang-22.1.8 (https://github.com/msys2/MINGW-packages 6e4e79c2f86eeb534e324e583f2057dc9fd5ecab),SM4-128,aes-hw,gcm,512,12,2045700,262144,7.803726196,0.128143912,23.374412537,ok
Windows-x86_64,13th Gen Intel(R) Core(TM) i9-13900H,clang-22.1.8 (https://github.com/msys2/MINGW-packages 6e4e79c2f86eeb534e324e583f2057dc9fd5ecab),SM4-128,aes-hw,gcm,512,13,2130400,262144,8.126831055,0.123049193,24.342529297,ok
Windows-x86_64,13th Gen Intel(R) Core(TM) i9-13900H,clang-22.1.8 (https://github.com/msys2/MINGW-packages 6e4e79c2f86eeb534e324e583f2057dc9fd5ecab),SM4-128,aes-hw,gcm,512,14,2284500,262144,8.714675903,0.114748960,26.101783752,ok
Windows-x86_64,13th Gen Intel(R) Core(TM) i9-13900H,clang-22.1.8 (https://github.com/msys2/MINGW-packages 6e4e79c2f86eeb534e324e583f2057dc9fd5ecab),SM4-128,aes-hw,gcm,512,15,2316600,262144,8.837127686,0.113158940,26.469062805,ok
Windows-x86_64,13th Gen Intel(R) Core(TM) i9-13900H,clang-22.1.8 (https://github.com/msys2/MINGW-packages 6e4e79c2f86eeb534e324e583f2057dc9fd5ecab),SM4-128,aes-hw,gcm,4096,1,1831000,262144,6.984710693,0.143169853,20.925064087,ok
Windows-x86_64,13th Gen Intel(R) Core(TM) i9-13900H,clang-22.1.8 (https://github.com/msys2/MINGW-packages 6e4e79c2f86eeb534e324e583f2057dc9fd5ecab),SM4-128,aes-hw,gcm,4096,2,1807300,262144,6.894302368,0.145047308,20.650505066,ok
Windows-x86_64,13th Gen Intel(R) Core(TM) i9-13900H,clang-22.1.8 (https://github.com/msys2/MINGW-packages 6e4e79c2f86eeb534e324e583f2057dc9fd5ecab),SM4-128,aes-hw,gcm,4096,3,1804500,262144,6.883621216,0.145272375,20.618469238,ok
Windows-x86_64,13th Gen Intel(R) Core(TM) i9-13900H,clang-22.1.8 (https://github.com/msys2/MINGW-packages 6e4e79c2f86eeb534e324e583f2057dc9fd5ecab),SM4-128,aes-hw,gcm,4096,4,1807900,262144,6.896591187,0.144999170,20.657150269,ok
Windows-x86_64,13th Gen Intel(R) Core(TM) i9-13900H,clang-22.1.8 (https://github.com/msys2/MINGW-packages 6e4e79c2f86eeb534e324e583f2057dc9fd5ecab),SM4-128,aes-hw,gcm,4096,5,1810800,262144,6.907653809,0.144766954,20.690856934,ok
Windows-x86_64,13th Gen Intel(R) Core(TM) i9-13900H,clang-22.1.8 (https://github.com/msys2/MINGW-packages 6e4e79c2f86eeb534e324e583f2057dc9fd5ecab),SM4-128,aes-hw,gcm,4096,6,1807300,262144,6.894302368,0.145047308,20.651336670,ok
Windows-x86_64,13th Gen Intel(R) Core(TM) i9-13900H,clang-22.1.8 (https://github.com/msys2/MINGW-packages 6e4e79c2f86eeb534e324e583f2057dc9fd5ecab),SM4-128,aes-hw,gcm,4096,7,1810900,262144,6.908035278,0.144758960,20.692123413,ok
Windows-x86_64,13th Gen Intel(R) Core(TM) i9-13900H,clang-22.1.8 (https://github.com/msys2/MINGW-packages 6e4e79c2f86eeb534e324e583f2057dc9fd5ecab),SM4-128,aes-hw,gcm,4096,8,1815900,262144,6.927108765,0.144360372,20.749069214,ok
Windows-x86_64,13th Gen Intel(R) Core(TM) i9-13900H,clang-22.1.8 (https://github.com/msys2/MINGW-packages 6e4e79c2f86eeb534e324e583f2057dc9fd5ecab),SM4-128,aes-hw,gcm,4096,9,1825800,262144,6.964874268,0.143577610,20.862258911,ok
Windows-x86_64,13th Gen Intel(R) Core(TM) i9-13900H,clang-22.1.8 (https://github.com/msys2/MINGW-packages 6e4e79c2f86eeb534e324e583f2057dc9fd5ecab),SM4-128,aes-hw,gcm,4096,10,1867200,262144,7.122802734,0.140394173,21.334465027,ok
Windows-x86_64,13th Gen Intel(R) Core(TM) i9-13900H,clang-22.1.8 (https://github.com/msys2/MINGW-packages 6e4e79c2f86eeb534e324e583f2057dc9fd5ecab),SM4-128,aes-hw,gcm,4096,11,1880000,262144,7.171630859,0.139438298,21.481307983,ok
Windows-x86_64,13th Gen Intel(R) Core(TM) i9-13900H,clang-22.1.8 (https://github.com/msys2/MINGW-packages 6e4e79c2f86eeb534e324e583f2057dc9fd5ecab),SM4-128,aes-hw,gcm,4096,12,1878100,262144,7.164382935,0.139579362,21.460487366,ok
Windows-x86_64,13th Gen Intel(R) Core(TM) i9-13900H,clang-22.1.8 (https://github.com/msys2/MINGW-packages 6e4e79c2f86eeb534e324e583f2057dc9fd5ecab),SM4-128,aes-hw,gcm,4096,13,1853800,262144,7.071685791,0.141408998,21.181434631,ok
Windows-x86_64,13th Gen Intel(R) Core(TM) i9-13900H,clang-22.1.8 (https://github.com/msys2/MINGW-packages 6e4e79c2f86eeb534e324e583f2057dc9fd5ecab),SM4-128,aes-hw,gcm,4096,14,1866400,262144,7.119750977,0.140454351,21.325149536,ok
Windows-x86_64,13th Gen Intel(R) Core(TM) i9-13900H,clang-22.1.8 (https://github.com/msys2/MINGW-packages 6e4e79c2f86eeb534e324e583f2057dc9fd5ecab),SM4-128,aes-hw,gcm,4096,15,1870500,262144,7.135391235,0.140146485,21.372085571,ok
Windows-x86_64,13th Gen Intel(R) Core(TM) i9-13900H,clang-22.1.8 (https://github.com/msys2/MINGW-packages 6e4e79c2f86eeb534e324e583f2057dc9fd5ecab),SM4-128,aes-hw,gcm,8192,1,1790100,262144,6.828689575,0.146440981,20.454315186,ok
Windows-x86_64,13th Gen Intel(R) Core(TM) i9-13900H,clang-22.1.8 (https://github.com/msys2/MINGW-packages 6e4e79c2f86eeb534e324e583f2057dc9fd5ecab),SM4-128,aes-hw,gcm,8192,2,1825900,262144,6.965255737,0.143569746,20.863212585,ok
Windows-x86_64,13th Gen Intel(R) Core(TM) i9-13900H,clang-22.1.8 (https://github.com/msys2/MINGW-packages 6e4e79c2f86eeb534e324e583f2057dc9fd5ecab),SM4-128,aes-hw,gcm,8192,3,1826000,262144,6.965637207,0.143561884,20.863609314,ok
Windows-x86_64,13th Gen Intel(R) Core(TM) i9-13900H,clang-22.1.8 (https://github.com/msys2/MINGW-packages 6e4e79c2f86eeb534e324e583f2057dc9fd5ecab),SM4-128,aes-hw,gcm,8192,4,1813700,262144,6.918716431,0.144535480,20.723121643,ok
Windows-x86_64,13th Gen Intel(R) Core(TM) i9-13900H,clang-22.1.8 (https://github.com/msys2/MINGW-packages 6e4e79c2f86eeb534e324e583f2057dc9fd5ecab),SM4-128,aes-hw,gcm,8192,5,1804700,262144,6.884384155,0.145256275,20.621093750,ok
Windows-x86_64,13th Gen Intel(R) Core(TM) i9-13900H,clang-22.1.8 (https://github.com/msys2/MINGW-packages 6e4e79c2f86eeb534e324e583f2057dc9fd5ecab),SM4-128,aes-hw,gcm,8192,6,1789500,262144,6.826400757,0.146490081,20.447074890,ok
Windows-x86_64,13th Gen Intel(R) Core(TM) i9-13900H,clang-22.1.8 (https://github.com/msys2/MINGW-packages 6e4e79c2f86eeb534e324e583f2057dc9fd5ecab),SM4-128,aes-hw,gcm,8192,7,1786700,262144,6.815719604,0.146719651,20.414260864,ok
Windows-x86_64,13th Gen Intel(R) Core(TM) i9-13900H,clang-22.1.8 (https://github.com/msys2/MINGW-packages 6e4e79c2f86eeb534e324e583f2057dc9fd5ecab),SM4-128,aes-hw,gcm,8192,8,1779300,262144,6.787490845,0.147329849,20.330543518,ok
Windows-x86_64,13th Gen Intel(R) Core(TM) i9-13900H,clang-22.1.8 (https://github.com/msys2/MINGW-packages 6e4e79c2f86eeb534e324e583f2057dc9fd5ecab),SM4-128,aes-hw,gcm,8192,9,1780400,262144,6.791687012,0.147238823,20.342414856,ok
Windows-x86_64,13th Gen Intel(R) Core(TM) i9-13900H,clang-22.1.8 (https://github.com/msys2/MINGW-packages 6e4e79c2f86eeb534e324e583f2057dc9fd5ecab),SM4-128,aes-hw,gcm,8192,10,1773000,262144,6.763458252,0.147853356,20.257682800,ok
Windows-x86_64,13th Gen Intel(R) Core(TM) i9-13900H,clang-22.1.8 (https://github.com/msys2/MINGW-packages 6e4e79c2f86eeb534e324e583f2057dc9fd5ecab),SM4-128,aes-hw,gcm,8192,11,1831100,262144,6.985092163,0.143162034,20.922554016,ok
Windows-x86_64,13th Gen Intel(R) Core(TM) i9-13900H,clang-22.1.8 (https://github.com/msys2/MINGW-packages 6e4e79c2f86eeb534e324e583f2057dc9fd5ecab),SM4-128,aes-hw,gcm,8192,12,1795300,262144,6.848526001,0.146016822,20.514106750,ok
Windows-x86_64,13th Gen Intel(R) Core(TM) i9-13900H,clang-22.1.8 (https://github.com/msys2/MINGW-packages 6e4e79c2f86eeb534e324e583f2057dc9fd5ecab),SM4-128,aes-hw,gcm,8192,13,1790100,262144,6.828689575,0.146440981,20.454429626,ok
Windows-x86_64,13th Gen Intel(R) Core(TM) i9-13900H,clang-22.1.8 (https://github.com/msys2/MINGW-packages 6e4e79c2f86eeb534e324e583f2057dc9fd5ecab),SM4-128,aes-hw,gcm,8192,14,1779300,262144,6.787490845,0.147329849,20.330192566,ok
Windows-x86_64,13th Gen Intel(R) Core(TM) i9-13900H,clang-22.1.8 (https://github.com/msys2/MINGW-packages 6e4e79c2f86eeb534e324e583f2057dc9fd5ecab),SM4-128,aes-hw,gcm,8192,15,1780400,262144,6.791687012,0.147238823,20.343246460,ok
Windows-x86_64,13th Gen Intel(R) Core(TM) i9-13900H,clang-22.1.8 (https://github.com/msys2/MINGW-packages 6e4e79c2f86eeb534e324e583f2057dc9fd5ecab),SM4-128,aes-hw,gcm,65536,1,1775800,262144,6.774139404,0.147620228,20.291374207,ok
Windows-x86_64,13th Gen Intel(R) Core(TM) i9-13900H,clang-22.1.8 (https://github.com/msys2/MINGW-packages 6e4e79c2f86eeb534e324e583f2057dc9fd5ecab),SM4-128,aes-hw,gcm,65536,2,1779400,262144,6.787872314,0.147321569,20.332290649,ok
Windows-x86_64,13th Gen Intel(R) Core(TM) i9-13900H,clang-22.1.8 (https://github.com/msys2/MINGW-packages 6e4e79c2f86eeb534e324e583f2057dc9fd5ecab),SM4-128,aes-hw,gcm,65536,3,1794800,262144,6.846618652,0.146057499,20.508338928,ok
Windows-x86_64,13th Gen Intel(R) Core(TM) i9-13900H,clang-22.1.8 (https://github.com/msys2/MINGW-packages 6e4e79c2f86eeb534e324e583f2057dc9fd5ecab),SM4-128,aes-hw,gcm,65536,4,1797400,262144,6.856536865,0.145846222,20.537017822,ok
Windows-x86_64,13th Gen Intel(R) Core(TM) i9-13900H,clang-22.1.8 (https://github.com/msys2/MINGW-packages 6e4e79c2f86eeb534e324e583f2057dc9fd5ecab),SM4-128,aes-hw,gcm,65536,5,1760300,262144,6.715011597,0.148920070,20.113212585,ok
Windows-x86_64,13th Gen Intel(R) Core(TM) i9-13900H,clang-22.1.8 (https://github.com/msys2/MINGW-packages 6e4e79c2f86eeb534e324e583f2057dc9fd5ecab),SM4-128,aes-hw,gcm,65536,6,1810000,262144,6.904602051,0.144830939,20.681083679,ok
Windows-x86_64,13th Gen Intel(R) Core(TM) i9-13900H,clang-22.1.8 (https://github.com/msys2/MINGW-packages 6e4e79c2f86eeb534e324e583f2057dc9fd5ecab),SM4-128,aes-hw,gcm,65536,7,1807300,262144,6.894302368,0.145047308,20.649871826,ok
Windows-x86_64,13th Gen Intel(R) Core(TM) i9-13900H,clang-22.1.8 (https://github.com/msys2/MINGW-packages 6e4e79c2f86eeb534e324e583f2057dc9fd5ecab),SM4-128,aes-hw,gcm,65536,8,1808900,262144,6.900405884,0.144919012,20.669059753,ok
Windows-x86_64,13th Gen Intel(R) Core(TM) i9-13900H,clang-22.1.8 (https://github.com/msys2/MINGW-packages 6e4e79c2f86eeb534e324e583f2057dc9fd5ecab),SM4-128,aes-hw,gcm,65536,9,1796600,262144,6.853485107,0.145911166,20.528663635,ok
Windows-x86_64,13th Gen Intel(R) Core(TM) i9-13900H,clang-22.1.8 (https://github.com/msys2/MINGW-packages 6e4e79c2f86eeb534e324e583f2057dc9fd5ecab),SM4-128,aes-hw,gcm,65536,10,1808600,262144,6.899261475,0.144943050,20.665206909,ok
Windows-x86_64,13th Gen Intel(R) Core(TM) i9-13900H,clang-22.1.8 (https://github.com/msys2/MINGW-packages 6e4e79c2f86eeb534e324e583f2057dc9fd5ecab),SM4-128,aes-hw,gcm,65536,11,1797100,262144,6.855392456,0.145870569,20.533294678,ok
Windows-x86_64,13th Gen Intel(R) Core(TM) i9-13900H,clang-22.1.8 (https://github.com/msys2/MINGW-packages 6e4e79c2f86eeb534e324e583f2057dc9fd5ecab),SM4-128,aes-hw,gcm,65536,12,1754000,262144,6.690979004,0.149454960,20.042312622,ok
Windows-x86_64,13th Gen Intel(R) Core(TM) i9-13900H,clang-22.1.8 (https://github.com/msys2/MINGW-packages 6e4e79c2f86eeb534e324e583f2057dc9fd5ecab),SM4-128,aes-hw,gcm,65536,13,1751500,262144,6.681442261,0.149668284,20.013481140,ok
Windows-x86_64,13th Gen Intel(R) Core(TM) i9-13900H,clang-22.1.8 (https://github.com/msys2/MINGW-packages 6e4e79c2f86eeb534e324e583f2057dc9fd5ecab),SM4-128,aes-hw,gcm,65536,14,1744200,262144,6.653594971,0.150294691,19.929489136,ok
Windows-x86_64,13th Gen Intel(R) Core(TM) i9-13900H,clang-22.1.8 (https://github.com/msys2/MINGW-packages 6e4e79c2f86eeb534e324e583f2057dc9fd5ecab),SM4-128,aes-hw,gcm,65536,15,1809600,262144,6.903076172,0.144862953,20.676582336,ok
Windows-x86_64,13th Gen Intel(R) Core(TM) i9-13900H,clang-22.1.8 (https://github.com/msys2/MINGW-packages 6e4e79c2f86eeb534e324e583f2057dc9fd5ecab),SM4-128,aes-hw,gcm,1048576,1,7227100,1048576,6.892299652,0.145089455,20.649972916,ok
Windows-x86_64,13th Gen Intel(R) Core(TM) i9-13900H,clang-22.1.8 (https://github.com/msys2/MINGW-packages 6e4e79c2f86eeb534e324e583f2057dc9fd5ecab),SM4-128,aes-hw,gcm,1048576,2,7231900,1048576,6.896877289,0.144993155,20.657726288,ok
Windows-x86_64,13th Gen Intel(R) Core(TM) i9-13900H,clang-22.1.8 (https://github.com/msys2/MINGW-packages 6e4e79c2f86eeb534e324e583f2057dc9fd5ecab),SM4-128,aes-hw,gcm,1048576,3,7165100,1048576,6.833171844,0.146344922,20.467121124,ok
Windows-x86_64,13th Gen Intel(R) Core(TM) i9-13900H,clang-22.1.8 (https://github.com/msys2/MINGW-packages 6e4e79c2f86eeb534e324e583f2057dc9fd5ecab),SM4-128,aes-hw,gcm,1048576,4,7135100,1048576,6.804561615,0.146960239,20.381185532,ok
Windows-x86_64,13th Gen Intel(R) Core(TM) i9-13900H,clang-22.1.8 (https://github.com/msys2/MINGW-packages 6e4e79c2f86eeb534e324e583f2057dc9fd5ecab),SM4-128,aes-hw,gcm,1048576,5,6987700,1048576,6.663990021,0.150060249,19.960071564,ok
Windows-x86_64,13th Gen Intel(R) Core(TM) i9-13900H,clang-22.1.8 (https://github.com/msys2/MINGW-packages 6e4e79c2f86eeb534e324e583f2057dc9fd5ecab),SM4-128,aes-hw,gcm,1048576,6,7095000,1048576,6.766319275,0.147790839,20.266557693,ok
Windows-x86_64,13th Gen Intel(R) Core(TM) i9-13900H,clang-22.1.8 (https://github.com/msys2/MINGW-packages 6e4e79c2f86eeb534e324e583f2057dc9fd5ecab),SM4-128,aes-hw,gcm,1048576,7,7325500,1048576,6.986141205,0.143140536,20.925058365,ok
Windows-x86_64,13th Gen Intel(R) Core(TM) i9-13900H,clang-22.1.8 (https://github.com/msys2/MINGW-packages 6e4e79c2f86eeb534e324e583f2057dc9fd5ecab),SM4-128,aes-hw,gcm,1048576,8,7182100,1048576,6.849384308,0.145998524,20.515296936,ok
Windows-x86_64,13th Gen Intel(R) Core(TM) i9-13900H,clang-22.1.8 (https://github.com/msys2/MINGW-packages 6e4e79c2f86eeb534e324e583f2057dc9fd5ecab),SM4-128,aes-hw,gcm,1048576,9,7059800,1048576,6.732749939,0.148527720,20.166524887,ok
Windows-x86_64,13th Gen Intel(R) Core(TM) i9-13900H,clang-22.1.8 (https://github.com/msys2/MINGW-packages 6e4e79c2f86eeb534e324e583f2057dc9fd5ecab),SM4-128,aes-hw,gcm,1048576,10,7054200,1048576,6.727409363,0.148645630,20.150207520,ok
Windows-x86_64,13th Gen Intel(R) Core(TM) i9-13900H,clang-22.1.8 (https://github.com/msys2/MINGW-packages 6e4e79c2f86eeb534e324e583f2057dc9fd5ecab),SM4-128,aes-hw,gcm,1048576,11,7149000,1048576,6.817817688,0.146674500,20.420782089,ok
Windows-x86_64,13th Gen Intel(R) Core(TM) i9-13900H,clang-22.1.8 (https://github.com/msys2/MINGW-packages 6e4e79c2f86eeb534e324e583f2057dc9fd5ecab),SM4-128,aes-hw,gcm,1048576,12,7392700,1048576,7.050228119,0.141839382,21.116844177,ok
Windows-x86_64,13th Gen Intel(R) Core(TM) i9-13900H,clang-22.1.8 (https://github.com/msys2/MINGW-packages 6e4e79c2f86eeb534e324e583f2057dc9fd5ecab),SM4-128,aes-hw,gcm,1048576,13,7146400,1048576,6.815338135,0.146727863,20.413324356,ok
Windows-x86_64,13th Gen Intel(R) Core(TM) i9-13900H,clang-22.1.8 (https://github.com/msys2/MINGW-packages 6e4e79c2f86eeb534e324e583f2057dc9fd5ecab),SM4-128,aes-hw,gcm,1048576,14,6961400,1048576,6.638908386,0.150627173,19.885234833,ok
Windows-x86_64,13th Gen Intel(R) Core(TM) i9-13900H,clang-22.1.8 (https://github.com/msys2/MINGW-packages 6e4e79c2f86eeb534e324e583f2057dc9fd5ecab),SM4-128,aes-hw,gcm,1048576,15,7044500,1048576,6.718158722,0.148850309,20.122522354,ok
Windows-x86_64,13th Gen Intel(R) Core(TM) i9-13900H,clang-22.1.8 (https://github.com/msys2/MINGW-packages 6e4e79c2f86eeb534e324e583f2057dc9fd5ecab),SM4-128,aes-hw,gcm-dec,64,1,5202200,262144,19.844818115,0.050390988,59.441970825,ok
Windows-x86_64,13th Gen Intel(R) Core(TM) i9-13900H,clang-22.1.8 (https://github.com/msys2/MINGW-packages 6e4e79c2f86eeb534e324e583f2057dc9fd5ecab),SM4-128,aes-hw,gcm-dec,64,2,5180100,262144,19.760513306,0.050605973,59.186912537,ok
Windows-x86_64,13th Gen Intel(R) Core(TM) i9-13900H,clang-22.1.8 (https://github.com/msys2/MINGW-packages 6e4e79c2f86eeb534e324e583f2057dc9fd5ecab),SM4-128,aes-hw,gcm-dec,64,3,5157500,262144,19.674301147,0.050827727,58.928916931,ok
Windows-x86_64,13th Gen Intel(R) Core(TM) i9-13900H,clang-22.1.8 (https://github.com/msys2/MINGW-packages 6e4e79c2f86eeb534e324e583f2057dc9fd5ecab),SM4-128,aes-hw,gcm-dec,64,4,5208700,262144,19.869613647,0.050328105,59.515441895,ok
Windows-x86_64,13th Gen Intel(R) Core(TM) i9-13900H,clang-22.1.8 (https://github.com/msys2/MINGW-packages 6e4e79c2f86eeb534e324e583f2057dc9fd5ecab),SM4-128,aes-hw,gcm-dec,64,5,5192900,262144,19.809341431,0.050481234,59.333702087,ok
Windows-x86_64,13th Gen Intel(R) Core(TM) i9-13900H,clang-22.1.8 (https://github.com/msys2/MINGW-packages 6e4e79c2f86eeb534e324e583f2057dc9fd5ecab),SM4-128,aes-hw,gcm-dec,64,6,5158100,262144,19.676589966,0.050821814,58.936286926,ok
Windows-x86_64,13th Gen Intel(R) Core(TM) i9-13900H,clang-22.1.8 (https://github.com/msys2/MINGW-packages 6e4e79c2f86eeb534e324e583f2057dc9fd5ecab),SM4-128,aes-hw,gcm-dec,64,7,5259800,262144,20.064544678,0.049839157,60.098632812,ok
Windows-x86_64,13th Gen Intel(R) Core(TM) i9-13900H,clang-22.1.8 (https://github.com/msys2/MINGW-packages 6e4e79c2f86eeb534e324e583f2057dc9fd5ecab),SM4-128,aes-hw,gcm-dec,64,8,5246500,262144,20.013809204,0.049965501,59.945594788,ok
Windows-x86_64,13th Gen Intel(R) Core(TM) i9-13900H,clang-22.1.8 (https://github.com/msys2/MINGW-packages 6e4e79c2f86eeb534e324e583f2057dc9fd5ecab),SM4-128,aes-hw,gcm-dec,64,9,5169600,262144,19.720458984,0.050708759,59.067512512,ok
Windows-x86_64,13th Gen Intel(R) Core(TM) i9-13900H,clang-22.1.8 (https://github.com/msys2/MINGW-packages 6e4e79c2f86eeb534e324e583f2057dc9fd5ecab),SM4-128,aes-hw,gcm-dec,64,10,5188100,262144,19.791030884,0.050527939,59.278495789,ok
Windows-x86_64,13th Gen Intel(R) Core(TM) i9-13900H,clang-22.1.8 (https://github.com/msys2/MINGW-packages 6e4e79c2f86eeb534e324e583f2057dc9fd5ecab),SM4-128,aes-hw,gcm-dec,64,11,5159100,262144,19.680404663,0.050811963,58.946876526,ok
Windows-x86_64,13th Gen Intel(R) Core(TM) i9-13900H,clang-22.1.8 (https://github.com/msys2/MINGW-packages 6e4e79c2f86eeb534e324e583f2057dc9fd5ecab),SM4-128,aes-hw,gcm-dec,64,12,5144900,262144,19.626235962,0.050952205,58.785179138,ok
Windows-x86_64,13th Gen Intel(R) Core(TM) i9-13900H,clang-22.1.8 (https://github.com/msys2/MINGW-packages 6e4e79c2f86eeb534e324e583f2057dc9fd5ecab),SM4-128,aes-hw,gcm-dec,64,13,5117900,262144,19.523239136,0.051221009,58.475860596,ok
Windows-x86_64,13th Gen Intel(R) Core(TM) i9-13900H,clang-22.1.8 (https://github.com/msys2/MINGW-packages 6e4e79c2f86eeb534e324e583f2057dc9fd5ecab),SM4-128,aes-hw,gcm-dec,64,14,5254900,262144,20.045852661,0.049885631,60.042030334,ok
Windows-x86_64,13th Gen Intel(R) Core(TM) i9-13900H,clang-22.1.8 (https://github.com/msys2/MINGW-packages 6e4e79c2f86eeb534e324e583f2057dc9fd5ecab),SM4-128,aes-hw,gcm-dec,64,15,5239200,262144,19.985961914,0.050035120,59.862304688,ok
Windows-x86_64,13th Gen Intel(R) Core(TM) i9-13900H,clang-22.1.8 (https://github.com/msys2/MINGW-packages 6e4e79c2f86eeb534e324e583f2057dc9fd5ecab),SM4-128,aes-hw,gcm-dec,512,1,2174500,262144,8.295059204,0.120553691,24.849655151,ok
Windows-x86_64,13th Gen Intel(R) Core(TM) i9-13900H,clang-22.1.8 (https://github.com/msys2/MINGW-packages 6e4e79c2f86eeb534e324e583f2057dc9fd5ecab),SM4-128,aes-hw,gcm-dec,512,2,2175600,262144,8.299255371,0.120492738,24.859130859,ok
Windows-x86_64,13th Gen Intel(R) Core(TM) i9-13900H,clang-22.1.8 (https://github.com/msys2/MINGW-packages 6e4e79c2f86eeb534e324e583f2057dc9fd5ecab),SM4-128,aes-hw,gcm-dec,512,3,2242000,262144,8.552551270,0.116924175,25.616722107,ok
Windows-x86_64,13th Gen Intel(R) Core(TM) i9-13900H,clang-22.1.8 (https://github.com/msys2/MINGW-packages 6e4e79c2f86eeb534e324e583f2057dc9fd5ecab),SM4-128,aes-hw,gcm-dec,512,4,2176600,262144,8.303070068,0.120437379,24.870338440,ok
Windows-x86_64,13th Gen Intel(R) Core(TM) i9-13900H,clang-22.1.8 (https://github.com/msys2/MINGW-packages 6e4e79c2f86eeb534e324e583f2057dc9fd5ecab),SM4-128,aes-hw,gcm-dec,512,5,2177600,262144,8.306884766,0.120382072,24.880447388,ok
Windows-x86_64,13th Gen Intel(R) Core(TM) i9-13900H,clang-22.1.8 (https://github.com/msys2/MINGW-packages 6e4e79c2f86eeb534e324e583f2057dc9fd5ecab),SM4-128,aes-hw,gcm-dec,512,6,2178300,262144,8.309555054,0.120343387,24.889839172,ok
Windows-x86_64,13th Gen Intel(R) Core(TM) i9-13900H,clang-22.1.8 (https://github.com/msys2/MINGW-packages 6e4e79c2f86eeb534e324e583f2057dc9fd5ecab),SM4-128,aes-hw,gcm-dec,512,7,2214100,262144,8.446121216,0.118397543,25.298980713,ok
Windows-x86_64,13th Gen Intel(R) Core(TM) i9-13900H,clang-22.1.8 (https://github.com/msys2/MINGW-packages 6e4e79c2f86eeb534e324e583f2057dc9fd5ecab),SM4-128,aes-hw,gcm-dec,512,8,2180200,262144,8.316802979,0.120238510,24.911453247,ok
Windows-x86_64,13th Gen Intel(R) Core(TM) i9-13900H,clang-22.1.8 (https://github.com/msys2/MINGW-packages 6e4e79c2f86eeb534e324e583f2057dc9fd5ecab),SM4-128,aes-hw,gcm-dec,512,9,2181800,262144,8.322906494,0.120150335,24.929412842,ok
Windows-x86_64,13th Gen Intel(R) Core(TM) i9-13900H,clang-22.1.8 (https://github.com/msys2/MINGW-packages 6e4e79c2f86eeb534e324e583f2057dc9fd5ecab),SM4-128,aes-hw,gcm-dec,512,10,2155400,262144,8.222198486,0.121621973,24.627876282,ok
Windows-x86_64,13th Gen Intel(R) Core(TM) i9-13900H,clang-22.1.8 (https://github.com/msys2/MINGW-packages 6e4e79c2f86eeb534e324e583f2057dc9fd5ecab),SM4-128,aes-hw,gcm-dec,512,11,2180000,262144,8.316040039,0.120249541,24.908142090,ok
Windows-x86_64,13th Gen Intel(R) Core(TM) i9-13900H,clang-22.1.8 (https://github.com/msys2/MINGW-packages 6e4e79c2f86eeb534e324e583f2057dc9fd5ecab),SM4-128,aes-hw,gcm-dec,512,12,2175800,262144,8.300018311,0.120481662,24.859916687,ok
Windows-x86_64,13th Gen Intel(R) Core(TM) i9-13900H,clang-22.1.8 (https://github.com/msys2/MINGW-packages 6e4e79c2f86eeb534e324e583f2057dc9fd5ecab),SM4-128,aes-hw,gcm-dec,512,13,2253900,262144,8.597946167,0.116306846,25.753349304,ok
Windows-x86_64,13th Gen Intel(R) Core(TM) i9-13900H,clang-22.1.8 (https://github.com/msys2/MINGW-packages 6e4e79c2f86eeb534e324e583f2057dc9fd5ecab),SM4-128,aes-hw,gcm-dec,512,14,2201300,262144,8.397293091,0.119085995,25.152496338,ok
Windows-x86_64,13th Gen Intel(R) Core(TM) i9-13900H,clang-22.1.8 (https://github.com/msys2/MINGW-packages 6e4e79c2f86eeb534e324e583f2057dc9fd5ecab),SM4-128,aes-hw,gcm-dec,512,15,2172700,262144,8.288192749,0.120653565,24.824356079,ok
Windows-x86_64,13th Gen Intel(R) Core(TM) i9-13900H,clang-22.1.8 (https://github.com/msys2/MINGW-packages 6e4e79c2f86eeb534e324e583f2057dc9fd5ecab),SM4-128,aes-hw,gcm-dec,4096,1,1800900,262144,6.869888306,0.145562774,20.577873230,ok
Windows-x86_64,13th Gen Intel(R) Core(TM) i9-13900H,clang-22.1.8 (https://github.com/msys2/MINGW-packages 6e4e79c2f86eeb534e324e583f2057dc9fd5ecab),SM4-128,aes-hw,gcm-dec,4096,2,1865200,262144,7.115173340,0.140544714,21.311950684,ok
Windows-x86_64,13th Gen Intel(R) Core(TM) i9-13900H,clang-22.1.8 (https://github.com/msys2/MINGW-packages 6e4e79c2f86eeb534e324e583f2057dc9fd5ecab),SM4-128,aes-hw,gcm-dec,4096,3,1821200,262144,6.947326660,0.143940259,20.808853149,ok
Windows-x86_64,13th Gen Intel(R) Core(TM) i9-13900H,clang-22.1.8 (https://github.com/msys2/MINGW-packages 6e4e79c2f86eeb534e324e583f2057dc9fd5ecab),SM4-128,aes-hw,gcm-dec,4096,4,1835400,262144,7.001495361,0.142826632,20.970924377,ok
Windows-x86_64,13th Gen Intel(R) Core(TM) i9-13900H,clang-22.1.8 (https://github.com/msys2/MINGW-packages 6e4e79c2f86eeb534e324e583f2057dc9fd5ecab),SM4-128,aes-hw,gcm-dec,4096,5,1804400,262144,6.883239746,0.145280426,20.617187500,ok
Windows-x86_64,13th Gen Intel(R) Core(TM) i9-13900H,clang-22.1.8 (https://github.com/msys2/MINGW-packages 6e4e79c2f86eeb534e324e583f2057dc9fd5ecab),SM4-128,aes-hw,gcm-dec,4096,6,1805000,262144,6.885528564,0.145232133,20.624801636,ok
Windows-x86_64,13th Gen Intel(R) Core(TM) i9-13900H,clang-22.1.8 (https://github.com/msys2/MINGW-packages 6e4e79c2f86eeb534e324e583f2057dc9fd5ecab),SM4-128,aes-hw,gcm-dec,4096,7,1815900,262144,6.927108765,0.144360372,20.748672485,ok
Windows-x86_64,13th Gen Intel(R) Core(TM) i9-13900H,clang-22.1.8 (https://github.com/msys2/MINGW-packages 6e4e79c2f86eeb534e324e583f2057dc9fd5ecab),SM4-128,aes-hw,gcm-dec,4096,8,1831800,262144,6.987762451,0.143107326,20.929695129,ok
Windows-x86_64,13th Gen Intel(R) Core(TM) i9-13900H,clang-22.1.8 (https://github.com/msys2/MINGW-packages 6e4e79c2f86eeb534e324e583f2057dc9fd5ecab),SM4-128,aes-hw,gcm-dec,4096,9,1816200,262144,6.928253174,0.144336527,20.752822876,ok
Windows-x86_64,13th Gen Intel(R) Core(TM) i9-13900H,clang-22.1.8 (https://github.com/msys2/MINGW-packages 6e4e79c2f86eeb534e324e583f2057dc9fd5ecab),SM4-128,aes-hw,gcm-dec,4096,10,1805300,262144,6.886672974,0.145207999,20.627845764,ok
Windows-x86_64,13th Gen Intel(R) Core(TM) i9-13900H,clang-22.1.8 (https://github.com/msys2/MINGW-packages 6e4e79c2f86eeb534e324e583f2057dc9fd5ecab),SM4-128,aes-hw,gcm-dec,4096,11,1787800,262144,6.819915771,0.146629377,20.427932739,ok
Windows-x86_64,13th Gen Intel(R) Core(TM) i9-13900H,clang-22.1.8 (https://github.com/msys2/MINGW-packages 6e4e79c2f86eeb534e324e583f2057dc9fd5ecab),SM4-128,aes-hw,gcm-dec,4096,12,1762600,262144,6.723785400,0.148725746,20.139503479,ok
Windows-x86_64,13th Gen Intel(R) Core(TM) i9-13900H,clang-22.1.8 (https://github.com/msys2/MINGW-packages 6e4e79c2f86eeb534e324e583f2057dc9fd5ecab),SM4-128,aes-hw,gcm-dec,4096,13,1808500,262144,6.898880005,0.144951064,20.663932800,ok
Windows-x86_64,13th Gen Intel(R) Core(TM) i9-13900H,clang-22.1.8 (https://github.com/msys2/MINGW-packages 6e4e79c2f86eeb534e324e583f2057dc9fd5ecab),SM4-128,aes-hw,gcm-dec,4096,14,1822500,262144,6.952285767,0.143837586,20.823143005,ok
Windows-x86_64,13th Gen Intel(R) Core(TM) i9-13900H,clang-22.1.8 (https://github.com/msys2/MINGW-packages 6e4e79c2f86eeb534e324e583f2057dc9fd5ecab),SM4-128,aes-hw,gcm-dec,4096,15,1807200,262144,6.893920898,0.145055334,20.649528503,ok
Windows-x86_64,13th Gen Intel(R) Core(TM) i9-13900H,clang-22.1.8 (https://github.com/msys2/MINGW-packages 6e4e79c2f86eeb534e324e583f2057dc9fd5ecab),SM4-128,aes-hw,gcm-dec,8192,1,1752300,262144,6.684494019,0.149599954,20.023139954,ok
Windows-x86_64,13th Gen Intel(R) Core(TM) i9-13900H,clang-22.1.8 (https://github.com/msys2/MINGW-packages 6e4e79c2f86eeb534e324e583f2057dc9fd5ecab),SM4-128,aes-hw,gcm-dec,8192,2,1809400,262144,6.902313232,0.144878965,20.674026489,ok
Windows-x86_64,13th Gen Intel(R) Core(TM) i9-13900H,clang-22.1.8 (https://github.com/msys2/MINGW-packages 6e4e79c2f86eeb534e324e583f2057dc9fd5ecab),SM4-128,aes-hw,gcm-dec,8192,3,1777700,262144,6.781387329,0.147462451,20.312110901,ok
Windows-x86_64,13th Gen Intel(R) Core(TM) i9-13900H,clang-22.1.8 (https://github.com/msys2/MINGW-packages 6e4e79c2f86eeb534e324e583f2057dc9fd5ecab),SM4-128,aes-hw,gcm-dec,8192,4,1756200,262144,6.699371338,0.149267737,20.066658020,ok
Windows-x86_64,13th Gen Intel(R) Core(TM) i9-13900H,clang-22.1.8 (https://github.com/msys2/MINGW-packages 6e4e79c2f86eeb534e324e583f2057dc9fd5ecab),SM4-128,aes-hw,gcm-dec,8192,5,1790100,262144,6.828689575,0.146440981,20.453918457,ok
Windows-x86_64,13th Gen Intel(R) Core(TM) i9-13900H,clang-22.1.8 (https://github.com/msys2/MINGW-packages 6e4e79c2f86eeb534e324e583f2057dc9fd5ecab),SM4-128,aes-hw,gcm-dec,8192,6,1792300,262144,6.837081909,0.146261229,20.478866577,ok
Windows-x86_64,13th Gen Intel(R) Core(TM) i9-13900H,clang-22.1.8 (https://github.com/msys2/MINGW-packages 6e4e79c2f86eeb534e324e583f2057dc9fd5ecab),SM4-128,aes-hw,gcm-dec,8192,7,1822300,262144,6.951522827,0.143853372,20.821792603,ok
Windows-x86_64,13th Gen Intel(R) Core(TM) i9-13900H,clang-22.1.8 (https://github.com/msys2/MINGW-packages 6e4e79c2f86eeb534e324e583f2057dc9fd5ecab),SM4-128,aes-hw,gcm-dec,8192,8,1809500,262144,6.902694702,0.144870959,20.674850464,ok
Windows-x86_64,13th Gen Intel(R) Core(TM) i9-13900H,clang-22.1.8 (https://github.com/msys2/MINGW-packages 6e4e79c2f86eeb534e324e583f2057dc9fd5ecab),SM4-128,aes-hw,gcm-dec,8192,9,1791300,262144,6.833267212,0.146342879,20.467010498,ok
Windows-x86_64,13th Gen Intel(R) Core(TM) i9-13900H,clang-22.1.8 (https://github.com/msys2/MINGW-packages 6e4e79c2f86eeb534e324e583f2057dc9fd5ecab),SM4-128,aes-hw,gcm-dec,8192,10,1773500,262144,6.765365601,0.147811672,20.264091492,ok
Windows-x86_64,13th Gen Intel(R) Core(TM) i9-13900H,clang-22.1.8 (https://github.com/msys2/MINGW-packages 6e4e79c2f86eeb534e324e583f2057dc9fd5ecab),SM4-128,aes-hw,gcm-dec,8192,11,1775600,262144,6.773376465,0.147636855,20.288986206,ok
Windows-x86_64,13th Gen Intel(R) Core(TM) i9-13900H,clang-22.1.8 (https://github.com/msys2/MINGW-packages 6e4e79c2f86eeb534e324e583f2057dc9fd5ecab),SM4-128,aes-hw,gcm-dec,8192,12,1796200,262144,6.851959229,0.145943659,20.523529053,ok
Windows-x86_64,13th Gen Intel(R) Core(TM) i9-13900H,clang-22.1.8 (https://github.com/msys2/MINGW-packages 6e4e79c2f86eeb534e324e583f2057dc9fd5ecab),SM4-128,aes-hw,gcm-dec,8192,13,1782700,262144,6.800460815,0.147048858,20.369453430,ok
Windows-x86_64,13th Gen Intel(R) Core(TM) i9-13900H,clang-22.1.8 (https://github.com/msys2/MINGW-packages 6e4e79c2f86eeb534e324e583f2057dc9fd5ecab),SM4-128,aes-hw,gcm-dec,8192,14,1775100,262144,6.771469116,0.147678441,20.282165527,ok
Windows-x86_64,13th Gen Intel(R) Core(TM) i9-13900H,clang-22.1.8 (https://github.com/msys2/MINGW-packages 6e4e79c2f86eeb534e324e583f2057dc9fd5ecab),SM4-128,aes-hw,gcm-dec,8192,15,1775600,262144,6.773376465,0.147636855,20.287498474,ok
Windows-x86_64,13th Gen Intel(R) Core(TM) i9-13900H,clang-22.1.8 (https://github.com/msys2/MINGW-packages 6e4e79c2f86eeb534e324e583f2057dc9fd5ecab),SM4-128,aes-hw,gcm-dec,65536,1,1787300,262144,6.818008423,0.146670397,20.430107117,ok
Windows-x86_64,13th Gen Intel(R) Core(TM) i9-13900H,clang-22.1.8 (https://github.com/msys2/MINGW-packages 6e4e79c2f86eeb534e324e583f2057dc9fd5ecab),SM4-128,aes-hw,gcm-dec,65536,2,1752600,262144,6.685638428,0.149574347,20.026176453,ok
Windows-x86_64,13th Gen Intel(R) Core(TM) i9-13900H,clang-22.1.8 (https://github.com/msys2/MINGW-packages 6e4e79c2f86eeb534e324e583f2057dc9fd5ecab),SM4-128,aes-hw,gcm-dec,65536,3,1754500,262144,6.692886353,0.149412368,20.047637939,ok
Windows-x86_64,13th Gen Intel(R) Core(TM) i9-13900H,clang-22.1.8 (https://github.com/msys2/MINGW-packages 6e4e79c2f86eeb534e324e583f2057dc9fd5ecab),SM4-128,aes-hw,gcm-dec,65536,4,1799000,262144,6.862640381,0.145716509,20.554885864,ok
Windows-x86_64,13th Gen Intel(R) Core(TM) i9-13900H,clang-22.1.8 (https://github.com/msys2/MINGW-packages 6e4e79c2f86eeb534e324e583f2057dc9fd5ecab),SM4-128,aes-hw,gcm-dec,65536,5,1710700,262144,6.525802612,0.153237856,19.546493530,ok
Windows-x86_64,13th Gen Intel(R) Core(TM) i9-13900H,clang-22.1.8 (https://github.com/msys2/MINGW-packages 6e4e79c2f86eeb534e324e583f2057dc9fd5ecab),SM4-128,aes-hw,gcm-dec,65536,6,1729800,262144,6.598663330,0.151545843,19.765357971,ok
Windows-x86_64,13th Gen Intel(R) Core(TM) i9-13900H,clang-22.1.8 (https://github.com/msys2/MINGW-packages 6e4e79c2f86eeb534e324e583f2057dc9fd5ecab),SM4-128,aes-hw,gcm-dec,65536,7,1775500,262144,6.772994995,0.147645170,20.286872864,ok
Windows-x86_64,13th Gen Intel(R) Core(TM) i9-13900H,clang-22.1.8 (https://github.com/msys2/MINGW-packages 6e4e79c2f86eeb534e324e583f2057dc9fd5ecab),SM4-128,aes-hw,gcm-dec,65536,8,1784900,262144,6.808853149,0.146867612,20.394279480,ok
Windows-x86_64,13th Gen Intel(R) Core(TM) i9-13900H,clang-22.1.8 (https://github.com/msys2/MINGW-packages 6e4e79c2f86eeb534e324e583f2057dc9fd5ecab),SM4-128,aes-hw,gcm-dec,65536,9,1797500,262144,6.856918335,0.145838108,20.539070129,ok
Windows-x86_64,13th Gen Intel(R) Core(TM) i9-13900H,clang-22.1.8 (https://github.com/msys2/MINGW-packages 6e4e79c2f86eeb534e324e583f2057dc9fd5ecab),SM4-128,aes-hw,gcm-dec,65536,10,1751000,262144,6.679534912,0.149711022,20.006835938,ok
Windows-x86_64,13th Gen Intel(R) Core(TM) i9-13900H,clang-22.1.8 (https://github.com/msys2/MINGW-packages 6e4e79c2f86eeb534e324e583f2057dc9fd5ecab),SM4-128,aes-hw,gcm-dec,65536,11,1756700,262144,6.701278687,0.149225252,20.072410583,ok
Windows-x86_64,13th Gen Intel(R) Core(TM) i9-13900H,clang-22.1.8 (https://github.com/msys2/MINGW-packages 6e4e79c2f86eeb534e324e583f2057dc9fd5ecab),SM4-128,aes-hw,gcm-dec,65536,12,1753200,262144,6.687927246,0.149523158,20.031562805,ok
Windows-x86_64,13th Gen Intel(R) Core(TM) i9-13900H,clang-22.1.8 (https://github.com/msys2/MINGW-packages 6e4e79c2f86eeb534e324e583f2057dc9fd5ecab),SM4-128,aes-hw,gcm-dec,65536,13,1752800,262144,6.686401367,0.149557280,20.028053284,ok
Windows-x86_64,13th Gen Intel(R) Core(TM) i9-13900H,clang-22.1.8 (https://github.com/msys2/MINGW-packages 6e4e79c2f86eeb534e324e583f2057dc9fd5ecab),SM4-128,aes-hw,gcm-dec,65536,14,1752500,262144,6.685256958,0.149582882,20.023635864,ok
Windows-x86_64,13th Gen Intel(R) Core(TM) i9-13900H,clang-22.1.8 (https://github.com/msys2/MINGW-packages 6e4e79c2f86eeb534e324e583f2057dc9fd5ecab),SM4-128,aes-hw,gcm-dec,65536,15,1756300,262144,6.699752808,0.149259238,20.067451477,ok
Windows-x86_64,13th Gen Intel(R) Core(TM) i9-13900H,clang-22.1.8 (https://github.com/msys2/MINGW-packages 6e4e79c2f86eeb534e324e583f2057dc9fd5ecab),SM4-128,aes-hw,gcm-dec,1048576,1,7046800,1048576,6.720352173,0.148801726,20.134952545,ok
Windows-x86_64,13th Gen Intel(R) Core(TM) i9-13900H,clang-22.1.8 (https://github.com/msys2/MINGW-packages 6e4e79c2f86eeb534e324e583f2057dc9fd5ecab),SM4-128,aes-hw,gcm-dec,1048576,2,7065800,1048576,6.738471985,0.148401596,20.183452606,ok
Windows-x86_64,13th Gen Intel(R) Core(TM) i9-13900H,clang-22.1.8 (https://github.com/msys2/MINGW-packages 6e4e79c2f86eeb534e324e583f2057dc9fd5ecab),SM4-128,aes-hw,gcm-dec,1048576,3,7155400,1048576,6.823921204,0.146543310,20.439086914,ok
Windows-x86_64,13th Gen Intel(R) Core(TM) i9-13900H,clang-22.1.8 (https://github.com/msys2/MINGW-packages 6e4e79c2f86eeb534e324e583f2057dc9fd5ecab),SM4-128,aes-hw,gcm-dec,1048576,4,7073200,1048576,6.745529175,0.148246338,20.204650879,ok
Windows-x86_64,13th Gen Intel(R) Core(TM) i9-13900H,clang-22.1.8 (https://github.com/msys2/MINGW-packages 6e4e79c2f86eeb534e324e583f2057dc9fd5ecab),SM4-128,aes-hw,gcm-dec,1048576,5,7137900,1048576,6.807231903,0.146902590,20.389181137,ok
Windows-x86_64,13th Gen Intel(R) Core(TM) i9-13900H,clang-22.1.8 (https://github.com/msys2/MINGW-packages 6e4e79c2f86eeb534e324e583f2057dc9fd5ecab),SM4-128,aes-hw,gcm-dec,1048576,6,6972800,1048576,6.649780273,0.150380909,19.917659760,ok
Windows-x86_64,13th Gen Intel(R) Core(TM) i9-13900H,clang-22.1.8 (https://github.com/msys2/MINGW-packages 6e4e79c2f86eeb534e324e583f2057dc9fd5ecab),SM4-128,aes-hw,gcm-dec,1048576,7,7048500,1048576,6.721973419,0.148765837,20.133890152,ok
Windows-x86_64,13th Gen Intel(R) Core(TM) i9-13900H,clang-22.1.8 (https://github.com/msys2/MINGW-packages 6e4e79c2f86eeb534e324e583f2057dc9fd5ecab),SM4-128,aes-hw,gcm-dec,1048576,8,6975800,1048576,6.652641296,0.150316236,19.926084518,ok
Windows-x86_64,13th Gen Intel(R) Core(TM) i9-13900H,clang-22.1.8 (https://github.com/msys2/MINGW-packages 6e4e79c2f86eeb534e324e583f2057dc9fd5ecab),SM4-128,aes-hw,gcm-dec,1048576,9,7087600,1048576,6.759262085,0.147945144,20.245723724,ok
Windows-x86_64,13th Gen Intel(R) Core(TM) i9-13900H,clang-22.1.8 (https://github.com/msys2/MINGW-packages 6e4e79c2f86eeb534e324e583f2057dc9fd5ecab),SM4-128,aes-hw,gcm-dec,1048576,10,7039900,1048576,6.713771820,0.148947570,20.109285355,ok
Windows-x86_64,13th Gen Intel(R) Core(TM) i9-13900H,clang-22.1.8 (https://github.com/msys2/MINGW-packages 6e4e79c2f86eeb534e324e583f2057dc9fd5ecab),SM4-128,aes-hw,gcm-dec,1048576,11,7050300,1048576,6.723690033,0.148727856,20.139209747,ok
Windows-x86_64,13th Gen Intel(R) Core(TM) i9-13900H,clang-22.1.8 (https://github.com/msys2/MINGW-packages 6e4e79c2f86eeb534e324e583f2057dc9fd5ecab),SM4-128,aes-hw,gcm-dec,1048576,12,7192700,1048576,6.859493256,0.145783364,20.545843124,ok
Windows-x86_64,13th Gen Intel(R) Core(TM) i9-13900H,clang-22.1.8 (https://github.com/msys2/MINGW-packages 6e4e79c2f86eeb534e324e583f2057dc9fd5ecab),SM4-128,aes-hw,gcm-dec,1048576,13,7108500,1048576,6.779193878,0.147510164,20.305219650,ok
Windows-x86_64,13th Gen Intel(R) Core(TM) i9-13900H,clang-22.1.8 (https://github.com/msys2/MINGW-packages 6e4e79c2f86eeb534e324e583f2057dc9fd5ecab),SM4-128,aes-hw,gcm-dec,1048576,14,7068600,1048576,6.741142273,0.148342812,20.191310883,ok
Windows-x86_64,13th Gen Intel(R) Core(TM) i9-13900H,clang-22.1.8 (https://github.com/msys2/MINGW-packages 6e4e79c2f86eeb534e324e583f2057dc9fd5ecab),SM4-128,aes-hw,gcm-dec,1048576,15,7084900,1048576,6.756687164,0.148001524,20.237770081,ok
Windows-x86_64,13th Gen Intel(R) Core(TM) i9-13900H,clang-22.1.8 (https://github.com/msys2/MINGW-packages 6e4e79c2f86eeb534e324e583f2057dc9fd5ecab),AES-128,aes-hw,xts,64,1,289000,262144,1.102447510,0.907072664,3.304008484,ok
Windows-x86_64,13th Gen Intel(R) Core(TM) i9-13900H,clang-22.1.8 (https://github.com/msys2/MINGW-packages 6e4e79c2f86eeb534e324e583f2057dc9fd5ecab),AES-128,aes-hw,xts,64,2,288500,262144,1.100540161,0.908644714,3.296394348,ok
Windows-x86_64,13th Gen Intel(R) Core(TM) i9-13900H,clang-22.1.8 (https://github.com/msys2/MINGW-packages 6e4e79c2f86eeb534e324e583f2057dc9fd5ecab),AES-128,aes-hw,xts,64,3,290800,262144,1.109313965,0.901458047,3.323608398,ok
Windows-x86_64,13th Gen Intel(R) Core(TM) i9-13900H,clang-22.1.8 (https://github.com/msys2/MINGW-packages 6e4e79c2f86eeb534e324e583f2057dc9fd5ecab),AES-128,aes-hw,xts,64,4,288800,262144,1.101684570,0.907700831,3.300399780,ok
Windows-x86_64,13th Gen Intel(R) Core(TM) i9-13900H,clang-22.1.8 (https://github.com/msys2/MINGW-packages 6e4e79c2f86eeb534e324e583f2057dc9fd5ecab),AES-128,aes-hw,xts,64,5,289500,262144,1.104354858,0.905506045,3.308303833,ok
Windows-x86_64,13th Gen Intel(R) Core(TM) i9-13900H,clang-22.1.8 (https://github.com/msys2/MINGW-packages 6e4e79c2f86eeb534e324e583f2057dc9fd5ecab),AES-128,aes-hw,xts,64,6,288600,262144,1.100921631,0.908329868,3.297798157,ok
Windows-x86_64,13th Gen Intel(R) Core(TM) i9-13900H,clang-22.1.8 (https://github.com/msys2/MINGW-packages 6e4e79c2f86eeb534e324e583f2057dc9fd5ecab),AES-128,aes-hw,xts,64,7,288500,262144,1.100540161,0.908644714,3.296852112,ok
Windows-x86_64,13th Gen Intel(R) Core(TM) i9-13900H,clang-22.1.8 (https://github.com/msys2/MINGW-packages 6e4e79c2f86eeb534e324e583f2057dc9fd5ecab),AES-128,aes-hw,xts,64,8,288400,262144,1.100158691,0.908959778,3.296607971,ok
Windows-x86_64,13th Gen Intel(R) Core(TM) i9-13900H,clang-22.1.8 (https://github.com/msys2/MINGW-packages 6e4e79c2f86eeb534e324e583f2057dc9fd5ecab),AES-128,aes-hw,xts,64,9,291700,262144,1.112747192,0.898676723,3.333183289,ok
Windows-x86_64,13th Gen Intel(R) Core(TM) i9-13900H,clang-22.1.8 (https://github.com/msys2/MINGW-packages 6e4e79c2f86eeb534e324e583f2057dc9fd5ecab),AES-128,aes-hw,xts,64,10,289400,262144,1.103973389,0.905818936,3.307868958,ok
Windows-x86_64,13th Gen Intel(R) Core(TM) i9-13900H,clang-22.1.8 (https://github.com/msys2/MINGW-packages 6e4e79c2f86eeb534e324e583f2057dc9fd5ecab),AES-128,aes-hw,xts,64,11,289400,262144,1.103973389,0.905818936,3.306739807,ok
Windows-x86_64,13th Gen Intel(R) Core(TM) i9-13900H,clang-22.1.8 (https://github.com/msys2/MINGW-packages 6e4e79c2f86eeb534e324e583f2057dc9fd5ecab),AES-128,aes-hw,xts,64,12,289300,262144,1.103591919,0.906132043,3.305854797,ok
Windows-x86_64,13th Gen Intel(R) Core(TM) i9-13900H,clang-22.1.8 (https://github.com/msys2/MINGW-packages 6e4e79c2f86eeb534e324e583f2057dc9fd5ecab),AES-128,aes-hw,xts,64,13,288600,262144,1.100921631,0.908329868,3.298149109,ok
Windows-x86_64,13th Gen Intel(R) Core(TM) i9-13900H,clang-22.1.8 (https://github.com/msys2/MINGW-packages 6e4e79c2f86eeb534e324e583f2057dc9fd5ecab),AES-128,aes-hw,xts,64,14,288900,262144,1.102066040,0.907386639,3.300964355,ok
Windows-x86_64,13th Gen Intel(R) Core(TM) i9-13900H,clang-22.1.8 (https://github.com/msys2/MINGW-packages 6e4e79c2f86eeb534e324e583f2057dc9fd5ecab),AES-128,aes-hw,xts,64,15,289100,262144,1.102828979,0.906758907,3.303947449,ok
Windows-x86_64,13th Gen Intel(R) Core(TM) i9-13900H,clang-22.1.8 (https://github.com/msys2/MINGW-packages 6e4e79c2f86eeb534e324e583f2057dc9fd5ecab),AES-128,aes-hw,xts,512,1,213900,262144,0.815963745,1.225544647,2.446006775,ok
Windows-x86_64,13th Gen Intel(R) Core(TM) i9-13900H,clang-22.1.8 (https://github.com/msys2/MINGW-packages 6e4e79c2f86eeb534e324e583f2057dc9fd5ecab),AES-128,aes-hw,xts,512,2,215100,262144,0.820541382,1.218707578,2.457817078,ok
Windows-x86_64,13th Gen Intel(R) Core(TM) i9-13900H,clang-22.1.8 (https://github.com/msys2/MINGW-packages 6e4e79c2f86eeb534e324e583f2057dc9fd5ecab),AES-128,aes-hw,xts,512,3,215200,262144,0.820922852,1.218141264,2.458923340,ok
Windows-x86_64,13th Gen Intel(R) Core(TM) i9-13900H,clang-22.1.8 (https://github.com/msys2/MINGW-packages 6e4e79c2f86eeb534e324e583f2057dc9fd5ecab),AES-128,aes-hw,xts,512,4,214600,262144,0.818634033,1.221547064,2.452735901,ok
Windows-x86_64,13th Gen Intel(R) Core(TM) i9-13900H,clang-22.1.8 (https://github.com/msys2/MINGW-packages 6e4e79c2f86eeb534e324e583f2057dc9fd5ecab),AES-128,aes-hw,xts,512,5,220800,262144,0.842285156,1.187246377,2.523101807,ok
Windows-x86_64,13th Gen Intel(R) Core(TM) i9-13900H,clang-22.1.8 (https://github.com/msys2/MINGW-packages 6e4e79c2f86eeb534e324e583f2057dc9fd5ecab),AES-128,aes-hw,xts,512,6,217700,262144,0.830459595,1.204152503,2.488525391,ok
Windows-x86_64,13th Gen Intel(R) Core(TM) i9-13900H,clang-22.1.8 (https://github.com/msys2/MINGW-packages 6e4e79c2f86eeb534e324e583f2057dc9fd5ecab),AES-128,aes-hw,xts,512,7,214700,262144,0.819015503,1.220978109,2.453613281,ok
Windows-x86_64,13th Gen Intel(R) Core(TM) i9-13900H,clang-22.1.8 (https://github.com/msys2/MINGW-packages 6e4e79c2f86eeb534e324e583f2057dc9fd5ecab),AES-128,aes-hw,xts,512,8,215400,262144,0.821685791,1.217010214,2.461051941,ok
Windows-x86_64,13th Gen Intel(R) Core(TM) i9-13900H,clang-22.1.8 (https://github.com/msys2/MINGW-packages 6e4e79c2f86eeb534e324e583f2057dc9fd5ecab),AES-128,aes-hw,xts,512,9,215200,262144,0.820922852,1.218141264,2.459022522,ok
Windows-x86_64,13th Gen Intel(R) Core(TM) i9-13900H,clang-22.1.8 (https://github.com/msys2/MINGW-packages 6e4e79c2f86eeb534e324e583f2057dc9fd5ecab),AES-128,aes-hw,xts,512,10,215200,262144,0.820922852,1.218141264,2.459663391,ok
Windows-x86_64,13th Gen Intel(R) Core(TM) i9-13900H,clang-22.1.8 (https://github.com/msys2/MINGW-packages 6e4e79c2f86eeb534e324e583f2057dc9fd5ecab),AES-128,aes-hw,xts,512,11,214700,262144,0.819015503,1.220978109,2.453285217,ok
Windows-x86_64,13th Gen Intel(R) Core(TM) i9-13900H,clang-22.1.8 (https://github.com/msys2/MINGW-packages 6e4e79c2f86eeb534e324e583f2057dc9fd5ecab),AES-128,aes-hw,xts,512,12,214800,262144,0.819396973,1.220409683,2.454833984,ok
Windows-x86_64,13th Gen Intel(R) Core(TM) i9-13900H,clang-22.1.8 (https://github.com/msys2/MINGW-packages 6e4e79c2f86eeb534e324e583f2057dc9fd5ecab),AES-128,aes-hw,xts,512,13,214800,262144,0.819396973,1.220409683,2.454856873,ok
Windows-x86_64,13th Gen Intel(R) Core(TM) i9-13900H,clang-22.1.8 (https://github.com/msys2/MINGW-packages 6e4e79c2f86eeb534e324e583f2057dc9fd5ecab),AES-128,aes-hw,xts,512,14,214800,262144,0.819396973,1.220409683,2.455604553,ok
Windows-x86_64,13th Gen Intel(R) Core(TM) i9-13900H,clang-22.1.8 (https://github.com/msys2/MINGW-packages 6e4e79c2f86eeb534e324e583f2057dc9fd5ecab),AES-128,aes-hw,xts,512,15,240300,262144,0.916671753,1.090903038,2.745956421,ok
Windows-x86_64,13th Gen Intel(R) Core(TM) i9-13900H,clang-22.1.8 (https://github.com/msys2/MINGW-packages 6e4e79c2f86eeb534e324e583f2057dc9fd5ecab),AES-128,aes-hw,xts,4096,1,207800,262144,0.792694092,1.261520693,2.375717163,ok
Windows-x86_64,13th Gen Intel(R) Core(TM) i9-13900H,clang-22.1.8 (https://github.com/msys2/MINGW-packages 6e4e79c2f86eeb534e324e583f2057dc9fd5ecab),AES-128,aes-hw,xts,4096,2,207400,262144,0.791168213,1.263953713,2.369773865,ok
Windows-x86_64,13th Gen Intel(R) Core(TM) i9-13900H,clang-22.1.8 (https://github.com/msys2/MINGW-packages 6e4e79c2f86eeb534e324e583f2057dc9fd5ecab),AES-128,aes-hw,xts,4096,3,208200,262144,0.794219971,1.259097022,2.378845215,ok
Windows-x86_64,13th Gen Intel(R) Core(TM) i9-13900H,clang-22.1.8 (https://github.com/msys2/MINGW-packages 6e4e79c2f86eeb534e324e583f2057dc9fd5ecab),AES-128,aes-hw,xts,4096,4,208100,262144,0.793838501,1.259702066,2.377693176,ok
Windows-x86_64,13th Gen Intel(R) Core(TM) i9-13900H,clang-22.1.8 (https://github.com/msys2/MINGW-packages 6e4e79c2f86eeb534e324e583f2057dc9fd5ecab),AES-128,aes-hw,xts,4096,5,208200,262144,0.794219971,1.259097022,2.378997803,ok
Windows-x86_64,13th Gen Intel(R) Core(TM) i9-13900H,clang-22.1.8 (https://github.com/msys2/MINGW-packages 6e4e79c2f86eeb534e324e583f2057dc9fd5ecab),AES-128,aes-hw,xts,4096,6,210800,262144,0.804138184,1.243567362,2.408920288,ok
Windows-x86_64,13th Gen Intel(R) Core(TM) i9-13900H,clang-22.1.8 (https://github.com/msys2/MINGW-packages 6e4e79c2f86eeb534e324e583f2057dc9fd5ecab),AES-128,aes-hw,xts,4096,7,207500,262144,0.791549683,1.263344578,2.371253967,ok
Windows-x86_64,13th Gen Intel(R) Core(TM) i9-13900H,clang-22.1.8 (https://github.com/msys2/MINGW-packages 6e4e79c2f86eeb534e324e583f2057dc9fd5ecab),AES-128,aes-hw,xts,4096,8,207600,262144,0.791931152,1.262736031,2.372322083,ok
Windows-x86_64,13th Gen Intel(R) Core(TM) i9-13900H,clang-22.1.8 (https://github.com/msys2/MINGW-packages 6e4e79c2f86eeb534e324e583f2057dc9fd5ecab),AES-128,aes-hw,xts,4096,9,207100,262144,0.790023804,1.265784645,2.367202759,ok
Windows-x86_64,13th Gen Intel(R) Core(TM) i9-13900H,clang-22.1.8 (https://github.com/msys2/MINGW-packages 6e4e79c2f86eeb534e324e583f2057dc9fd5ecab),AES-128,aes-hw,xts,4096,10,207500,262144,0.791549683,1.263344578,2.371086121,ok
Windows-x86_64,13th Gen Intel(R) Core(TM) i9-13900H,clang-22.1.8 (https://github.com/msys2/MINGW-packages 6e4e79c2f86eeb534e324e583f2057dc9fd5ecab),AES-128,aes-hw,xts,4096,11,208200,262144,0.794219971,1.259097022,2.378578186,ok
Windows-x86_64,13th Gen Intel(R) Core(TM) i9-13900H,clang-22.1.8 (https://github.com/msys2/MINGW-packages 6e4e79c2f86eeb534e324e583f2057dc9fd5ecab),AES-128,aes-hw,xts,4096,12,207600,262144,0.791931152,1.262736031,2.371688843,ok
Windows-x86_64,13th Gen Intel(R) Core(TM) i9-13900H,clang-22.1.8 (https://github.com/msys2/MINGW-packages 6e4e79c2f86eeb534e324e583f2057dc9fd5ecab),AES-128,aes-hw,xts,4096,13,207600,262144,0.791931152,1.262736031,2.372360229,ok
Windows-x86_64,13th Gen Intel(R) Core(TM) i9-13900H,clang-22.1.8 (https://github.com/msys2/MINGW-packages 6e4e79c2f86eeb534e324e583f2057dc9fd5ecab),AES-128,aes-hw,xts,4096,14,207300,262144,0.790786743,1.264563435,2.368614197,ok
Windows-x86_64,13th Gen Intel(R) Core(TM) i9-13900H,clang-22.1.8 (https://github.com/msys2/MINGW-packages 6e4e79c2f86eeb534e324e583f2057dc9fd5ecab),AES-128,aes-hw,xts,4096,15,208000,262144,0.793457031,1.260307692,2.377067566,ok
Windows-x86_64,13th Gen Intel(R) Core(TM) i9-13900H,clang-22.1.8 (https://github.com/msys2/MINGW-packages 6e4e79c2f86eeb534e324e583f2057dc9fd5ecab),AES-128,aes-hw,xts,8192,1,207100,262144,0.790023804,1.265784645,2.367309570,ok
Windows-x86_64,13th Gen Intel(R) Core(TM) i9-13900H,clang-22.1.8 (https://github.com/msys2/MINGW-packages 6e4e79c2f86eeb534e324e583f2057dc9fd5ecab),AES-128,aes-hw,xts,8192,2,208500,262144,0.795364380,1.257285372,2.382888794,ok
Windows-x86_64,13th Gen Intel(R) Core(TM) i9-13900H,clang-22.1.8 (https://github.com/msys2/MINGW-packages 6e4e79c2f86eeb534e324e583f2057dc9fd5ecab),AES-128,aes-hw,xts,8192,3,212000,262144,0.808715820,1.236528302,2.421836853,ok
Windows-x86_64,13th Gen Intel(R) Core(TM) i9-13900H,clang-22.1.8 (https://github.com/msys2/MINGW-packages 6e4e79c2f86eeb534e324e583f2057dc9fd5ecab),AES-128,aes-hw,xts,8192,4,212300,262144,0.809860229,1.234780970,2.426071167,ok
Windows-x86_64,13th Gen Intel(R) Core(TM) i9-13900H,clang-22.1.8 (https://github.com/msys2/MINGW-packages 6e4e79c2f86eeb534e324e583f2057dc9fd5ecab),AES-128,aes-hw,xts,8192,5,212300,262144,0.809860229,1.234780970,2.427001953,ok
Windows-x86_64,13th Gen Intel(R) Core(TM) i9-13900H,clang-22.1.8 (https://github.com/msys2/MINGW-packages 6e4e79c2f86eeb534e324e583f2057dc9fd5ecab),AES-128,aes-hw,xts,8192,6,215900,262144,0.823593140,1.214191755,2.467231750,ok
Windows-x86_64,13th Gen Intel(R) Core(TM) i9-13900H,clang-22.1.8 (https://github.com/msys2/MINGW-packages 6e4e79c2f86eeb534e324e583f2057dc9fd5ecab),AES-128,aes-hw,xts,8192,7,212200,262144,0.809478760,1.235362865,2.424255371,ok
Windows-x86_64,13th Gen Intel(R) Core(TM) i9-13900H,clang-22.1.8 (https://github.com/msys2/MINGW-packages 6e4e79c2f86eeb534e324e583f2057dc9fd5ecab),AES-128,aes-hw,xts,8192,8,210500,262144,0.802993774,1.245339667,2.405189514,ok
Windows-x86_64,13th Gen Intel(R) Core(TM) i9-13900H,clang-22.1.8 (https://github.com/msys2/MINGW-packages 6e4e79c2f86eeb534e324e583f2057dc9fd5ecab),AES-128,aes-hw,xts,8192,9,207000,262144,0.789642334,1.266396135,2.365486145,ok
Windows-x86_64,13th Gen Intel(R) Core(TM) i9-13900H,clang-22.1.8 (https://github.com/msys2/MINGW-packages 6e4e79c2f86eeb534e324e583f2057dc9fd5ecab),AES-128,aes-hw,xts,8192,10,208300,262144,0.794601440,1.258492559,2.380798340,ok
Windows-x86_64,13th Gen Intel(R) Core(TM) i9-13900H,clang-22.1.8 (https://github.com/msys2/MINGW-packages 6e4e79c2f86eeb534e324e583f2057dc9fd5ecab),AES-128,aes-hw,xts,8192,11,208400,262144,0.794982910,1.257888676,2.381370544,ok
Windows-x86_64,13th Gen Intel(R) Core(TM) i9-13900H,clang-22.1.8 (https://github.com/msys2/MINGW-packages 6e4e79c2f86eeb534e324e583f2057dc9fd5ecab),AES-128,aes-hw,xts,8192,12,208700,262144,0.796127319,1.256080498,2.385772705,ok
Windows-x86_64,13th Gen Intel(R) Core(TM) i9-13900H,clang-22.1.8 (https://github.com/msys2/MINGW-packages 6e4e79c2f86eeb534e324e583f2057dc9fd5ecab),AES-128,aes-hw,xts,8192,13,208400,262144,0.794982910,1.257888676,2.381118774,ok
Windows-x86_64,13th Gen Intel(R) Core(TM) i9-13900H,clang-22.1.8 (https://github.com/msys2/MINGW-packages 6e4e79c2f86eeb534e324e583f2057dc9fd5ecab),AES-128,aes-hw,xts,8192,14,211400,262144,0.806427002,1.240037843,2.415992737,ok
Windows-x86_64,13th Gen Intel(R) Core(TM) i9-13900H,clang-22.1.8 (https://github.com/msys2/MINGW-packages 6e4e79c2f86eeb534e324e583f2057dc9fd5ecab),AES-128,aes-hw,xts,8192,15,208200,262144,0.794219971,1.259097022,2.378555298,ok
Windows-x86_64,13th Gen Intel(R) Core(TM) i9-13900H,clang-22.1.8 (https://github.com/msys2/MINGW-packages 6e4e79c2f86eeb534e324e583f2057dc9fd5ecab),AES-128,aes-hw,xts,65536,1,215200,262144,0.820922852,1.218141264,2.460365295,ok
Windows-x86_64,13th Gen Intel(R) Core(TM) i9-13900H,clang-22.1.8 (https://github.com/msys2/MINGW-packages 6e4e79c2f86eeb534e324e583f2057dc9fd5ecab),AES-128,aes-hw,xts,65536,2,215100,262144,0.820541382,1.218707578,2.458259583,ok
Windows-x86_64,13th Gen Intel(R) Core(TM) i9-13900H,clang-22.1.8 (https://github.com/msys2/MINGW-packages 6e4e79c2f86eeb534e324e583f2057dc9fd5ecab),AES-128,aes-hw,xts,65536,3,215200,262144,0.820922852,1.218141264,2.459991455,ok
Windows-x86_64,13th Gen Intel(R) Core(TM) i9-13900H,clang-22.1.8 (https://github.com/msys2/MINGW-packages 6e4e79c2f86eeb534e324e583f2057dc9fd5ecab),AES-128,aes-hw,xts,65536,4,215700,262144,0.822830200,1.215317571,2.464134216,ok
Windows-x86_64,13th Gen Intel(R) Core(TM) i9-13900H,clang-22.1.8 (https://github.com/msys2/MINGW-packages 6e4e79c2f86eeb534e324e583f2057dc9fd5ecab),AES-128,aes-hw,xts,65536,5,218200,262144,0.832366943,1.201393217,2.494216919,ok
Windows-x86_64,13th Gen Intel(R) Core(TM) i9-13900H,clang-22.1.8 (https://github.com/msys2/MINGW-packages 6e4e79c2f86eeb534e324e583f2057dc9fd5ecab),AES-128,aes-hw,xts,65536,6,214800,262144,0.819396973,1.220409683,2.454612732,ok
Windows-x86_64,13th Gen Intel(R) Core(TM) i9-13900H,clang-22.1.8 (https://github.com/msys2/MINGW-packages 6e4e79c2f86eeb534e324e583f2057dc9fd5ecab),AES-128,aes-hw,xts,65536,7,214700,262144,0.819015503,1.220978109,2.452980042,ok
Windows-x86_64,13th Gen Intel(R) Core(TM) i9-13900H,clang-22.1.8 (https://github.com/msys2/MINGW-packages 6e4e79c2f86eeb534e324e583f2057dc9fd5ecab),AES-128,aes-hw,xts,65536,8,215100,262144,0.820541382,1.218707578,2.458930969,ok
Windows-x86_64,13th Gen Intel(R) Core(TM) i9-13900H,clang-22.1.8 (https://github.com/msys2/MINGW-packages 6e4e79c2f86eeb534e324e583f2057dc9fd5ecab),AES-128,aes-hw,xts,65536,9,214600,262144,0.818634033,1.221547064,2.452758789,ok
Windows-x86_64,13th Gen Intel(R) Core(TM) i9-13900H,clang-22.1.8 (https://github.com/msys2/MINGW-packages 6e4e79c2f86eeb534e324e583f2057dc9fd5ecab),AES-128,aes-hw,xts,65536,10,214700,262144,0.819015503,1.220978109,2.453315735,ok
Windows-x86_64,13th Gen Intel(R) Core(TM) i9-13900H,clang-22.1.8 (https://github.com/msys2/MINGW-packages 6e4e79c2f86eeb534e324e583f2057dc9fd5ecab),AES-128,aes-hw,xts,65536,11,214600,262144,0.818634033,1.221547064,2.453308105,ok
Windows-x86_64,13th Gen Intel(R) Core(TM) i9-13900H,clang-22.1.8 (https://github.com/msys2/MINGW-packages 6e4e79c2f86eeb534e324e583f2057dc9fd5ecab),AES-128,aes-hw,xts,65536,12,214500,262144,0.818252563,1.222116550,2.452232361,ok
Windows-x86_64,13th Gen Intel(R) Core(TM) i9-13900H,clang-22.1.8 (https://github.com/msys2/MINGW-packages 6e4e79c2f86eeb534e324e583f2057dc9fd5ecab),AES-128,aes-hw,xts,65536,13,214800,262144,0.819396973,1.220409683,2.454116821,ok
Windows-x86_64,13th Gen Intel(R) Core(TM) i9-13900H,clang-22.1.8 (https://github.com/msys2/MINGW-packages 6e4e79c2f86eeb534e324e583f2057dc9fd5ecab),AES-128,aes-hw,xts,65536,14,217800,262144,0.830841064,1.203599633,2.488815308,ok
Windows-x86_64,13th Gen Intel(R) Core(TM) i9-13900H,clang-22.1.8 (https://github.com/msys2/MINGW-packages 6e4e79c2f86eeb534e324e583f2057dc9fd5ecab),AES-128,aes-hw,xts,65536,15,216100,262144,0.824356079,1.213068024,2.470268250,ok
Windows-x86_64,13th Gen Intel(R) Core(TM) i9-13900H,clang-22.1.8 (https://github.com/msys2/MINGW-packages 6e4e79c2f86eeb534e324e583f2057dc9fd5ecab),AES-128,aes-hw,xts,1048576,1,873000,1048576,0.832557678,1.201117984,2.494949341,ok
Windows-x86_64,13th Gen Intel(R) Core(TM) i9-13900H,clang-22.1.8 (https://github.com/msys2/MINGW-packages 6e4e79c2f86eeb534e324e583f2057dc9fd5ecab),AES-128,aes-hw,xts,1048576,2,867300,1048576,0.827121735,1.209011876,2.477670670,ok
Windows-x86_64,13th Gen Intel(R) Core(TM) i9-13900H,clang-22.1.8 (https://github.com/msys2/MINGW-packages 6e4e79c2f86eeb534e324e583f2057dc9fd5ecab),AES-128,aes-hw,xts,1048576,3,871600,1048576,0.831222534,1.203047269,2.489830017,ok
Windows-x86_64,13th Gen Intel(R) Core(TM) i9-13900H,clang-22.1.8 (https://github.com/msys2/MINGW-packages 6e4e79c2f86eeb534e324e583f2057dc9fd5ecab),AES-128,aes-hw,xts,1048576,4,867400,1048576,0.827217102,1.208872493,2.477848053,ok
Windows-x86_64,13th Gen Intel(R) Core(TM) i9-13900H,clang-22.1.8 (https://github.com/msys2/MINGW-packages 6e4e79c2f86eeb534e324e583f2057dc9fd5ecab),AES-128,aes-hw,xts,1048576,5,869100,1048576,0.828838348,1.206507882,2.482625961,ok
Windows-x86_64,13th Gen Intel(R) Core(TM) i9-13900H,clang-22.1.8 (https://github.com/msys2/MINGW-packages 6e4e79c2f86eeb534e324e583f2057dc9fd5ecab),AES-128,aes-hw,xts,1048576,6,848200,1048576,0.808906555,1.236236737,2.422801971,ok
Windows-x86_64,13th Gen Intel(R) Core(TM) i9-13900H,clang-22.1.8 (https://github.com/msys2/MINGW-packages 6e4e79c2f86eeb534e324e583f2057dc9fd5ecab),AES-128,aes-hw,xts,1048576,7,858900,1048576,0.819110870,1.220835953,2.453529358,ok
Windows-x86_64,13th Gen Intel(R) Core(TM) i9-13900H,clang-22.1.8 (https://github.com/msys2/MINGW-packages 6e4e79c2f86eeb534e324e583f2057dc9fd5ecab),AES-128,aes-hw,xts,1048576,8,851600,1048576,0.812149048,1.231301080,2.432497025,ok
Windows-x86_64,13th Gen Intel(R) Core(TM) i9-13900H,clang-22.1.8 (https://github.com/msys2/MINGW-packages 6e4e79c2f86eeb534e324e583f2057dc9fd5ecab),AES-128,aes-hw,xts,1048576,9,849400,1048576,0.810050964,1.234490228,2.426162720,ok
Windows-x86_64,13th Gen Intel(R) Core(TM) i9-13900H,clang-22.1.8 (https://github.com/msys2/MINGW-packages 6e4e79c2f86eeb534e324e583f2057dc9fd5ecab),AES-128,aes-hw,xts,1048576,10,855500,1048576,0.815868378,1.225687902,2.443740845,ok
Windows-x86_64,13th Gen Intel(R) Core(TM) i9-13900H,clang-22.1.8 (https://github.com/msys2/MINGW-packages 6e4e79c2f86eeb534e324e583f2057dc9fd5ecab),AES-128,aes-hw,xts,1048576,11,849400,1048576,0.810050964,1.234490228,2.426364899,ok
Windows-x86_64,13th Gen Intel(R) Core(TM) i9-13900H,clang-22.1.8 (https://github.com/msys2/MINGW-packages 6e4e79c2f86eeb534e324e583f2057dc9fd5ecab),AES-128,aes-hw,xts,1048576,12,852200,1048576,0.812721252,1.230434170,2.434337616,ok
Windows-x86_64,13th Gen Intel(R) Core(TM) i9-13900H,clang-22.1.8 (https://github.com/msys2/MINGW-packages 6e4e79c2f86eeb534e324e583f2057dc9fd5ecab),AES-128,aes-hw,xts,1048576,13,846600,1048576,0.807380676,1.238573116,2.418310165,ok
Windows-x86_64,13th Gen Intel(R) Core(TM) i9-13900H,clang-22.1.8 (https://github.com/msys2/MINGW-packages 6e4e79c2f86eeb534e324e583f2057dc9fd5ecab),AES-128,aes-hw,xts,1048576,14,849900,1048576,0.810527802,1.233763972,2.427644730,ok
Windows-x86_64,13th Gen Intel(R) Core(TM) i9-13900H,clang-22.1.8 (https://github.com/msys2/MINGW-packages 6e4e79c2f86eeb534e324e583f2057dc9fd5ecab),AES-128,aes-hw,xts,1048576,15,850600,1048576,0.811195374,1.232748648,2.429986954,ok
Windows-x86_64,13th Gen Intel(R) Core(TM) i9-13900H,clang-22.1.8 (https://github.com/msys2/MINGW-packages 6e4e79c2f86eeb534e324e583f2057dc9fd5ecab),AES-128,aes-hw,xts-dec,64,1,259000,262144,0.988006592,1.012138996,2.975547791,ok
Windows-x86_64,13th Gen Intel(R) Core(TM) i9-13900H,clang-22.1.8 (https://github.com/msys2/MINGW-packages 6e4e79c2f86eeb534e324e583f2057dc9fd5ecab),AES-128,aes-hw,xts-dec,64,2,262400,262144,1.000976562,0.999024390,2.999206543,ok
Windows-x86_64,13th Gen Intel(R) Core(TM) i9-13900H,clang-22.1.8 (https://github.com/msys2/MINGW-packages 6e4e79c2f86eeb534e324e583f2057dc9fd5ecab),AES-128,aes-hw,xts-dec,64,3,259000,262144,0.988006592,1.012138996,2.960578918,ok
Windows-x86_64,13th Gen Intel(R) Core(TM) i9-13900H,clang-22.1.8 (https://github.com/msys2/MINGW-packages 6e4e79c2f86eeb534e324e583f2057dc9fd5ecab),AES-128,aes-hw,xts-dec,64,4,259000,262144,0.988006592,1.012138996,2.960342407,ok
Windows-x86_64,13th Gen Intel(R) Core(TM) i9-13900H,clang-22.1.8 (https://github.com/msys2/MINGW-packages 6e4e79c2f86eeb534e324e583f2057dc9fd5ecab),AES-128,aes-hw,xts-dec,64,5,259000,262144,0.988006592,1.012138996,2.960578918,ok
Windows-x86_64,13th Gen Intel(R) Core(TM) i9-13900H,clang-22.1.8 (https://github.com/msys2/MINGW-packages 6e4e79c2f86eeb534e324e583f2057dc9fd5ecab),AES-128,aes-hw,xts-dec,64,6,259100,262144,0.988388062,1.011748360,2.960472107,ok
Windows-x86_64,13th Gen Intel(R) Core(TM) i9-13900H,clang-22.1.8 (https://github.com/msys2/MINGW-packages 6e4e79c2f86eeb534e324e583f2057dc9fd5ecab),AES-128,aes-hw,xts-dec,64,7,259000,262144,0.988006592,1.012138996,2.960739136,ok
Windows-x86_64,13th Gen Intel(R) Core(TM) i9-13900H,clang-22.1.8 (https://github.com/msys2/MINGW-packages 6e4e79c2f86eeb534e324e583f2057dc9fd5ecab),AES-128,aes-hw,xts-dec,64,8,259100,262144,0.988388062,1.011748360,2.960792542,ok
Windows-x86_64,13th Gen Intel(R) Core(TM) i9-13900H,clang-22.1.8 (https://github.com/msys2/MINGW-packages 6e4e79c2f86eeb534e324e583f2057dc9fd5ecab),AES-128,aes-hw,xts-dec,64,9,272900,262144,1.041030884,0.960586295,3.117980957,ok
Windows-x86_64,13th Gen Intel(R) Core(TM) i9-13900H,clang-22.1.8 (https://github.com/msys2/MINGW-packages 6e4e79c2f86eeb534e324e583f2057dc9fd5ecab),AES-128,aes-hw,xts-dec,64,10,272000,262144,1.037597656,0.963764706,3.108810425,ok
Windows-x86_64,13th Gen Intel(R) Core(TM) i9-13900H,clang-22.1.8 (https://github.com/msys2/MINGW-packages 6e4e79c2f86eeb534e324e583f2057dc9fd5ecab),AES-128,aes-hw,xts-dec,64,11,272200,262144,1.038360596,0.963056576,3.110626221,ok
Windows-x86_64,13th Gen Intel(R) Core(TM) i9-13900H,clang-22.1.8 (https://github.com/msys2/MINGW-packages 6e4e79c2f86eeb534e324e583f2057dc9fd5ecab),AES-128,aes-hw,xts-dec,64,12,271700,262144,1.036453247,0.964828855,3.106002808,ok
Windows-x86_64,13th Gen Intel(R) Core(TM) i9-13900H,clang-22.1.8 (https://github.com/msys2/MINGW-packages 6e4e79c2f86eeb534e324e583f2057dc9fd5ecab),AES-128,aes-hw,xts-dec,64,13,272100,262144,1.037979126,0.963410511,3.108886719,ok
Windows-x86_64,13th Gen Intel(R) Core(TM) i9-13900H,clang-22.1.8 (https://github.com/msys2/MINGW-packages 6e4e79c2f86eeb534e324e583f2057dc9fd5ecab),AES-128,aes-hw,xts-dec,64,14,271000,262144,1.033782959,0.967321033,3.097106934,ok
Windows-x86_64,13th Gen Intel(R) Core(TM) i9-13900H,clang-22.1.8 (https://github.com/msys2/MINGW-packages 6e4e79c2f86eeb534e324e583f2057dc9fd5ecab),AES-128,aes-hw,xts-dec,64,15,272000,262144,1.037597656,0.963764706,3.108764648,ok
Windows-x86_64,13th Gen Intel(R) Core(TM) i9-13900H,clang-22.1.8 (https://github.com/msys2/MINGW-packages 6e4e79c2f86eeb534e324e583f2057dc9fd5ecab),AES-128,aes-hw,xts-dec,512,1,217100,262144,0.828170776,1.207480424,2.482124329,ok
Windows-x86_64,13th Gen Intel(R) Core(TM) i9-13900H,clang-22.1.8 (https://github.com/msys2/MINGW-packages 6e4e79c2f86eeb534e324e583f2057dc9fd5ecab),AES-128,aes-hw,xts-dec,512,2,216900,262144,0.827407837,1.208593822,2.479408264,ok
Windows-x86_64,13th Gen Intel(R) Core(TM) i9-13900H,clang-22.1.8 (https://github.com/msys2/MINGW-packages 6e4e79c2f86eeb534e324e583f2057dc9fd5ecab),AES-128,aes-hw,xts-dec,512,3,222700,262144,0.849533081,1.177117198,2.544715881,ok
Windows-x86_64,13th Gen Intel(R) Core(TM) i9-13900H,clang-22.1.8 (https://github.com/msys2/MINGW-packages 6e4e79c2f86eeb534e324e583f2057dc9fd5ecab),AES-128,aes-hw,xts-dec,512,4,223100,262144,0.851058960,1.175006723,2.549476624,ok
Windows-x86_64,13th Gen Intel(R) Core(TM) i9-13900H,clang-22.1.8 (https://github.com/msys2/MINGW-packages 6e4e79c2f86eeb534e324e583f2057dc9fd5ecab),AES-128,aes-hw,xts-dec,512,5,222700,262144,0.849533081,1.177117198,2.544700623,ok
Windows-x86_64,13th Gen Intel(R) Core(TM) i9-13900H,clang-22.1.8 (https://github.com/msys2/MINGW-packages 6e4e79c2f86eeb534e324e583f2057dc9fd5ecab),AES-128,aes-hw,xts-dec,512,6,223500,262144,0.852584839,1.172903803,2.555229187,ok
Windows-x86_64,13th Gen Intel(R) Core(TM) i9-13900H,clang-22.1.8 (https://github.com/msys2/MINGW-packages 6e4e79c2f86eeb534e324e583f2057dc9fd5ecab),AES-128,aes-hw,xts-dec,512,7,220300,262144,0.840377808,1.189940990,2.517784119,ok
Windows-x86_64,13th Gen Intel(R) Core(TM) i9-13900H,clang-22.1.8 (https://github.com/msys2/MINGW-packages 6e4e79c2f86eeb534e324e583f2057dc9fd5ecab),AES-128,aes-hw,xts-dec,512,8,218000,262144,0.831604004,1.202495413,2.491958618,ok
Windows-x86_64,13th Gen Intel(R) Core(TM) i9-13900H,clang-22.1.8 (https://github.com/msys2/MINGW-packages 6e4e79c2f86eeb534e324e583f2057dc9fd5ecab),AES-128,aes-hw,xts-dec,512,9,218600,262144,0.833892822,1.199194876,2.498336792,ok
Windows-x86_64,13th Gen Intel(R) Core(TM) i9-13900H,clang-22.1.8 (https://github.com/msys2/MINGW-packages 6e4e79c2f86eeb534e324e583f2057dc9fd5ecab),AES-128,aes-hw,xts-dec,512,10,218200,262144,0.832366943,1.201393217,2.494140625,ok
Windows-x86_64,13th Gen Intel(R) Core(TM) i9-13900H,clang-22.1.8 (https://github.com/msys2/MINGW-packages 6e4e79c2f86eeb534e324e583f2057dc9fd5ecab),AES-128,aes-hw,xts-dec,512,11,217900,262144,0.831222534,1.203047269,2.490638733,ok
Windows-x86_64,13th Gen Intel(R) Core(TM) i9-13900H,clang-22.1.8 (https://github.com/msys2/MINGW-packages 6e4e79c2f86eeb534e324e583f2057dc9fd5ecab),AES-128,aes-hw,xts-dec,512,12,217700,262144,0.830459595,1.204152503,2.487678528,ok
Windows-x86_64,13th Gen Intel(R) Core(TM) i9-13900H,clang-22.1.8 (https://github.com/msys2/MINGW-packages 6e4e79c2f86eeb534e324e583f2057dc9fd5ecab),AES-128,aes-hw,xts-dec,512,13,217500,262144,0.829696655,1.205259770,2.485916138,ok
Windows-x86_64,13th Gen Intel(R) Core(TM) i9-13900H,clang-22.1.8 (https://github.com/msys2/MINGW-packages 6e4e79c2f86eeb534e324e583f2057dc9fd5ecab),AES-128,aes-hw,xts-dec,512,14,220700,262144,0.841903687,1.187784323,2.523155212,ok
Windows-x86_64,13th Gen Intel(R) Core(TM) i9-13900H,clang-22.1.8 (https://github.com/msys2/MINGW-packages 6e4e79c2f86eeb534e324e583f2057dc9fd5ecab),AES-128,aes-hw,xts-dec,512,15,217000,262144,0.827789307,1.208036866,2.479309082,ok
Windows-x86_64,13th Gen Intel(R) Core(TM) i9-13900H,clang-22.1.8 (https://github.com/msys2/MINGW-packages 6e4e79c2f86eeb534e324e583f2057dc9fd5ecab),AES-128,aes-hw,xts-dec,4096,1,212200,262144,0.809478760,1.235362865,2.424896240,ok
Windows-x86_64,13th Gen Intel(R) Core(TM) i9-13900H,clang-22.1.8 (https://github.com/msys2/MINGW-packages 6e4e79c2f86eeb534e324e583f2057dc9fd5ecab),AES-128,aes-hw,xts-dec,4096,2,209900,262144,0.800704956,1.248899476,2.398544312,ok
Windows-x86_64,13th Gen Intel(R) Core(TM) i9-13900H,clang-22.1.8 (https://github.com/msys2/MINGW-packages 6e4e79c2f86eeb534e324e583f2057dc9fd5ecab),AES-128,aes-hw,xts-dec,4096,3,207000,262144,0.789642334,1.266396135,2.365364075,ok
Windows-x86_64,13th Gen Intel(R) Core(TM) i9-13900H,clang-22.1.8 (https://github.com/msys2/MINGW-packages 6e4e79c2f86eeb534e324e583f2057dc9fd5ecab),AES-128,aes-hw,xts-dec,4096,4,206800,262144,0.788879395,1.267620890,2.363845825,ok
Windows-x86_64,13th Gen Intel(R) Core(TM) i9-13900H,clang-22.1.8 (https://github.com/msys2/MINGW-packages 6e4e79c2f86eeb534e324e583f2057dc9fd5ecab),AES-128,aes-hw,xts-dec,4096,5,210100,262144,0.801467896,1.247710614,2.402175903,ok
Windows-x86_64,13th Gen Intel(R) Core(TM) i9-13900H,clang-22.1.8 (https://github.com/msys2/MINGW-packages 6e4e79c2f86eeb534e324e583f2057dc9fd5ecab),AES-128,aes-hw,xts-dec,4096,6,208000,262144,0.793457031,1.260307692,2.378143311,ok
Windows-x86_64,13th Gen Intel(R) Core(TM) i9-13900H,clang-22.1.8 (https://github.com/msys2/MINGW-packages 6e4e79c2f86eeb534e324e583f2057dc9fd5ecab),AES-128,aes-hw,xts-dec,4096,7,208000,262144,0.793457031,1.260307692,2.377792358,ok
Windows-x86_64,13th Gen Intel(R) Core(TM) i9-13900H,clang-22.1.8 (https://github.com/msys2/MINGW-packages 6e4e79c2f86eeb534e324e583f2057dc9fd5ecab),AES-128,aes-hw,xts-dec,4096,8,208100,262144,0.793838501,1.259702066,2.378227234,ok
Windows-x86_64,13th Gen Intel(R) Core(TM) i9-13900H,clang-22.1.8 (https://github.com/msys2/MINGW-packages 6e4e79c2f86eeb534e324e583f2057dc9fd5ecab),AES-128,aes-hw,xts-dec,4096,9,207600,262144,0.791931152,1.262736031,2.371948242,ok
Windows-x86_64,13th Gen Intel(R) Core(TM) i9-13900H,clang-22.1.8 (https://github.com/msys2/MINGW-packages 6e4e79c2f86eeb534e324e583f2057dc9fd5ecab),AES-128,aes-hw,xts-dec,4096,10,208800,262144,0.796508789,1.255478927,2.385940552,ok
Windows-x86_64,13th Gen Intel(R) Core(TM) i9-13900H,clang-22.1.8 (https://github.com/msys2/MINGW-packages 6e4e79c2f86eeb534e324e583f2057dc9fd5ecab),AES-128,aes-hw,xts-dec,4096,11,206100,262144,0.786209106,1.271926249,2.355155945,ok
Windows-x86_64,13th Gen Intel(R) Core(TM) i9-13900H,clang-22.1.8 (https://github.com/msys2/MINGW-packages 6e4e79c2f86eeb534e324e583f2057dc9fd5ecab),AES-128,aes-hw,xts-dec,4096,12,203300,262144,0.775527954,1.289444171,2.323806763,ok
Windows-x86_64,13th Gen Intel(R) Core(TM) i9-13900H,clang-22.1.8 (https://github.com/msys2/MINGW-packages 6e4e79c2f86eeb534e324e583f2057dc9fd5ecab),AES-128,aes-hw,xts-dec,4096,13,205400,262144,0.783538818,1.276260954,2.347206116,ok
Windows-x86_64,13th Gen Intel(R) Core(TM) i9-13900H,clang-22.1.8 (https://github.com/msys2/MINGW-packages 6e4e79c2f86eeb534e324e583f2057dc9fd5ecab),AES-128,aes-hw,xts-dec,4096,14,203200,262144,0.775146484,1.290078740,2.322204590,ok
Windows-x86_64,13th Gen Intel(R) Core(TM) i9-13900H,clang-22.1.8 (https://github.com/msys2/MINGW-packages 6e4e79c2f86eeb534e324e583f2057dc9fd5ecab),AES-128,aes-hw,xts-dec,4096,15,203300,262144,0.775527954,1.289444171,2.322891235,ok
Windows-x86_64,13th Gen Intel(R) Core(TM) i9-13900H,clang-22.1.8 (https://github.com/msys2/MINGW-packages 6e4e79c2f86eeb534e324e583f2057dc9fd5ecab),AES-128,aes-hw,xts-dec,8192,1,202000,262144,0.770568848,1.297742574,2.308364868,ok
Windows-x86_64,13th Gen Intel(R) Core(TM) i9-13900H,clang-22.1.8 (https://github.com/msys2/MINGW-packages 6e4e79c2f86eeb534e324e583f2057dc9fd5ecab),AES-128,aes-hw,xts-dec,8192,2,201400,262144,0.768280029,1.301608739,2.301597595,ok
Windows-x86_64,13th Gen Intel(R) Core(TM) i9-13900H,clang-22.1.8 (https://github.com/msys2/MINGW-packages 6e4e79c2f86eeb534e324e583f2057dc9fd5ecab),AES-128,aes-hw,xts-dec,8192,3,201100,262144,0.767135620,1.303550472,2.299179077,ok
Windows-x86_64,13th Gen Intel(R) Core(TM) i9-13900H,clang-22.1.8 (https://github.com/msys2/MINGW-packages 6e4e79c2f86eeb534e324e583f2057dc9fd5ecab),AES-128,aes-hw,xts-dec,8192,4,197100,262144,0.751876831,1.330005074,2.252830505,ok
Windows-x86_64,13th Gen Intel(R) Core(TM) i9-13900H,clang-22.1.8 (https://github.com/msys2/MINGW-packages 6e4e79c2f86eeb534e324e583f2057dc9fd5ecab),AES-128,aes-hw,xts-dec,8192,5,197000,262144,0.751495361,1.330680203,2.250984192,ok
Windows-x86_64,13th Gen Intel(R) Core(TM) i9-13900H,clang-22.1.8 (https://github.com/msys2/MINGW-packages 6e4e79c2f86eeb534e324e583f2057dc9fd5ecab),AES-128,aes-hw,xts-dec,8192,6,197100,262144,0.751876831,1.330005074,2.252723694,ok
Windows-x86_64,13th Gen Intel(R) Core(TM) i9-13900H,clang-22.1.8 (https://github.com/msys2/MINGW-packages 6e4e79c2f86eeb534e324e583f2057dc9fd5ecab),AES-128,aes-hw,xts-dec,8192,7,197300,262144,0.752639771,1.328656868,2.254760742,ok
Windows-x86_64,13th Gen Intel(R) Core(TM) i9-13900H,clang-22.1.8 (https://github.com/msys2/MINGW-packages 6e4e79c2f86eeb534e324e583f2057dc9fd5ecab),AES-128,aes-hw,xts-dec,8192,8,197000,262144,0.751495361,1.330680203,2.252029419,ok
Windows-x86_64,13th Gen Intel(R) Core(TM) i9-13900H,clang-22.1.8 (https://github.com/msys2/MINGW-packages 6e4e79c2f86eeb534e324e583f2057dc9fd5ecab),AES-128,aes-hw,xts-dec,8192,9,198400,262144,0.756835938,1.321290323,2.267318726,ok
Windows-x86_64,13th Gen Intel(R) Core(TM) i9-13900H,clang-22.1.8 (https://github.com/msys2/MINGW-packages 6e4e79c2f86eeb534e324e583f2057dc9fd5ecab),AES-128,aes-hw,xts-dec,8192,10,197800,262144,0.754547119,1.325298281,2.260116577,ok
Windows-x86_64,13th Gen Intel(R) Core(TM) i9-13900H,clang-22.1.8 (https://github.com/msys2/MINGW-packages 6e4e79c2f86eeb534e324e583f2057dc9fd5ecab),AES-128,aes-hw,xts-dec,8192,11,198500,262144,0.757217407,1.320624685,2.268287659,ok
Windows-x86_64,13th Gen Intel(R) Core(TM) i9-13900H,clang-22.1.8 (https://github.com/msys2/MINGW-packages 6e4e79c2f86eeb534e324e583f2057dc9fd5ecab),AES-128,aes-hw,xts-dec,8192,12,197500,262144,0.753402710,1.327311392,2.257278442,ok
Windows-x86_64,13th Gen Intel(R) Core(TM) i9-13900H,clang-22.1.8 (https://github.com/msys2/MINGW-packages 6e4e79c2f86eeb534e324e583f2057dc9fd5ecab),AES-128,aes-hw,xts-dec,8192,13,200600,262144,0.765228271,1.306799601,2.291931152,ok
Windows-x86_64,13th Gen Intel(R) Core(TM) i9-13900H,clang-22.1.8 (https://github.com/msys2/MINGW-packages 6e4e79c2f86eeb534e324e583f2057dc9fd5ecab),AES-128,aes-hw,xts-dec,8192,14,197100,262144,0.751876831,1.330005074,2.252044678,ok
Windows-x86_64,13th Gen Intel(R) Core(TM) i9-13900H,clang-22.1.8 (https://github.com/msys2/MINGW-packages 6e4e79c2f86eeb534e324e583f2057dc9fd5ecab),AES-128,aes-hw,xts-dec,8192,15,197000,262144,0.751495361,1.330680203,2.251701355,ok
Windows-x86_64,13th Gen Intel(R) Core(TM) i9-13900H,clang-22.1.8 (https://github.com/msys2/MINGW-packages 6e4e79c2f86eeb534e324e583f2057dc9fd5ecab),AES-128,aes-hw,xts-dec,65536,1,205300,262144,0.783157349,1.276882611,2.346641541,ok
Windows-x86_64,13th Gen Intel(R) Core(TM) i9-13900H,clang-22.1.8 (https://github.com/msys2/MINGW-packages 6e4e79c2f86eeb534e324e583f2057dc9fd5ecab),AES-128,aes-hw,xts-dec,65536,2,205100,262144,0.782394409,1.278127743,2.343856812,ok
Windows-x86_64,13th Gen Intel(R) Core(TM) i9-13900H,clang-22.1.8 (https://github.com/msys2/MINGW-packages 6e4e79c2f86eeb534e324e583f2057dc9fd5ecab),AES-128,aes-hw,xts-dec,65536,3,207000,262144,0.789642334,1.266396135,2.365570068,ok
Windows-x86_64,13th Gen Intel(R) Core(TM) i9-13900H,clang-22.1.8 (https://github.com/msys2/MINGW-packages 6e4e79c2f86eeb534e324e583f2057dc9fd5ecab),AES-128,aes-hw,xts-dec,65536,4,204600,262144,0.780487061,1.281251222,2.337928772,ok
Windows-x86_64,13th Gen Intel(R) Core(TM) i9-13900H,clang-22.1.8 (https://github.com/msys2/MINGW-packages 6e4e79c2f86eeb534e324e583f2057dc9fd5ecab),AES-128,aes-hw,xts-dec,65536,5,204700,262144,0.780868530,1.280625305,2.338539124,ok
Windows-x86_64,13th Gen Intel(R) Core(TM) i9-13900H,clang-22.1.8 (https://github.com/msys2/MINGW-packages 6e4e79c2f86eeb534e324e583f2057dc9fd5ecab),AES-128,aes-hw,xts-dec,65536,6,204700,262144,0.780868530,1.280625305,2.338783264,ok
Windows-x86_64,13th Gen Intel(R) Core(TM) i9-13900H,clang-22.1.8 (https://github.com/msys2/MINGW-packages 6e4e79c2f86eeb534e324e583f2057dc9fd5ecab),AES-128,aes-hw,xts-dec,65536,7,204900,262144,0.781631470,1.279375305,2.341316223,ok
Windows-x86_64,13th Gen Intel(R) Core(TM) i9-13900H,clang-22.1.8 (https://github.com/msys2/MINGW-packages 6e4e79c2f86eeb534e324e583f2057dc9fd5ecab),AES-128,aes-hw,xts-dec,65536,8,204700,262144,0.780868530,1.280625305,2.338706970,ok
Windows-x86_64,13th Gen Intel(R) Core(TM) i9-13900H,clang-22.1.8 (https://github.com/msys2/MINGW-packages 6e4e79c2f86eeb534e324e583f2057dc9fd5ecab),AES-128,aes-hw,xts-dec,65536,9,204900,262144,0.781631470,1.279375305,2.342521667,ok
Windows-x86_64,13th Gen Intel(R) Core(TM) i9-13900H,clang-22.1.8 (https://github.com/msys2/MINGW-packages 6e4e79c2f86eeb534e324e583f2057dc9fd5ecab),AES-128,aes-hw,xts-dec,65536,10,204600,262144,0.780487061,1.281251222,2.338188171,ok
Windows-x86_64,13th Gen Intel(R) Core(TM) i9-13900H,clang-22.1.8 (https://github.com/msys2/MINGW-packages 6e4e79c2f86eeb534e324e583f2057dc9fd5ecab),AES-128,aes-hw,xts-dec,65536,11,205900,262144,0.785446167,1.273161729,2.353439331,ok
Windows-x86_64,13th Gen Intel(R) Core(TM) i9-13900H,clang-22.1.8 (https://github.com/msys2/MINGW-packages 6e4e79c2f86eeb534e324e583f2057dc9fd5ecab),AES-128,aes-hw,xts-dec,65536,12,208800,262144,0.796508789,1.255478927,2.385848999,ok
Windows-x86_64,13th Gen Intel(R) Core(TM) i9-13900H,clang-22.1.8 (https://github.com/msys2/MINGW-packages 6e4e79c2f86eeb534e324e583f2057dc9fd5ecab),AES-128,aes-hw,xts-dec,65536,13,204900,262144,0.781631470,1.279375305,2.341392517,ok
Windows-x86_64,13th Gen Intel(R) Core(TM) i9-13900H,clang-22.1.8 (https://github.com/msys2/MINGW-packages 6e4e79c2f86eeb534e324e583f2057dc9fd5ecab),AES-128,aes-hw,xts-dec,65536,14,205500,262144,0.783920288,1.275639903,2.348655701,ok
Windows-x86_64,13th Gen Intel(R) Core(TM) i9-13900H,clang-22.1.8 (https://github.com/msys2/MINGW-packages 6e4e79c2f86eeb534e324e583f2057dc9fd5ecab),AES-128,aes-hw,xts-dec,65536,15,204700,262144,0.780868530,1.280625305,2.339645386,ok
Windows-x86_64,13th Gen Intel(R) Core(TM) i9-13900H,clang-22.1.8 (https://github.com/msys2/MINGW-packages 6e4e79c2f86eeb534e324e583f2057dc9fd5ecab),AES-128,aes-hw,xts-dec,1048576,1,847500,1048576,0.808238983,1.237257817,2.421850204,ok
Windows-x86_64,13th Gen Intel(R) Core(TM) i9-13900H,clang-22.1.8 (https://github.com/msys2/MINGW-packages 6e4e79c2f86eeb534e324e583f2057dc9fd5ecab),AES-128,aes-hw,xts-dec,1048576,2,848300,1048576,0.809001923,1.236091006,2.423398972,ok
Windows-x86_64,13th Gen Intel(R) Core(TM) i9-13900H,clang-22.1.8 (https://github.com/msys2/MINGW-packages 6e4e79c2f86eeb534e324e583f2057dc9fd5ecab),AES-128,aes-hw,xts-dec,1048576,3,855900,1048576,0.816249847,1.225115084,2.444950104,ok
Windows-x86_64,13th Gen Intel(R) Core(TM) i9-13900H,clang-22.1.8 (https://github.com/msys2/MINGW-packages 6e4e79c2f86eeb534e324e583f2057dc9fd5ecab),AES-128,aes-hw,xts-dec,1048576,4,849300,1048576,0.809955597,1.234635582,2.426036835,ok
Windows-x86_64,13th Gen Intel(R) Core(TM) i9-13900H,clang-22.1.8 (https://github.com/msys2/MINGW-packages 6e4e79c2f86eeb534e324e583f2057dc9fd5ecab),AES-128,aes-hw,xts-dec,1048576,5,853100,1048576,0.813579559,1.229136092,2.437072754,ok
Windows-x86_64,13th Gen Intel(R) Core(TM) i9-13900H,clang-22.1.8 (https://github.com/msys2/MINGW-packages 6e4e79c2f86eeb534e324e583f2057dc9fd5ecab),AES-128,aes-hw,xts-dec,1048576,6,842600,1048576,0.803565979,1.244452884,2.406862259,ok
Windows-x86_64,13th Gen Intel(R) Core(TM) i9-13900H,clang-22.1.8 (https://github.com/msys2/MINGW-packages 6e4e79c2f86eeb534e324e583f2057dc9fd5ecab),AES-128,aes-hw,xts-dec,1048576,7,834200,1048576,0.795555115,1.256983937,2.383178711,ok
Windows-x86_64,13th Gen Intel(R) Core(TM) i9-13900H,clang-22.1.8 (https://github.com/msys2/MINGW-packages 6e4e79c2f86eeb534e324e583f2057dc9fd5ecab),AES-128,aes-hw,xts-dec,1048576,8,830200,1048576,0.791740417,1.263040231,2.371522903,ok
Windows-x86_64,13th Gen Intel(R) Core(TM) i9-13900H,clang-22.1.8 (https://github.com/msys2/MINGW-packages 6e4e79c2f86eeb534e324e583f2057dc9fd5ecab),AES-128,aes-hw,xts-dec,1048576,9,833500,1048576,0.794887543,1.258039592,2.381111145,ok
Windows-x86_64,13th Gen Intel(R) Core(TM) i9-13900H,clang-22.1.8 (https://github.com/msys2/MINGW-packages 6e4e79c2f86eeb534e324e583f2057dc9fd5ecab),AES-128,aes-hw,xts-dec,1048576,10,826800,1048576,0.788497925,1.268234156,2.361976624,ok
Windows-x86_64,13th Gen Intel(R) Core(TM) i9-13900H,clang-22.1.8 (https://github.com/msys2/MINGW-packages 6e4e79c2f86eeb534e324e583f2057dc9fd5ecab),AES-128,aes-hw,xts-dec,1048576,11,833000,1048576,0.794410706,1.258794718,2.379699707,ok
Windows-x86_64,13th Gen Intel(R) Core(TM) i9-13900H,clang-22.1.8 (https://github.com/msys2/MINGW-packages 6e4e79c2f86eeb534e324e583f2057dc9fd5ecab),AES-128,aes-hw,xts-dec,1048576,12,828100,1048576,0.789737701,1.266243207,2.365438461,ok
Windows-x86_64,13th Gen Intel(R) Core(TM) i9-13900H,clang-22.1.8 (https://github.com/msys2/MINGW-packages 6e4e79c2f86eeb534e324e583f2057dc9fd5ecab),AES-128,aes-hw,xts-dec,1048576,13,828400,1048576,0.790023804,1.265784645,2.366373062,ok
Windows-x86_64,13th Gen Intel(R) Core(TM) i9-13900H,clang-22.1.8 (https://github.com/msys2/MINGW-packages 6e4e79c2f86eeb534e324e583f2057dc9fd5ecab),AES-128,aes-hw,xts-dec,1048576,14,882200,1048576,0.841331482,1.188592156,2.520013809,ok
Windows-x86_64,13th Gen Intel(R) Core(TM) i9-13900H,clang-22.1.8 (https://github.com/msys2/MINGW-packages 6e4e79c2f86eeb534e324e583f2057dc9fd5ecab),AES-128,aes-hw,xts-dec,1048576,15,840300,1048576,0.801372528,1.247859098,2.400562286,ok
Windows-x86_64,13th Gen Intel(R) Core(TM) i9-13900H,clang-22.1.8 (https://github.com/msys2/MINGW-packages 6e4e79c2f86eeb534e324e583f2057dc9fd5ecab),SM4-128,ref,xts-ieee,64,1,4083900,262144,15.578842163,0.064189623,46.664482117,ok
Windows-x86_64,13th Gen Intel(R) Core(TM) i9-13900H,clang-22.1.8 (https://github.com/msys2/MINGW-packages 6e4e79c2f86eeb534e324e583f2057dc9fd5ecab),SM4-128,ref,xts-ieee,64,2,4119700,262144,15.715408325,0.063631818,47.071250916,ok
Windows-x86_64,13th Gen Intel(R) Core(TM) i9-13900H,clang-22.1.8 (https://github.com/msys2/MINGW-packages 6e4e79c2f86eeb534e324e583f2057dc9fd5ecab),SM4-128,ref,xts-ieee,64,3,4144300,262144,15.809249878,0.063254108,47.352455139,ok
Windows-x86_64,13th Gen Intel(R) Core(TM) i9-13900H,clang-22.1.8 (https://github.com/msys2/MINGW-packages 6e4e79c2f86eeb534e324e583f2057dc9fd5ecab),SM4-128,ref,xts-ieee,64,4,4110600,262144,15.680694580,0.063772685,46.966499329,ok
Windows-x86_64,13th Gen Intel(R) Core(TM) i9-13900H,clang-22.1.8 (https://github.com/msys2/MINGW-packages 6e4e79c2f86eeb534e324e583f2057dc9fd5ecab),SM4-128,ref,xts-ieee,64,5,4224700,262144,16.115951538,0.062050323,48.270851135,ok
Windows-x86_64,13th Gen Intel(R) Core(TM) i9-13900H,clang-22.1.8 (https://github.com/msys2/MINGW-packages 6e4e79c2f86eeb534e324e583f2057dc9fd5ecab),SM4-128,ref,xts-ieee,64,6,3992300,262144,15.229415894,0.065662400,45.617004395,ok
Windows-x86_64,13th Gen Intel(R) Core(TM) i9-13900H,clang-22.1.8 (https://github.com/msys2/MINGW-packages 6e4e79c2f86eeb534e324e583f2057dc9fd5ecab),SM4-128,ref,xts-ieee,64,7,3973800,262144,15.158843994,0.065968091,45.404876709,ok
Windows-x86_64,13th Gen Intel(R) Core(TM) i9-13900H,clang-22.1.8 (https://github.com/msys2/MINGW-packages 6e4e79c2f86eeb534e324e583f2057dc9fd5ecab),SM4-128,ref,xts-ieee,64,8,4131900,262144,15.761947632,0.063443936,47.210304260,ok
Windows-x86_64,13th Gen Intel(R) Core(TM) i9-13900H,clang-22.1.8 (https://github.com/msys2/MINGW-packages 6e4e79c2f86eeb534e324e583f2057dc9fd5ecab),SM4-128,ref,xts-ieee,64,9,4080600,262144,15.566253662,0.064241533,46.624374390,ok
Windows-x86_64,13th Gen Intel(R) Core(TM) i9-13900H,clang-22.1.8 (https://github.com/msys2/MINGW-packages 6e4e79c2f86eeb534e324e583f2057dc9fd5ecab),SM4-128,ref,xts-ieee,64,10,3999000,262144,15.254974365,0.065552388,45.692840576,ok
Windows-x86_64,13th Gen Intel(R) Core(TM) i9-13900H,clang-22.1.8 (https://github.com/msys2/MINGW-packages 6e4e79c2f86eeb534e324e583f2057dc9fd5ecab),SM4-128,ref,xts-ieee,64,11,4000400,262144,15.260314941,0.065529447,45.708541870,ok
Windows-x86_64,13th Gen Intel(R) Core(TM) i9-13900H,clang-22.1.8 (https://github.com/msys2/MINGW-packages 6e4e79c2f86eeb534e324e583f2057dc9fd5ecab),SM4-128,ref,xts-ieee,64,12,4177100,262144,15.934371948,0.062757415,47.728172302,ok
Windows-x86_64,13th Gen Intel(R) Core(TM) i9-13900H,clang-22.1.8 (https://github.com/msys2/MINGW-packages 6e4e79c2f86eeb534e324e583f2057dc9fd5ecab),SM4-128,ref,xts-ieee,64,13,4167200,262144,15.896606445,0.062906508,47.614456177,ok
Windows-x86_64,13th Gen Intel(R) Core(TM) i9-13900H,clang-22.1.8 (https://github.com/msys2/MINGW-packages 6e4e79c2f86eeb534e324e583f2057dc9fd5ecab),SM4-128,ref,xts-ieee,64,14,4108800,262144,15.673828125,0.063800623,46.947586060,ok
Windows-x86_64,13th Gen Intel(R) Core(TM) i9-13900H,clang-22.1.8 (https://github.com/msys2/MINGW-packages 6e4e79c2f86eeb534e324e583f2057dc9fd5ecab),SM4-128,ref,xts-ieee,64,15,4111500,262144,15.684127808,0.063758726,46.978370667,ok
Windows-x86_64,13th Gen Intel(R) Core(TM) i9-13900H,clang-22.1.8 (https://github.com/msys2/MINGW-packages 6e4e79c2f86eeb534e324e583f2057dc9fd5ecab),SM4-128,ref,xts-ieee,512,1,3420800,262144,13.049316406,0.076632367,39.092285156,ok
Windows-x86_64,13th Gen Intel(R) Core(TM) i9-13900H,clang-22.1.8 (https://github.com/msys2/MINGW-packages 6e4e79c2f86eeb534e324e583f2057dc9fd5ecab),SM4-128,ref,xts-ieee,512,2,3536900,262144,13.492202759,0.074116882,40.413284302,ok
Windows-x86_64,13th Gen Intel(R) Core(TM) i9-13900H,clang-22.1.8 (https://github.com/msys2/MINGW-packages 6e4e79c2f86eeb534e324e583f2057dc9fd5ecab),SM4-128,ref,xts-ieee,512,3,3367300,262144,12.845230103,0.077849909,38.474922180,ok
Windows-x86_64,13th Gen Intel(R) Core(TM) i9-13900H,clang-22.1.8 (https://github.com/msys2/MINGW-packages 6e4e79c2f86eeb534e324e583f2057dc9fd5ecab),SM4-128,ref,xts-ieee,512,4,3361700,262144,12.823867798,0.077979594,38.410614014,ok
Windows-x86_64,13th Gen Intel(R) Core(TM) i9-13900H,clang-22.1.8 (https://github.com/msys2/MINGW-packages 6e4e79c2f86eeb534e324e583f2057dc9fd5ecab),SM4-128,ref,xts-ieee,512,5,3330600,262144,12.705230713,0.078707740,38.055290222,ok
Windows-x86_64,13th Gen Intel(R) Core(TM) i9-13900H,clang-22.1.8 (https://github.com/msys2/MINGW-packages 6e4e79c2f86eeb534e324e583f2057dc9fd5ecab),SM4-128,ref,xts-ieee,512,6,3332800,262144,12.713623047,0.078655785,38.080963135,ok
Windows-x86_64,13th Gen Intel(R) Core(TM) i9-13900H,clang-22.1.8 (https://github.com/msys2/MINGW-packages 6e4e79c2f86eeb534e324e583f2057dc9fd5ecab),SM4-128,ref,xts-ieee,512,7,3426900,262144,13.072586060,0.076495958,39.155654907,ok
Windows-x86_64,13th Gen Intel(R) Core(TM) i9-13900H,clang-22.1.8 (https://github.com/msys2/MINGW-packages 6e4e79c2f86eeb534e324e583f2057dc9fd5ecab),SM4-128,ref,xts-ieee,512,8,3409300,262144,13.005447388,0.076890857,38.954383850,ok
Windows-x86_64,13th Gen Intel(R) Core(TM) i9-13900H,clang-22.1.8 (https://github.com/msys2/MINGW-packages 6e4e79c2f86eeb534e324e583f2057dc9fd5ecab),SM4-128,ref,xts-ieee,512,9,3362300,262144,12.826156616,0.077965678,38.417350769,ok
Windows-x86_64,13th Gen Intel(R) Core(TM) i9-13900H,clang-22.1.8 (https://github.com/msys2/MINGW-packages 6e4e79c2f86eeb534e324e583f2057dc9fd5ecab),SM4-128,ref,xts-ieee,512,10,3438100,262144,13.115310669,0.076246764,39.283302307,ok
Windows-x86_64,13th Gen Intel(R) Core(TM) i9-13900H,clang-22.1.8 (https://github.com/msys2/MINGW-packages 6e4e79c2f86eeb534e324e583f2057dc9fd5ecab),SM4-128,ref,xts-ieee,512,11,3422300,262144,13.055038452,0.076598779,39.102348328,ok
Windows-x86_64,13th Gen Intel(R) Core(TM) i9-13900H,clang-22.1.8 (https://github.com/msys2/MINGW-packages 6e4e79c2f86eeb534e324e583f2057dc9fd5ecab),SM4-128,ref,xts-ieee,512,12,3369200,262144,12.852478027,0.077806007,38.496337891,ok
Windows-x86_64,13th Gen Intel(R) Core(TM) i9-13900H,clang-22.1.8 (https://github.com/msys2/MINGW-packages 6e4e79c2f86eeb534e324e583f2057dc9fd5ecab),SM4-128,ref,xts-ieee,512,13,3478100,262144,13.267898560,0.075369886,39.741111755,ok
Windows-x86_64,13th Gen Intel(R) Core(TM) i9-13900H,clang-22.1.8 (https://github.com/msys2/MINGW-packages 6e4e79c2f86eeb534e324e583f2057dc9fd5ecab),SM4-128,ref,xts-ieee,512,14,3321500,262144,12.670516968,0.078923378,37.951683044,ok
Windows-x86_64,13th Gen Intel(R) Core(TM) i9-13900H,clang-22.1.8 (https://github.com/msys2/MINGW-packages 6e4e79c2f86eeb534e324e583f2057dc9fd5ecab),SM4-128,ref,xts-ieee,512,15,3348600,262144,12.773895264,0.078284656,38.260665894,ok
Windows-x86_64,13th Gen Intel(R) Core(TM) i9-13900H,clang-22.1.8 (https://github.com/msys2/MINGW-packages 6e4e79c2f86eeb534e324e583f2057dc9fd5ecab),SM4-128,ref,xts-ieee,4096,1,3257900,262144,12.427902222,0.080464103,37.225181580,ok
Windows-x86_64,13th Gen Intel(R) Core(TM) i9-13900H,clang-22.1.8 (https://github.com/msys2/MINGW-packages 6e4e79c2f86eeb534e324e583f2057dc9fd5ecab),SM4-128,ref,xts-ieee,4096,2,3267600,262144,12.464904785,0.080225242,37.335556030,ok
Windows-x86_64,13th Gen Intel(R) Core(TM) i9-13900H,clang-22.1.8 (https://github.com/msys2/MINGW-packages 6e4e79c2f86eeb534e324e583f2057dc9fd5ecab),SM4-128,ref,xts-ieee,4096,3,3266800,262144,12.461853027,0.080244888,37.326019287,ok
Windows-x86_64,13th Gen Intel(R) Core(TM) i9-13900H,clang-22.1.8 (https://github.com/msys2/MINGW-packages 6e4e79c2f86eeb534e324e583f2057dc9fd5ecab),SM4-128,ref,xts-ieee,4096,4,3321000,262144,12.668609619,0.078935260,37.945526123,ok
Windows-x86_64,13th Gen Intel(R) Core(TM) i9-13900H,clang-22.1.8 (https://github.com/msys2/MINGW-packages 6e4e79c2f86eeb534e324e583f2057dc9fd5ecab),SM4-128,ref,xts-ieee,4096,5,3291100,262144,12.554550171,0.079652396,37.604354858,ok
Windows-x86_64,13th Gen Intel(R) Core(TM) i9-13900H,clang-22.1.8 (https://github.com/msys2/MINGW-packages 6e4e79c2f86eeb534e324e583f2057dc9fd5ecab),SM4-128,ref,xts-ieee,4096,6,3273600,262144,12.487792969,0.080078201,37.404632568,ok
Windows-x86_64,13th Gen Intel(R) Core(TM) i9-13900H,clang-22.1.8 (https://github.com/msys2/MINGW-packages 6e4e79c2f86eeb534e324e583f2057dc9fd5ecab),SM4-128,ref,xts-ieee,4096,7,3312900,262144,12.637710571,0.079128256,37.852146149,ok
Windows-x86_64,13th Gen Intel(R) Core(TM) i9-13900H,clang-22.1.8 (https://github.com/msys2/MINGW-packages 6e4e79c2f86eeb534e324e583f2057dc9fd5ecab),SM4-128,ref,xts-ieee,4096,8,3286500,262144,12.537002563,0.079763883,37.551403046,ok
Windows-x86_64,13th Gen Intel(R) Core(TM) i9-13900H,clang-22.1.8 (https://github.com/msys2/MINGW-packages 6e4e79c2f86eeb534e324e583f2057dc9fd5ecab),SM4-128,ref,xts-ieee,4096,9,3196300,262144,12.192916870,0.082014830,36.521270752,ok
Windows-x86_64,13th Gen Intel(R) Core(TM) i9-13900H,clang-22.1.8 (https://github.com/msys2/MINGW-packages 6e4e79c2f86eeb534e324e583f2057dc9fd5ecab),SM4-128,ref,xts-ieee,4096,10,3195200,262144,12.188720703,0.082043065,36.508796692,ok
Windows-x86_64,13th Gen Intel(R) Core(TM) i9-13900H,clang-22.1.8 (https://github.com/msys2/MINGW-packages 6e4e79c2f86eeb534e324e583f2057dc9fd5ecab),SM4-128,ref,xts-ieee,4096,11,3196000,262144,12.191772461,0.082022528,36.517402649,ok
Windows-x86_64,13th Gen Intel(R) Core(TM) i9-13900H,clang-22.1.8 (https://github.com/msys2/MINGW-packages 6e4e79c2f86eeb534e324e583f2057dc9fd5ecab),SM4-128,ref,xts-ieee,4096,12,3259000,262144,12.432098389,0.080436944,37.237373352,ok
Windows-x86_64,13th Gen Intel(R) Core(TM) i9-13900H,clang-22.1.8 (https://github.com/msys2/MINGW-packages 6e4e79c2f86eeb534e324e583f2057dc9fd5ecab),SM4-128,ref,xts-ieee,4096,13,3285000,262144,12.531280518,0.079800304,37.534446716,ok
Windows-x86_64,13th Gen Intel(R) Core(TM) i9-13900H,clang-22.1.8 (https://github.com/msys2/MINGW-packages 6e4e79c2f86eeb534e324e583f2057dc9fd5ecab),SM4-128,ref,xts-ieee,4096,14,3323900,262144,12.679672241,0.078866392,37.978736877,ok
Windows-x86_64,13th Gen Intel(R) Core(TM) i9-13900H,clang-22.1.8 (https://github.com/msys2/MINGW-packages 6e4e79c2f86eeb534e324e583f2057dc9fd5ecab),SM4-128,ref,xts-ieee,4096,15,3265200,262144,12.455749512,0.080284209,37.308448792,ok
Windows-x86_64,13th Gen Intel(R) Core(TM) i9-13900H,clang-22.1.8 (https://github.com/msys2/MINGW-packages 6e4e79c2f86eeb534e324e583f2057dc9fd5ecab),SM4-128,ref,xts-ieee,8192,1,3259300,262144,12.433242798,0.080429540,37.255943298,ok
Windows-x86_64,13th Gen Intel(R) Core(TM) i9-13900H,clang-22.1.8 (https://github.com/msys2/MINGW-packages 6e4e79c2f86eeb534e324e583f2057dc9fd5ecab),SM4-128,ref,xts-ieee,8192,2,3329900,262144,12.702560425,0.078724286,38.048332214,ok
Windows-x86_64,13th Gen Intel(R) Core(TM) i9-13900H,clang-22.1.8 (https://github.com/msys2/MINGW-packages 6e4e79c2f86eeb534e324e583f2057dc9fd5ecab),SM4-128,ref,xts-ieee,8192,3,3427300,262144,13.074111938,0.076487031,39.159919739,ok
Windows-x86_64,13th Gen Intel(R) Core(TM) i9-13900H,clang-22.1.8 (https://github.com/msys2/MINGW-packages 6e4e79c2f86eeb534e324e583f2057dc9fd5ecab),SM4-128,ref,xts-ieee,8192,4,3309800,262144,12.625885010,0.079202369,37.818397522,ok
Windows-x86_64,13th Gen Intel(R) Core(TM) i9-13900H,clang-22.1.8 (https://github.com/msys2/MINGW-packages 6e4e79c2f86eeb534e324e583f2057dc9fd5ecab),SM4-128,ref,xts-ieee,8192,5,3267200,262144,12.463378906,0.080235064,37.331207275,ok
Windows-x86_64,13th Gen Intel(R) Core(TM) i9-13900H,clang-22.1.8 (https://github.com/msys2/MINGW-packages 6e4e79c2f86eeb534e324e583f2057dc9fd5ecab),SM4-128,ref,xts-ieee,8192,6,3266500,262144,12.460708618,0.080252258,37.321853638,ok
Windows-x86_64,13th Gen Intel(R) Core(TM) i9-13900H,clang-22.1.8 (https://github.com/msys2/MINGW-packages 6e4e79c2f86eeb534e324e583f2057dc9fd5ecab),SM4-128,ref,xts-ieee,8192,7,3271200,262144,12.478637695,0.080136953,37.376670837,ok
Windows-x86_64,13th Gen Intel(R) Core(TM) i9-13900H,clang-22.1.8 (https://github.com/msys2/MINGW-packages 6e4e79c2f86eeb534e324e583f2057dc9fd5ecab),SM4-128,ref,xts-ieee,8192,8,3297500,262144,12.578964233,0.079497801,37.677314758,ok
Windows-x86_64,13th Gen Intel(R) Core(TM) i9-13900H,clang-22.1.8 (https://github.com/msys2/MINGW-packages 6e4e79c2f86eeb534e324e583f2057dc9fd5ecab),SM4-128,ref,xts-ieee,8192,9,3339500,262144,12.739181519,0.078497979,38.157188416,ok
Windows-x86_64,13th Gen Intel(R) Core(TM) i9-13900H,clang-22.1.8 (https://github.com/msys2/MINGW-packages 6e4e79c2f86eeb534e324e583f2057dc9fd5ecab),SM4-128,ref,xts-ieee,8192,10,3297500,262144,12.578964233,0.079497801,37.676765442,ok
Windows-x86_64,13th Gen Intel(R) Core(TM) i9-13900H,clang-22.1.8 (https://github.com/msys2/MINGW-packages 6e4e79c2f86eeb534e324e583f2057dc9fd5ecab),SM4-128,ref,xts-ieee,8192,11,3207000,262144,12.233734131,0.081741191,36.643928528,ok
Windows-x86_64,13th Gen Intel(R) Core(TM) i9-13900H,clang-22.1.8 (https://github.com/msys2/MINGW-packages 6e4e79c2f86eeb534e324e583f2057dc9fd5ecab),SM4-128,ref,xts-ieee,8192,12,3286500,262144,12.537002563,0.079763883,37.550598145,ok
Windows-x86_64,13th Gen Intel(R) Core(TM) i9-13900H,clang-22.1.8 (https://github.com/msys2/MINGW-packages 6e4e79c2f86eeb534e324e583f2057dc9fd5ecab),SM4-128,ref,xts-ieee,8192,13,3204600,262144,12.224578857,0.081802409,36.615142822,ok
Windows-x86_64,13th Gen Intel(R) Core(TM) i9-13900H,clang-22.1.8 (https://github.com/msys2/MINGW-packages 6e4e79c2f86eeb534e324e583f2057dc9fd5ecab),SM4-128,ref,xts-ieee,8192,14,3188500,262144,12.163162231,0.082215462,36.431144714,ok
Windows-x86_64,13th Gen Intel(R) Core(TM) i9-13900H,clang-22.1.8 (https://github.com/msys2/MINGW-packages 6e4e79c2f86eeb534e324e583f2057dc9fd5ecab),SM4-128,ref,xts-ieee,8192,15,3282000,262144,12.519836426,0.079873248,37.499496460,ok
Windows-x86_64,13th Gen Intel(R) Core(TM) i9-13900H,clang-22.1.8 (https://github.com/msys2/MINGW-packages 6e4e79c2f86eeb534e324e583f2057dc9fd5ecab),SM4-128,ref,xts-ieee,65536,1,3264200,262144,12.451934814,0.080308805,37.298141479,ok
Windows-x86_64,13th Gen Intel(R) Core(TM) i9-13900H,clang-22.1.8 (https://github.com/msys2/MINGW-packages 6e4e79c2f86eeb534e324e583f2057dc9fd5ecab),SM4-128,ref,xts-ieee,65536,2,3279900,262144,12.511825562,0.079924388,37.476371765,ok
Windows-x86_64,13th Gen Intel(R) Core(TM) i9-13900H,clang-22.1.8 (https://github.com/msys2/MINGW-packages 6e4e79c2f86eeb534e324e583f2057dc9fd5ecab),SM4-128,ref,xts-ieee,65536,3,3336100,262144,12.726211548,0.078577980,38.118309021,ok
Windows-x86_64,13th Gen Intel(R) Core(TM) i9-13900H,clang-22.1.8 (https://github.com/msys2/MINGW-packages 6e4e79c2f86eeb534e324e583f2057dc9fd5ecab),SM4-128,ref,xts-ieee,65536,4,3310100,262144,12.627029419,0.079195190,37.820274353,ok
Windows-x86_64,13th Gen Intel(R) Core(TM) i9-13900H,clang-22.1.8 (https://github.com/msys2/MINGW-packages 6e4e79c2f86eeb534e324e583f2057dc9fd5ecab),SM4-128,ref,xts-ieee,65536,5,3210000,262144,12.245178223,0.081664798,36.677635193,ok
Windows-x86_64,13th Gen Intel(R) Core(TM) i9-13900H,clang-22.1.8 (https://github.com/msys2/MINGW-packages 6e4e79c2f86eeb534e324e583f2057dc9fd5ecab),SM4-128,ref,xts-ieee,65536,6,3283100,262144,12.524032593,0.079846487,37.511894226,ok
Windows-x86_64,13th Gen Intel(R) Core(TM) i9-13900H,clang-22.1.8 (https://github.com/msys2/MINGW-packages 6e4e79c2f86eeb534e324e583f2057dc9fd5ecab),SM4-128,ref,xts-ieee,65536,7,3342300,262144,12.749862671,0.078432217,38.188705444,ok
Windows-x86_64,13th Gen Intel(R) Core(TM) i9-13900H,clang-22.1.8 (https://github.com/msys2/MINGW-packages 6e4e79c2f86eeb534e324e583f2057dc9fd5ecab),SM4-128,ref,xts-ieee,65536,8,3316800,262144,12.652587891,0.079035215,37.898395538,ok
Windows-x86_64,13th Gen Intel(R) Core(TM) i9-13900H,clang-22.1.8 (https://github.com/msys2/MINGW-packages 6e4e79c2f86eeb534e324e583f2057dc9fd5ecab),SM4-128,ref,xts-ieee,65536,9,3313100,262144,12.638473511,0.079123480,37.855304718,ok
Windows-x86_64,13th Gen Intel(R) Core(TM) i9-13900H,clang-22.1.8 (https://github.com/msys2/MINGW-packages 6e4e79c2f86eeb534e324e583f2057dc9fd5ecab),SM4-128,ref,xts-ieee,65536,10,3187400,262144,12.158966064,0.082243835,36.420051575,ok
Windows-x86_64,13th Gen Intel(R) Core(TM) i9-13900H,clang-22.1.8 (https://github.com/msys2/MINGW-packages 6e4e79c2f86eeb534e324e583f2057dc9fd5ecab),SM4-128,ref,xts-ieee,65536,11,3183100,262144,12.142562866,0.082354937,36.369979858,ok
Windows-x86_64,13th Gen Intel(R) Core(TM) i9-13900H,clang-22.1.8 (https://github.com/msys2/MINGW-packages 6e4e79c2f86eeb534e324e583f2057dc9fd5ecab),SM4-128,ref,xts-ieee,65536,12,3210200,262144,12.245941162,0.081659710,36.679191589,ok
Windows-x86_64,13th Gen Intel(R) Core(TM) i9-13900H,clang-22.1.8 (https://github.com/msys2/MINGW-packages 6e4e79c2f86eeb534e324e583f2057dc9fd5ecab),SM4-128,ref,xts-ieee,65536,13,3246400,262144,12.384033203,0.080749138,37.093063354,ok
Windows-x86_64,13th Gen Intel(R) Core(TM) i9-13900H,clang-22.1.8 (https://github.com/msys2/MINGW-packages 6e4e79c2f86eeb534e324e583f2057dc9fd5ecab),SM4-128,ref,xts-ieee,65536,14,3340200,262144,12.741851807,0.078481528,38.164848328,ok
Windows-x86_64,13th Gen Intel(R) Core(TM) i9-13900H,clang-22.1.8 (https://github.com/msys2/MINGW-packages 6e4e79c2f86eeb534e324e583f2057dc9fd5ecab),SM4-128,ref,xts-ieee,65536,15,3336800,262144,12.728881836,0.078561496,38.126945496,ok
Windows-x86_64,13th Gen Intel(R) Core(TM) i9-13900H,clang-22.1.8 (https://github.com/msys2/MINGW-packages 6e4e79c2f86eeb534e324e583f2057dc9fd5ecab),SM4-128,ref,xts-ieee,1048576,1,13157600,1048576,12.548065186,0.079693561,37.589845657,ok
Windows-x86_64,13th Gen Intel(R) Core(TM) i9-13900H,clang-22.1.8 (https://github.com/msys2/MINGW-packages 6e4e79c2f86eeb534e324e583f2057dc9fd5ecab),SM4-128,ref,xts-ieee,1048576,2,13131000,1048576,12.522697449,0.079855000,37.508283615,ok
Windows-x86_64,13th Gen Intel(R) Core(TM) i9-13900H,clang-22.1.8 (https://github.com/msys2/MINGW-packages 6e4e79c2f86eeb534e324e583f2057dc9fd5ecab),SM4-128,ref,xts-ieee,1048576,3,13395500,1048576,12.774944305,0.078278228,38.263677597,ok
Windows-x86_64,13th Gen Intel(R) Core(TM) i9-13900H,clang-22.1.8 (https://github.com/msys2/MINGW-packages 6e4e79c2f86eeb534e324e583f2057dc9fd5ecab),SM4-128,ref,xts-ieee,1048576,4,13188000,1048576,12.577056885,0.079509857,37.670848846,ok
Windows-x86_64,13th Gen Intel(R) Core(TM) i9-13900H,clang-22.1.8 (https://github.com/msys2/MINGW-packages 6e4e79c2f86eeb534e324e583f2057dc9fd5ecab),SM4-128,ref,xts-ieee,1048576,5,13410600,1048576,12.789344788,0.078190088,38.306947708,ok
Windows-x86_64,13th Gen Intel(R) Core(TM) i9-13900H,clang-22.1.8 (https://github.com/msys2/MINGW-packages 6e4e79c2f86eeb534e324e583f2057dc9fd5ecab),SM4-128,ref,xts-ieee,1048576,6,13203000,1048576,12.591362000,0.079419526,37.714446068,ok
Windows-x86_64,13th Gen Intel(R) Core(TM) i9-13900H,clang-22.1.8 (https://github.com/msys2/MINGW-packages 6e4e79c2f86eeb534e324e583f2057dc9fd5ecab),SM4-128,ref,xts-ieee,1048576,7,12884700,1048576,12.287807465,0.081381483,36.804736137,ok
Windows-x86_64,13th Gen Intel(R) Core(TM) i9-13900H,clang-22.1.8 (https://github.com/msys2/MINGW-packages 6e4e79c2f86eeb534e324e583f2057dc9fd5ecab),SM4-128,ref,xts-ieee,1048576,8,13418300,1048576,12.796688080,0.078145220,38.329113007,ok
Windows-x86_64,13th Gen Intel(R) Core(TM) i9-13900H,clang-22.1.8 (https://github.com/msys2/MINGW-packages 6e4e79c2f86eeb534e324e583f2057dc9fd5ecab),SM4-128,ref,xts-ieee,1048576,9,13092100,1048576,12.485599518,0.080092269,37.396955490,ok
Windows-x86_64,13th Gen Intel(R) Core(TM) i9-13900H,clang-22.1.8 (https://github.com/msys2/MINGW-packages 6e4e79c2f86eeb534e324e583f2057dc9fd5ecab),SM4-128,ref,xts-ieee,1048576,10,12943000,1048576,12.343406677,0.081014912,36.971200943,ok
Windows-x86_64,13th Gen Intel(R) Core(TM) i9-13900H,clang-22.1.8 (https://github.com/msys2/MINGW-packages 6e4e79c2f86eeb534e324e583f2057dc9fd5ecab),SM4-128,ref,xts-ieee,1048576,11,12903400,1048576,12.305641174,0.081263543,36.858316422,ok
Windows-x86_64,13th Gen Intel(R) Core(TM) i9-13900H,clang-22.1.8 (https://github.com/msys2/MINGW-packages 6e4e79c2f86eeb534e324e583f2057dc9fd5ecab),SM4-128,ref,xts-ieee,1048576,12,13252000,1048576,12.638092041,0.079125868,37.854045868,ok
Windows-x86_64,13th Gen Intel(R) Core(TM) i9-13900H,clang-22.1.8 (https://github.com/msys2/MINGW-packages 6e4e79c2f86eeb534e324e583f2057dc9fd5ecab),SM4-128,ref,xts-ieee,1048576,13,13020700,1048576,12.417507172,0.080531461,37.193082809,ok
Windows-x86_64,13th Gen Intel(R) Core(TM) i9-13900H,clang-22.1.8 (https://github.com/msys2/MINGW-packages 6e4e79c2f86eeb534e324e583f2057dc9fd5ecab),SM4-128,ref,xts-ieee,1048576,14,13309600,1048576,12.693023682,0.078783435,38.018415451,ok
Windows-x86_64,13th Gen Intel(R) Core(TM) i9-13900H,clang-22.1.8 (https://github.com/msys2/MINGW-packages 6e4e79c2f86eeb534e324e583f2057dc9fd5ecab),SM4-128,ref,xts-ieee,1048576,15,13337600,1048576,12.719726562,0.078618042,38.098373413,ok
Windows-x86_64,13th Gen Intel(R) Core(TM) i9-13900H,clang-22.1.8 (https://github.com/msys2/MINGW-packages 6e4e79c2f86eeb534e324e583f2057dc9fd5ecab),SM4-128,ref,xts-gb,64,1,4059500,262144,15.485763550,0.064575440,46.384223938,ok
Windows-x86_64,13th Gen Intel(R) Core(TM) i9-13900H,clang-22.1.8 (https://github.com/msys2/MINGW-packages 6e4e79c2f86eeb534e324e583f2057dc9fd5ecab),SM4-128,ref,xts-gb,64,2,4169600,262144,15.905761719,0.062870299,47.641593933,ok
Windows-x86_64,13th Gen Intel(R) Core(TM) i9-13900H,clang-22.1.8 (https://github.com/msys2/MINGW-packages 6e4e79c2f86eeb534e324e583f2057dc9fd5ecab),SM4-128,ref,xts-gb,64,3,4187300,262144,15.973281860,0.062604542,47.843353271,ok
Windows-x86_64,13th Gen Intel(R) Core(TM) i9-13900H,clang-22.1.8 (https://github.com/msys2/MINGW-packages 6e4e79c2f86eeb534e324e583f2057dc9fd5ecab),SM4-128,ref,xts-gb,64,4,4244500,262144,16.191482544,0.061760867,48.497039795,ok
Windows-x86_64,13th Gen Intel(R) Core(TM) i9-13900H,clang-22.1.8 (https://github.com/msys2/MINGW-packages 6e4e79c2f86eeb534e324e583f2057dc9fd5ecab),SM4-128,ref,xts-gb,64,5,3982400,262144,15.191650391,0.065825633,45.503852844,ok
Windows-x86_64,13th Gen Intel(R) Core(TM) i9-13900H,clang-22.1.8 (https://github.com/msys2/MINGW-packages 6e4e79c2f86eeb534e324e583f2057dc9fd5ecab),SM4-128,ref,xts-gb,64,6,3980400,262144,15.184020996,0.065858708,45.479980469,ok
Windows-x86_64,13th Gen Intel(R) Core(TM) i9-13900H,clang-22.1.8 (https://github.com/msys2/MINGW-packages 6e4e79c2f86eeb534e324e583f2057dc9fd5ecab),SM4-128,ref,xts-gb,64,7,4021300,262144,15.340042114,0.065188869,45.947380066,ok
Windows-x86_64,13th Gen Intel(R) Core(TM) i9-13900H,clang-22.1.8 (https://github.com/msys2/MINGW-packages 6e4e79c2f86eeb534e324e583f2057dc9fd5ecab),SM4-128,ref,xts-gb,64,8,4061600,262144,15.493774414,0.064542052,46.407783508,ok
Windows-x86_64,13th Gen Intel(R) Core(TM) i9-13900H,clang-22.1.8 (https://github.com/msys2/MINGW-packages 6e4e79c2f86eeb534e324e583f2057dc9fd5ecab),SM4-128,ref,xts-gb,64,9,4143500,262144,15.806198120,0.063266321,47.343536377,ok
Windows-x86_64,13th Gen Intel(R) Core(TM) i9-13900H,clang-22.1.8 (https://github.com/msys2/MINGW-packages 6e4e79c2f86eeb534e324e583f2057dc9fd5ecab),SM4-128,ref,xts-gb,64,10,4160500,262144,15.871047974,0.063007812,47.537094116,ok
Windows-x86_64,13th Gen Intel(R) Core(TM) i9-13900H,clang-22.1.8 (https://github.com/msys2/MINGW-packages 6e4e79c2f86eeb534e324e583f2057dc9fd5ecab),SM4-128,ref,xts-gb,64,11,4161500,262144,15.874862671,0.062992671,47.548957825,ok
Windows-x86_64,13th Gen Intel(R) Core(TM) i9-13900H,clang-22.1.8 (https://github.com/msys2/MINGW-packages 6e4e79c2f86eeb534e324e583f2057dc9fd5ecab),SM4-128,ref,xts-gb,64,12,4149200,262144,15.827941895,0.063179408,47.408416748,ok
Windows-x86_64,13th Gen Intel(R) Core(TM) i9-13900H,clang-22.1.8 (https://github.com/msys2/MINGW-packages 6e4e79c2f86eeb534e324e583f2057dc9fd5ecab),SM4-128,ref,xts-gb,64,13,4070100,262144,15.526199341,0.064407263,46.504539490,ok
Windows-x86_64,13th Gen Intel(R) Core(TM) i9-13900H,clang-22.1.8 (https://github.com/msys2/MINGW-packages 6e4e79c2f86eeb534e324e583f2057dc9fd5ecab),SM4-128,ref,xts-gb,64,14,4074500,262144,15.542984009,0.064337710,46.555305481,ok
Windows-x86_64,13th Gen Intel(R) Core(TM) i9-13900H,clang-22.1.8 (https://github.com/msys2/MINGW-packages 6e4e79c2f86eeb534e324e583f2057dc9fd5ecab),SM4-128,ref,xts-gb,64,15,4118600,262144,15.711212158,0.063648813,47.059127808,ok
Windows-x86_64,13th Gen Intel(R) Core(TM) i9-13900H,clang-22.1.8 (https://github.com/msys2/MINGW-packages 6e4e79c2f86eeb534e324e583f2057dc9fd5ecab),SM4-128,ref,xts-gb,512,1,3461700,262144,13.205337524,0.075726955,39.554809570,ok
Windows-x86_64,13th Gen Intel(R) Core(TM) i9-13900H,clang-22.1.8 (https://github.com/msys2/MINGW-packages 6e4e79c2f86eeb534e324e583f2057dc9fd5ecab),SM4-128,ref,xts-gb,512,2,3435100,262144,13.103866577,0.076313353,39.249160767,ok
Windows-x86_64,13th Gen Intel(R) Core(TM) i9-13900H,clang-22.1.8 (https://github.com/msys2/MINGW-packages 6e4e79c2f86eeb534e324e583f2057dc9fd5ecab),SM4-128,ref,xts-gb,512,3,3424600,262144,13.063812256,0.076547334,39.129684448,ok
Windows-x86_64,13th Gen Intel(R) Core(TM) i9-13900H,clang-22.1.8 (https://github.com/msys2/MINGW-packages 6e4e79c2f86eeb534e324e583f2057dc9fd5ecab),SM4-128,ref,xts-gb,512,4,3432800,262144,13.095092773,0.076364484,39.223091125,ok
Windows-x86_64,13th Gen Intel(R) Core(TM) i9-13900H,clang-22.1.8 (https://github.com/msys2/MINGW-packages 6e4e79c2f86eeb534e324e583f2057dc9fd5ecab),SM4-128,ref,xts-gb,512,5,3427900,262144,13.076400757,0.076473643,39.167526245,ok
Windows-x86_64,13th Gen Intel(R) Core(TM) i9-13900H,clang-22.1.8 (https://github.com/msys2/MINGW-packages 6e4e79c2f86eeb534e324e583f2057dc9fd5ecab),SM4-128,ref,xts-gb,512,6,3459500,262144,13.196945190,0.075775112,39.527389526,ok
Windows-x86_64,13th Gen Intel(R) Core(TM) i9-13900H,clang-22.1.8 (https://github.com/msys2/MINGW-packages 6e4e79c2f86eeb534e324e583f2057dc9fd5ecab),SM4-128,ref,xts-gb,512,7,3370600,262144,12.857818604,0.077773690,38.512443542,ok
Windows-x86_64,13th Gen Intel(R) Core(TM) i9-13900H,clang-22.1.8 (https://github.com/msys2/MINGW-packages 6e4e79c2f86eeb534e324e583f2057dc9fd5ecab),SM4-128,ref,xts-gb,512,8,3350200,262144,12.779998779,0.078247269,38.279556274,ok
Windows-x86_64,13th Gen Intel(R) Core(TM) i9-13900H,clang-22.1.8 (https://github.com/msys2/MINGW-packages 6e4e79c2f86eeb534e324e583f2057dc9fd5ecab),SM4-128,ref,xts-gb,512,9,3352600,262144,12.789154053,0.078191255,38.306724548,ok
Windows-x86_64,13th Gen Intel(R) Core(TM) i9-13900H,clang-22.1.8 (https://github.com/msys2/MINGW-packages 6e4e79c2f86eeb534e324e583f2057dc9fd5ecab),SM4-128,ref,xts-gb,512,10,3454400,262144,13.177490234,0.075886985,39.468864441,ok
Windows-x86_64,13th Gen Intel(R) Core(TM) i9-13900H,clang-22.1.8 (https://github.com/msys2/MINGW-packages 6e4e79c2f86eeb534e324e583f2057dc9fd5ecab),SM4-128,ref,xts-gb,512,11,3429500,262144,13.082504272,0.076437965,39.185684204,ok
Windows-x86_64,13th Gen Intel(R) Core(TM) i9-13900H,clang-22.1.8 (https://github.com/msys2/MINGW-packages 6e4e79c2f86eeb534e324e583f2057dc9fd5ecab),SM4-128,ref,xts-gb,512,12,3429100,262144,13.080978394,0.076446881,39.180892944,ok
Windows-x86_64,13th Gen Intel(R) Core(TM) i9-13900H,clang-22.1.8 (https://github.com/msys2/MINGW-packages 6e4e79c2f86eeb534e324e583f2057dc9fd5ecab),SM4-128,ref,xts-gb,512,13,3439800,262144,13.121795654,0.076209082,39.302673340,ok
Windows-x86_64,13th Gen Intel(R) Core(TM) i9-13900H,clang-22.1.8 (https://github.com/msys2/MINGW-packages 6e4e79c2f86eeb534e324e583f2057dc9fd5ecab),SM4-128,ref,xts-gb,512,14,3361400,262144,12.822723389,0.077986553,38.408180237,ok
Windows-x86_64,13th Gen Intel(R) Core(TM) i9-13900H,clang-22.1.8 (https://github.com/msys2/MINGW-packages 6e4e79c2f86eeb534e324e583f2057dc9fd5ecab),SM4-128,ref,xts-gb,512,15,3388400,262144,12.925720215,0.077365128,38.716194153,ok
Windows-x86_64,13th Gen Intel(R) Core(TM) i9-13900H,clang-22.1.8 (https://github.com/msys2/MINGW-packages 6e4e79c2f86eeb534e324e583f2057dc9fd5ecab),SM4-128,ref,xts-gb,4096,1,3389800,262144,12.931060791,0.077333176,38.733116150,ok
Windows-x86_64,13th Gen Intel(R) Core(TM) i9-13900H,clang-22.1.8 (https://github.com/msys2/MINGW-packages 6e4e79c2f86eeb534e324e583f2057dc9fd5ecab),SM4-128,ref,xts-gb,4096,2,3347600,262144,12.770080566,0.078308042,38.249267578,ok
Windows-x86_64,13th Gen Intel(R) Core(TM) i9-13900H,clang-22.1.8 (https://github.com/msys2/MINGW-packages 6e4e79c2f86eeb534e324e583f2057dc9fd5ecab),SM4-128,ref,xts-gb,4096,3,3314300,262144,12.643051147,0.079094831,37.868942261,ok
Windows-x86_64,13th Gen Intel(R) Core(TM) i9-13900H,clang-22.1.8 (https://github.com/msys2/MINGW-packages 6e4e79c2f86eeb534e324e583f2057dc9fd5ecab),SM4-128,ref,xts-gb,4096,4,3268000,262144,12.466430664,0.080215422,37.339424133,ok
Windows-x86_64,13th Gen Intel(R) Core(TM) i9-13900H,clang-22.1.8 (https://github.com/msys2/MINGW-packages 6e4e79c2f86eeb534e324e583f2057dc9fd5ecab),SM4-128,ref,xts-gb,4096,5,3443100,262144,13.134384155,0.076136040,39.341133118,ok
Windows-x86_64,13th Gen Intel(R) Core(TM) i9-13900H,clang-22.1.8 (https://github.com/msys2/MINGW-packages 6e4e79c2f86eeb534e324e583f2057dc9fd5ecab),SM4-128,ref,xts-gb,4096,6,3384800,262144,12.911987305,0.077447412,38.674980164,ok
Windows-x86_64,13th Gen Intel(R) Core(TM) i9-13900H,clang-22.1.8 (https://github.com/msys2/MINGW-packages 6e4e79c2f86eeb534e324e583f2057dc9fd5ecab),SM4-128,ref,xts-gb,4096,7,3338300,262144,12.734603882,0.078526196,38.143127441,ok
Windows-x86_64,13th Gen Intel(R) Core(TM) i9-13900H,clang-22.1.8 (https://github.com/msys2/MINGW-packages 6e4e79c2f86eeb534e324e583f2057dc9fd5ecab),SM4-128,ref,xts-gb,4096,8,3311600,262144,12.632751465,0.079159319,37.838783264,ok
Windows-x86_64,13th Gen Intel(R) Core(TM) i9-13900H,clang-22.1.8 (https://github.com/msys2/MINGW-packages 6e4e79c2f86eeb534e324e583f2057dc9fd5ecab),SM4-128,ref,xts-gb,4096,9,3336800,262144,12.728881836,0.078561496,38.125968933,ok
Windows-x86_64,13th Gen Intel(R) Core(TM) i9-13900H,clang-22.1.8 (https://github.com/msys2/MINGW-packages 6e4e79c2f86eeb534e324e583f2057dc9fd5ecab),SM4-128,ref,xts-gb,4096,10,3433700,262144,13.098526001,0.076344468,39.232284546,ok
Windows-x86_64,13th Gen Intel(R) Core(TM) i9-13900H,clang-22.1.8 (https://github.com/msys2/MINGW-packages 6e4e79c2f86eeb534e324e583f2057dc9fd5ecab),SM4-128,ref,xts-gb,4096,11,3346800,262144,12.767028809,0.078326760,38.240745544,ok
Windows-x86_64,13th Gen Intel(R) Core(TM) i9-13900H,clang-22.1.8 (https://github.com/msys2/MINGW-packages 6e4e79c2f86eeb534e324e583f2057dc9fd5ecab),SM4-128,ref,xts-gb,4096,12,3341300,262144,12.746047974,0.078455691,38.178688049,ok
Windows-x86_64,13th Gen Intel(R) Core(TM) i9-13900H,clang-22.1.8 (https://github.com/msys2/MINGW-packages 6e4e79c2f86eeb534e324e583f2057dc9fd5ecab),SM4-128,ref,xts-gb,4096,13,3309000,262144,12.622833252,0.079221517,37.809768677,ok
Windows-x86_64,13th Gen Intel(R) Core(TM) i9-13900H,clang-22.1.8 (https://github.com/msys2/MINGW-packages 6e4e79c2f86eeb534e324e583f2057dc9fd5ecab),SM4-128,ref,xts-gb,4096,14,3248900,262144,12.393569946,0.080687002,37.121093750,ok
Windows-x86_64,13th Gen Intel(R) Core(TM) i9-13900H,clang-22.1.8 (https://github.com/msys2/MINGW-packages 6e4e79c2f86eeb534e324e583f2057dc9fd5ecab),SM4-128,ref,xts-gb,4096,15,3320900,262144,12.668228149,0.078937637,37.944427490,ok
Windows-x86_64,13th Gen Intel(R) Core(TM) i9-13900H,clang-22.1.8 (https://github.com/msys2/MINGW-packages 6e4e79c2f86eeb534e324e583f2057dc9fd5ecab),SM4-128,ref,xts-gb,8192,1,3356600,262144,12.804412842,0.078098075,38.354225159,ok
Windows-x86_64,13th Gen Intel(R) Core(TM) i9-13900H,clang-22.1.8 (https://github.com/msys2/MINGW-packages 6e4e79c2f86eeb534e324e583f2057dc9fd5ecab),SM4-128,ref,xts-gb,8192,2,3383200,262144,12.905883789,0.077484039,38.657020569,ok
Windows-x86_64,13th Gen Intel(R) Core(TM) i9-13900H,clang-22.1.8 (https://github.com/msys2/MINGW-packages 6e4e79c2f86eeb534e324e583f2057dc9fd5ecab),SM4-128,ref,xts-gb,8192,3,3333700,262144,12.717056274,0.078634550,38.090698242,ok
Windows-x86_64,13th Gen Intel(R) Core(TM) i9-13900H,clang-22.1.8 (https://github.com/msys2/MINGW-packages 6e4e79c2f86eeb534e324e583f2057dc9fd5ecab),SM4-128,ref,xts-gb,8192,4,3342800,262144,12.751770020,0.078420486,38.194816589,ok
Windows-x86_64,13th Gen Intel(R) Core(TM) i9-13900H,clang-22.1.8 (https://github.com/msys2/MINGW-packages 6e4e79c2f86eeb534e324e583f2057dc9fd5ecab),SM4-128,ref,xts-gb,8192,5,3286400,262144,12.536621094,0.079766310,37.549674988,ok
Windows-x86_64,13th Gen Intel(R) Core(TM) i9-13900H,clang-22.1.8 (https://github.com/msys2/MINGW-packages 6e4e79c2f86eeb534e324e583f2057dc9fd5ecab),SM4-128,ref,xts-gb,8192,6,3357300,262144,12.807083130,0.078081792,38.360839844,ok
Windows-x86_64,13th Gen Intel(R) Core(TM) i9-13900H,clang-22.1.8 (https://github.com/msys2/MINGW-packages 6e4e79c2f86eeb534e324e583f2057dc9fd5ecab),SM4-128,ref,xts-gb,8192,7,3334500,262144,12.720108032,0.078615685,38.099678040,ok
Windows-x86_64,13th Gen Intel(R) Core(TM) i9-13900H,clang-22.1.8 (https://github.com/msys2/MINGW-packages 6e4e79c2f86eeb534e324e583f2057dc9fd5ecab),SM4-128,ref,xts-gb,8192,8,3298700,262144,12.583541870,0.079468882,37.691360474,ok
Windows-x86_64,13th Gen Intel(R) Core(TM) i9-13900H,clang-22.1.8 (https://github.com/msys2/MINGW-packages 6e4e79c2f86eeb534e324e583f2057dc9fd5ecab),SM4-128,ref,xts-gb,8192,9,3336400,262144,12.727355957,0.078570915,38.121612549,ok
Windows-x86_64,13th Gen Intel(R) Core(TM) i9-13900H,clang-22.1.8 (https://github.com/msys2/MINGW-packages 6e4e79c2f86eeb534e324e583f2057dc9fd5ecab),SM4-128,ref,xts-gb,8192,10,3337200,262144,12.730407715,0.078552080,38.130920410,ok
Windows-x86_64,13th Gen Intel(R) Core(TM) i9-13900H,clang-22.1.8 (https://github.com/msys2/MINGW-packages 6e4e79c2f86eeb534e324e583f2057dc9fd5ecab),SM4-128,ref,xts-gb,8192,11,3372000,262144,12.863159180,0.077741400,38.528831482,ok
Windows-x86_64,13th Gen Intel(R) Core(TM) i9-13900H,clang-22.1.8 (https://github.com/msys2/MINGW-packages 6e4e79c2f86eeb534e324e583f2057dc9fd5ecab),SM4-128,ref,xts-gb,8192,12,3347500,262144,12.769699097,0.078310381,38.248748779,ok
Windows-x86_64,13th Gen Intel(R) Core(TM) i9-13900H,clang-22.1.8 (https://github.com/msys2/MINGW-packages 6e4e79c2f86eeb534e324e583f2057dc9fd5ecab),SM4-128,ref,xts-gb,8192,13,3305300,262144,12.608718872,0.079310199,37.766288757,ok
Windows-x86_64,13th Gen Intel(R) Core(TM) i9-13900H,clang-22.1.8 (https://github.com/msys2/MINGW-packages 6e4e79c2f86eeb534e324e583f2057dc9fd5ecab),SM4-128,ref,xts-gb,8192,14,3411200,262144,13.012695312,0.076848030,38.975830078,ok
Windows-x86_64,13th Gen Intel(R) Core(TM) i9-13900H,clang-22.1.8 (https://github.com/msys2/MINGW-packages 6e4e79c2f86eeb534e324e583f2057dc9fd5ecab),SM4-128,ref,xts-gb,8192,15,3391100,262144,12.936019897,0.077303530,38.747688293,ok
Windows-x86_64,13th Gen Intel(R) Core(TM) i9-13900H,clang-22.1.8 (https://github.com/msys2/MINGW-packages 6e4e79c2f86eeb534e324e583f2057dc9fd5ecab),SM4-128,ref,xts-gb,65536,1,3191300,262144,12.173843384,0.082143327,36.485038757,ok
Windows-x86_64,13th Gen Intel(R) Core(TM) i9-13900H,clang-22.1.8 (https://github.com/msys2/MINGW-packages 6e4e79c2f86eeb534e324e583f2057dc9fd5ecab),SM4-128,ref,xts-gb,65536,2,3189600,262144,12.167358398,0.082187108,36.444168091,ok
Windows-x86_64,13th Gen Intel(R) Core(TM) i9-13900H,clang-22.1.8 (https://github.com/msys2/MINGW-packages 6e4e79c2f86eeb534e324e583f2057dc9fd5ecab),SM4-128,ref,xts-gb,65536,3,3186100,262144,12.154006958,0.082277392,36.404182434,ok
Windows-x86_64,13th Gen Intel(R) Core(TM) i9-13900H,clang-22.1.8 (https://github.com/msys2/MINGW-packages 6e4e79c2f86eeb534e324e583f2057dc9fd5ecab),SM4-128,ref,xts-gb,65536,4,3297900,262144,12.580490112,0.079488159,37.681686401,ok
Windows-x86_64,13th Gen Intel(R) Core(TM) i9-13900H,clang-22.1.8 (https://github.com/msys2/MINGW-packages 6e4e79c2f86eeb534e324e583f2057dc9fd5ecab),SM4-128,ref,xts-gb,65536,5,3374200,262144,12.871551514,0.077690712,38.554145813,ok
Windows-x86_64,13th Gen Intel(R) Core(TM) i9-13900H,clang-22.1.8 (https://github.com/msys2/MINGW-packages 6e4e79c2f86eeb534e324e583f2057dc9fd5ecab),SM4-128,ref,xts-gb,65536,6,3333300,262144,12.715530396,0.078643986,38.086585999,ok
Windows-x86_64,13th Gen Intel(R) Core(TM) i9-13900H,clang-22.1.8 (https://github.com/msys2/MINGW-packages 6e4e79c2f86eeb534e324e583f2057dc9fd5ecab),SM4-128,ref,xts-gb,65536,7,3340100,262144,12.741470337,0.078483878,38.162780762,ok
Windows-x86_64,13th Gen Intel(R) Core(TM) i9-13900H,clang-22.1.8 (https://github.com/msys2/MINGW-packages 6e4e79c2f86eeb534e324e583f2057dc9fd5ecab),SM4-128,ref,xts-gb,65536,8,3332300,262144,12.711715698,0.078667587,38.074661255,ok
Windows-x86_64,13th Gen Intel(R) Core(TM) i9-13900H,clang-22.1.8 (https://github.com/msys2/MINGW-packages 6e4e79c2f86eeb534e324e583f2057dc9fd5ecab),SM4-128,ref,xts-gb,65536,9,3330200,262144,12.703704834,0.078717194,38.050949097,ok
Windows-x86_64,13th Gen Intel(R) Core(TM) i9-13900H,clang-22.1.8 (https://github.com/msys2/MINGW-packages 6e4e79c2f86eeb534e324e583f2057dc9fd5ecab),SM4-128,ref,xts-gb,65536,10,3325800,262144,12.686920166,0.078821336,38.000946045,ok
Windows-x86_64,13th Gen Intel(R) Core(TM) i9-13900H,clang-22.1.8 (https://github.com/msys2/MINGW-packages 6e4e79c2f86eeb534e324e583f2057dc9fd5ecab),SM4-128,ref,xts-gb,65536,11,3405100,262144,12.989425659,0.076985698,38.906791687,ok
Windows-x86_64,13th Gen Intel(R) Core(TM) i9-13900H,clang-22.1.8 (https://github.com/msys2/MINGW-packages 6e4e79c2f86eeb534e324e583f2057dc9fd5ecab),SM4-128,ref,xts-gb,65536,12,3299600,262144,12.586975098,0.079447206,37.701400757,ok
Windows-x86_64,13th Gen Intel(R) Core(TM) i9-13900H,clang-22.1.8 (https://github.com/msys2/MINGW-packages 6e4e79c2f86eeb534e324e583f2057dc9fd5ecab),SM4-128,ref,xts-gb,65536,13,3277300,262144,12.501907349,0.079987795,37.447196960,ok
Windows-x86_64,13th Gen Intel(R) Core(TM) i9-13900H,clang-22.1.8 (https://github.com/msys2/MINGW-packages 6e4e79c2f86eeb534e324e583f2057dc9fd5ecab),SM4-128,ref,xts-gb,65536,14,3279300,262144,12.509536743,0.079939011,37.469573975,ok
Windows-x86_64,13th Gen Intel(R) Core(TM) i9-13900H,clang-22.1.8 (https://github.com/msys2/MINGW-packages 6e4e79c2f86eeb534e324e583f2057dc9fd5ecab),SM4-128,ref,xts-gb,65536,15,3260900,262144,12.439346313,0.080390076,37.258888245,ok
Windows-x86_64,13th Gen Intel(R) Core(TM) i9-13900H,clang-22.1.8 (https://github.com/msys2/MINGW-packages 6e4e79c2f86eeb534e324e583f2057dc9fd5ecab),SM4-128,ref,xts-gb,1048576,1,15309600,1048576,14.600372314,0.068491404,43.737181664,ok
Windows-x86_64,13th Gen Intel(R) Core(TM) i9-13900H,clang-22.1.8 (https://github.com/msys2/MINGW-packages 6e4e79c2f86eeb534e324e583f2057dc9fd5ecab),SM4-128,ref,xts-gb,1048576,2,14863500,1048576,14.174938202,0.070547045,42.457604408,ok
Windows-x86_64,13th Gen Intel(R) Core(TM) i9-13900H,clang-22.1.8 (https://github.com/msys2/MINGW-packages 6e4e79c2f86eeb534e324e583f2057dc9fd5ecab),SM4-128,ref,xts-gb,1048576,3,14444800,1048576,13.775634766,0.072591936,41.261420250,ok
Windows-x86_64,13th Gen Intel(R) Core(TM) i9-13900H,clang-22.1.8 (https://github.com/msys2/MINGW-packages 6e4e79c2f86eeb534e324e583f2057dc9fd5ecab),SM4-128,ref,xts-gb,1048576,4,13207600,1048576,12.595748901,0.079391865,37.727145195,ok
Windows-x86_64,13th Gen Intel(R) Core(TM) i9-13900H,clang-22.1.8 (https://github.com/msys2/MINGW-packages 6e4e79c2f86eeb534e324e583f2057dc9fd5ecab),SM4-128,ref,xts-gb,1048576,5,12797200,1048576,12.204360962,0.081937924,36.554716110,ok
Windows-x86_64,13th Gen Intel(R) Core(TM) i9-13900H,clang-22.1.8 (https://github.com/msys2/MINGW-packages 6e4e79c2f86eeb534e324e583f2057dc9fd5ecab),SM4-128,ref,xts-gb,1048576,6,12765500,1048576,12.174129486,0.082141397,36.464630127,ok
Windows-x86_64,13th Gen Intel(R) Core(TM) i9-13900H,clang-22.1.8 (https://github.com/msys2/MINGW-packages 6e4e79c2f86eeb534e324e583f2057dc9fd5ecab),SM4-128,ref,xts-gb,1048576,7,12773500,1048576,12.181758881,0.082089952,36.487379074,ok
Windows-x86_64,13th Gen Intel(R) Core(TM) i9-13900H,clang-22.1.8 (https://github.com/msys2/MINGW-packages 6e4e79c2f86eeb534e324e583f2057dc9fd5ecab),SM4-128,ref,xts-gb,1048576,8,13250000,1048576,12.636184692,0.079137811,37.848232269,ok
Windows-x86_64,13th Gen Intel(R) Core(TM) i9-13900H,clang-22.1.8 (https://github.com/msys2/MINGW-packages 6e4e79c2f86eeb534e324e583f2057dc9fd5ecab),SM4-128,ref,xts-gb,1048576,9,12957400,1048576,12.357139587,0.080924877,37.012329102,ok
Windows-x86_64,13th Gen Intel(R) Core(TM) i9-13900H,clang-22.1.8 (https://github.com/msys2/MINGW-packages 6e4e79c2f86eeb534e324e583f2057dc9fd5ecab),SM4-128,ref,xts-gb,1048576,10,13025700,1048576,12.422275543,0.080500549,37.207548141,ok
Windows-x86_64,13th Gen Intel(R) Core(TM) i9-13900H,clang-22.1.8 (https://github.com/msys2/MINGW-packages 6e4e79c2f86eeb534e324e583f2057dc9fd5ecab),SM4-128,ref,xts-gb,1048576,11,13104900,1048576,12.497806549,0.080014041,37.433418274,ok
Windows-x86_64,13th Gen Intel(R) Core(TM) i9-13900H,clang-22.1.8 (https://github.com/msys2/MINGW-packages 6e4e79c2f86eeb534e324e583f2057dc9fd5ecab),SM4-128,ref,xts-gb,1048576,12,13205200,1048576,12.593460083,0.079406294,37.720079422,ok
Windows-x86_64,13th Gen Intel(R) Core(TM) i9-13900H,clang-22.1.8 (https://github.com/msys2/MINGW-packages 6e4e79c2f86eeb534e324e583f2057dc9fd5ecab),SM4-128,ref,xts-gb,1048576,13,13071700,1048576,12.466144562,0.080217263,37.339157104,ok
Windows-x86_64,13th Gen Intel(R) Core(TM) i9-13900H,clang-22.1.8 (https://github.com/msys2/MINGW-packages 6e4e79c2f86eeb534e324e583f2057dc9fd5ecab),SM4-128,ref,xts-gb,1048576,14,13153700,1048576,12.544345856,0.079717190,37.573148727,ok
Windows-x86_64,13th Gen Intel(R) Core(TM) i9-13900H,clang-22.1.8 (https://github.com/msys2/MINGW-packages 6e4e79c2f86eeb534e324e583f2057dc9fd5ecab),SM4-128,ref,xts-gb,1048576,15,13219100,1048576,12.606716156,0.079322798,37.760028839,ok
Windows-x86_64,13th Gen Intel(R) Core(TM) i9-13900H,clang-22.1.8 (https://github.com/msys2/MINGW-packages 6e4e79c2f86eeb534e324e583f2057dc9fd5ecab),SM4-128,ref,xts-gb-dec,64,1,3607900,262144,13.763046265,0.072658333,41.238670349,ok
Windows-x86_64,13th Gen Intel(R) Core(TM) i9-13900H,clang-22.1.8 (https://github.com/msys2/MINGW-packages 6e4e79c2f86eeb534e324e583f2057dc9fd5ecab),SM4-128,ref,xts-gb-dec,64,2,3658000,262144,13.954162598,0.071663204,41.796440125,ok
Windows-x86_64,13th Gen Intel(R) Core(TM) i9-13900H,clang-22.1.8 (https://github.com/msys2/MINGW-packages 6e4e79c2f86eeb534e324e583f2057dc9fd5ecab),SM4-128,ref,xts-gb-dec,64,3,3667500,262144,13.990402222,0.071477573,41.905189514,ok
Windows-x86_64,13th Gen Intel(R) Core(TM) i9-13900H,clang-22.1.8 (https://github.com/msys2/MINGW-packages 6e4e79c2f86eeb534e324e583f2057dc9fd5ecab),SM4-128,ref,xts-gb-dec,64,4,3589900,262144,13.694381714,0.073022647,41.017509460,ok
Windows-x86_64,13th Gen Intel(R) Core(TM) i9-13900H,clang-22.1.8 (https://github.com/msys2/MINGW-packages 6e4e79c2f86eeb534e324e583f2057dc9fd5ecab),SM4-128,ref,xts-gb-dec,64,5,3618700,262144,13.804244995,0.072441485,41.347244263,ok
Windows-x86_64,13th Gen Intel(R) Core(TM) i9-13900H,clang-22.1.8 (https://github.com/msys2/MINGW-packages 6e4e79c2f86eeb534e324e583f2057dc9fd5ecab),SM4-128,ref,xts-gb-dec,64,6,3716400,262144,14.176940918,0.070537079,42.462898254,ok
Windows-x86_64,13th Gen Intel(R) Core(TM) i9-13900H,clang-22.1.8 (https://github.com/msys2/MINGW-packages 6e4e79c2f86eeb534e324e583f2057dc9fd5ecab),SM4-128,ref,xts-gb-dec,64,7,3626400,262144,13.833618164,0.072287668,41.435173035,ok
Windows-x86_64,13th Gen Intel(R) Core(TM) i9-13900H,clang-22.1.8 (https://github.com/msys2/MINGW-packages 6e4e79c2f86eeb534e324e583f2057dc9fd5ecab),SM4-128,ref,xts-gb-dec,64,8,3586100,262144,13.679885864,0.073100025,40.975067139,ok
Windows-x86_64,13th Gen Intel(R) Core(TM) i9-13900H,clang-22.1.8 (https://github.com/msys2/MINGW-packages 6e4e79c2f86eeb534e324e583f2057dc9fd5ecab),SM4-128,ref,xts-gb-dec,64,9,3678100,262144,14.030838013,0.071271580,42.026008606,ok
Windows-x86_64,13th Gen Intel(R) Core(TM) i9-13900H,clang-22.1.8 (https://github.com/msys2/MINGW-packages 6e4e79c2f86eeb534e324e583f2057dc9fd5ecab),SM4-128,ref,xts-gb-dec,64,10,3680100,262144,14.038467407,0.071232847,42.048774719,ok
Windows-x86_64,13th Gen Intel(R) Core(TM) i9-13900H,clang-22.1.8 (https://github.com/msys2/MINGW-packages 6e4e79c2f86eeb534e324e583f2057dc9fd5ecab),SM4-128,ref,xts-gb-dec,64,11,3607100,262144,13.759994507,0.072674448,41.214569092,ok
Windows-x86_64,13th Gen Intel(R) Core(TM) i9-13900H,clang-22.1.8 (https://github.com/msys2/MINGW-packages 6e4e79c2f86eeb534e324e583f2057dc9fd5ecab),SM4-128,ref,xts-gb-dec,64,12,3613000,262144,13.782501221,0.072555771,41.281730652,ok
Windows-x86_64,13th Gen Intel(R) Core(TM) i9-13900H,clang-22.1.8 (https://github.com/msys2/MINGW-packages 6e4e79c2f86eeb534e324e583f2057dc9fd5ecab),SM4-128,ref,xts-gb-dec,64,13,3568700,262144,13.613510132,0.073456441,40.775714874,ok
Windows-x86_64,13th Gen Intel(R) Core(TM) i9-13900H,clang-22.1.8 (https://github.com/msys2/MINGW-packages 6e4e79c2f86eeb534e324e583f2057dc9fd5ecab),SM4-128,ref,xts-gb-dec,64,14,3596800,262144,13.720703125,0.072882562,41.097141266,ok
Windows-x86_64,13th Gen Intel(R) Core(TM) i9-13900H,clang-22.1.8 (https://github.com/msys2/MINGW-packages 6e4e79c2f86eeb534e324e583f2057dc9fd5ecab),SM4-128,ref,xts-gb-dec,64,15,3517000,262144,13.416290283,0.074536252,40.185638428,ok
Windows-x86_64,13th Gen Intel(R) Core(TM) i9-13900H,clang-22.1.8 (https://github.com/msys2/MINGW-packages 6e4e79c2f86eeb534e324e583f2057dc9fd5ecab),SM4-128,ref,xts-gb-dec,512,1,2991100,262144,11.410140991,0.087641336,34.180885315,ok
Windows-x86_64,13th Gen Intel(R) Core(TM) i9-13900H,clang-22.1.8 (https://github.com/msys2/MINGW-packages 6e4e79c2f86eeb534e324e583f2057dc9fd5ecab),SM4-128,ref,xts-gb-dec,512,2,3104100,262144,11.841201782,0.084450888,35.468475342,ok
Windows-x86_64,13th Gen Intel(R) Core(TM) i9-13900H,clang-22.1.8 (https://github.com/msys2/MINGW-packages 6e4e79c2f86eeb534e324e583f2057dc9fd5ecab),SM4-128,ref,xts-gb-dec,512,3,2979600,262144,11.366271973,0.087979595,34.045448303,ok
Windows-x86_64,13th Gen Intel(R) Core(TM) i9-13900H,clang-22.1.8 (https://github.com/msys2/MINGW-packages 6e4e79c2f86eeb534e324e583f2057dc9fd5ecab),SM4-128,ref,xts-gb-dec,512,4,2912900,262144,11.111831665,0.089994164,33.283210754,ok
Windows-x86_64,13th Gen Intel(R) Core(TM) i9-13900H,clang-22.1.8 (https://github.com/msys2/MINGW-packages 6e4e79c2f86eeb534e324e583f2057dc9fd5ecab),SM4-128,ref,xts-gb-dec,512,5,2859100,262144,10.906600952,0.091687594,32.666946411,ok
Windows-x86_64,13th Gen Intel(R) Core(TM) i9-13900H,clang-22.1.8 (https://github.com/msys2/MINGW-packages 6e4e79c2f86eeb534e324e583f2057dc9fd5ecab),SM4-128,ref,xts-gb-dec,512,6,2860100,262144,10.910415649,0.091655537,32.678665161,ok
Windows-x86_64,13th Gen Intel(R) Core(TM) i9-13900H,clang-22.1.8 (https://github.com/msys2/MINGW-packages 6e4e79c2f86eeb534e324e583f2057dc9fd5ecab),SM4-128,ref,xts-gb-dec,512,7,2853800,262144,10.886383057,0.091857874,32.606987000,ok
Windows-x86_64,13th Gen Intel(R) Core(TM) i9-13900H,clang-22.1.8 (https://github.com/msys2/MINGW-packages 6e4e79c2f86eeb534e324e583f2057dc9fd5ecab),SM4-128,ref,xts-gb-dec,512,8,2885700,262144,11.008071899,0.090842430,32.972061157,ok
Windows-x86_64,13th Gen Intel(R) Core(TM) i9-13900H,clang-22.1.8 (https://github.com/msys2/MINGW-packages 6e4e79c2f86eeb534e324e583f2057dc9fd5ecab),SM4-128,ref,xts-gb-dec,512,9,2849100,262144,10.868453979,0.092009406,32.553176880,ok
Windows-x86_64,13th Gen Intel(R) Core(TM) i9-13900H,clang-22.1.8 (https://github.com/msys2/MINGW-packages 6e4e79c2f86eeb534e324e583f2057dc9fd5ecab),SM4-128,ref,xts-gb-dec,512,10,2856700,262144,10.897445679,0.091764624,32.640426636,ok
Windows-x86_64,13th Gen Intel(R) Core(TM) i9-13900H,clang-22.1.8 (https://github.com/msys2/MINGW-packages 6e4e79c2f86eeb534e324e583f2057dc9fd5ecab),SM4-128,ref,xts-gb-dec,512,11,2902800,262144,11.073303223,0.090307290,33.166618347,ok
Windows-x86_64,13th Gen Intel(R) Core(TM) i9-13900H,clang-22.1.8 (https://github.com/msys2/MINGW-packages 6e4e79c2f86eeb534e324e583f2057dc9fd5ecab),SM4-128,ref,xts-gb-dec,512,12,2923600,262144,11.152648926,0.089664797,33.404937744,ok
Windows-x86_64,13th Gen Intel(R) Core(TM) i9-13900H,clang-22.1.8 (https://github.com/msys2/MINGW-packages 6e4e79c2f86eeb534e324e583f2057dc9fd5ecab),SM4-128,ref,xts-gb-dec,512,13,2903800,262144,11.077117920,0.090276190,33.179428101,ok
Windows-x86_64,13th Gen Intel(R) Core(TM) i9-13900H,clang-22.1.8 (https://github.com/msys2/MINGW-packages 6e4e79c2f86eeb534e324e583f2057dc9fd5ecab),SM4-128,ref,xts-gb-dec,512,14,2909300,262144,11.098098755,0.090105524,33.242233276,ok
Windows-x86_64,13th Gen Intel(R) Core(TM) i9-13900H,clang-22.1.8 (https://github.com/msys2/MINGW-packages 6e4e79c2f86eeb534e324e583f2057dc9fd5ecab),SM4-128,ref,xts-gb-dec,512,15,2924500,262144,11.156082153,0.089637203,33.414558411,ok
Windows-x86_64,13th Gen Intel(R) Core(TM) i9-13900H,clang-22.1.8 (https://github.com/msys2/MINGW-packages 6e4e79c2f86eeb534e324e583f2057dc9fd5ecab),SM4-128,ref,xts-gb-dec,4096,1,2768200,262144,10.559844971,0.094698360,31.629974365,ok
Windows-x86_64,13th Gen Intel(R) Core(TM) i9-13900H,clang-22.1.8 (https://github.com/msys2/MINGW-packages 6e4e79c2f86eeb534e324e583f2057dc9fd5ecab),SM4-128,ref,xts-gb-dec,4096,2,2809600,262144,10.717773438,0.093302961,32.101966858,ok
Windows-x86_64,13th Gen Intel(R) Core(TM) i9-13900H,clang-22.1.8 (https://github.com/msys2/MINGW-packages 6e4e79c2f86eeb534e324e583f2057dc9fd5ecab),SM4-128,ref,xts-gb-dec,4096,3,2794200,262144,10.659027100,0.093817193,31.926437378,ok
Windows-x86_64,13th Gen Intel(R) Core(TM) i9-13900H,clang-22.1.8 (https://github.com/msys2/MINGW-packages 6e4e79c2f86eeb534e324e583f2057dc9fd5ecab),SM4-128,ref,xts-gb-dec,4096,4,2652000,262144,10.116577148,0.098847662,30.302345276,ok
Windows-x86_64,13th Gen Intel(R) Core(TM) i9-13900H,clang-22.1.8 (https://github.com/msys2/MINGW-packages 6e4e79c2f86eeb534e324e583f2057dc9fd5ecab),SM4-128,ref,xts-gb-dec,4096,5,2652100,262144,10.116958618,0.098843935,30.302894592,ok
Windows-x86_64,13th Gen Intel(R) Core(TM) i9-13900H,clang-22.1.8 (https://github.com/msys2/MINGW-packages 6e4e79c2f86eeb534e324e583f2057dc9fd5ecab),SM4-128,ref,xts-gb-dec,4096,6,2685800,262144,10.245513916,0.097603693,30.688171387,ok
Windows-x86_64,13th Gen Intel(R) Core(TM) i9-13900H,clang-22.1.8 (https://github.com/msys2/MINGW-packages 6e4e79c2f86eeb534e324e583f2057dc9fd5ecab),SM4-128,ref,xts-gb-dec,4096,7,2839900,262144,10.833358765,0.092307476,32.448127747,ok
Windows-x86_64,13th Gen Intel(R) Core(TM) i9-13900H,clang-22.1.8 (https://github.com/msys2/MINGW-packages 6e4e79c2f86eeb534e324e583f2057dc9fd5ecab),SM4-128,ref,xts-gb-dec,4096,8,3146300,262144,12.002182007,0.083318183,35.949531555,ok
Windows-x86_64,13th Gen Intel(R) Core(TM) i9-13900H,clang-22.1.8 (https://github.com/msys2/MINGW-packages 6e4e79c2f86eeb534e324e583f2057dc9fd5ecab),SM4-128,ref,xts-gb-dec,4096,9,2797300,262144,10.670852661,0.093713223,31.962158203,ok
Windows-x86_64,13th Gen Intel(R) Core(TM) i9-13900H,clang-22.1.8 (https://github.com/msys2/MINGW-packages 6e4e79c2f86eeb534e324e583f2057dc9fd5ecab),SM4-128,ref,xts-gb-dec,4096,10,2828600,262144,10.790252686,0.092676236,32.319458008,ok
Windows-x86_64,13th Gen Intel(R) Core(TM) i9-13900H,clang-22.1.8 (https://github.com/msys2/MINGW-packages 6e4e79c2f86eeb534e324e583f2057dc9fd5ecab),SM4-128,ref,xts-gb-dec,4096,11,2874900,262144,10.966873169,0.091183693,32.848815918,ok
Windows-x86_64,13th Gen Intel(R) Core(TM) i9-13900H,clang-22.1.8 (https://github.com/msys2/MINGW-packages 6e4e79c2f86eeb534e324e583f2057dc9fd5ecab),SM4-128,ref,xts-gb-dec,4096,12,2928800,262144,11.172485352,0.089505600,33.464645386,ok
Windows-x86_64,13th Gen Intel(R) Core(TM) i9-13900H,clang-22.1.8 (https://github.com/msys2/MINGW-packages 6e4e79c2f86eeb534e324e583f2057dc9fd5ecab),SM4-128,ref,xts-gb-dec,4096,13,2844800,262144,10.852050781,0.092148481,32.504241943,ok
Windows-x86_64,13th Gen Intel(R) Core(TM) i9-13900H,clang-22.1.8 (https://github.com/msys2/MINGW-packages 6e4e79c2f86eeb534e324e583f2057dc9fd5ecab),SM4-128,ref,xts-gb-dec,4096,14,2839400,262144,10.831451416,0.092323730,32.442268372,ok
Windows-x86_64,13th Gen Intel(R) Core(TM) i9-13900H,clang-22.1.8 (https://github.com/msys2/MINGW-packages 6e4e79c2f86eeb534e324e583f2057dc9fd5ecab),SM4-128,ref,xts-gb-dec,4096,15,2831100,262144,10.799789429,0.092594398,32.349052429,ok
Windows-x86_64,13th Gen Intel(R) Core(TM) i9-13900H,clang-22.1.8 (https://github.com/msys2/MINGW-packages 6e4e79c2f86eeb534e324e583f2057dc9fd5ecab),SM4-128,ref,xts-gb-dec,8192,1,2918600,262144,11.133575439,0.089818406,33.348518372,ok
Windows-x86_64,13th Gen Intel(R) Core(TM) i9-13900H,clang-22.1.8 (https://github.com/msys2/MINGW-packages 6e4e79c2f86eeb534e324e583f2057dc9fd5ecab),SM4-128,ref,xts-gb-dec,8192,2,2822000,262144,10.765075684,0.092892984,32.244934082,ok
Windows-x86_64,13th Gen Intel(R) Core(TM) i9-13900H,clang-22.1.8 (https://github.com/msys2/MINGW-packages 6e4e79c2f86eeb534e324e583f2057dc9fd5ecab),SM4-128,ref,xts-gb-dec,8192,3,2824900,262144,10.776138306,0.092797621,32.277709961,ok
Windows-x86_64,13th Gen Intel(R) Core(TM) i9-13900H,clang-22.1.8 (https://github.com/msys2/MINGW-packages 6e4e79c2f86eeb534e324e583f2057dc9fd5ecab),SM4-128,ref,xts-gb-dec,8192,4,2780800,262144,10.607910156,0.094269275,31.773017883,ok
Windows-x86_64,13th Gen Intel(R) Core(TM) i9-13900H,clang-22.1.8 (https://github.com/msys2/MINGW-packages 6e4e79c2f86eeb534e324e583f2057dc9fd5ecab),SM4-128,ref,xts-gb-dec,8192,5,2747000,262144,10.478973389,0.095429195,31.387260437,ok
Windows-x86_64,13th Gen Intel(R) Core(TM) i9-13900H,clang-22.1.8 (https://github.com/msys2/MINGW-packages 6e4e79c2f86eeb534e324e583f2057dc9fd5ecab),SM4-128,ref,xts-gb-dec,8192,6,2809700,262144,10.718154907,0.093299641,32.103279114,ok
Windows-x86_64,13th Gen Intel(R) Core(TM) i9-13900H,clang-22.1.8 (https://github.com/msys2/MINGW-packages 6e4e79c2f86eeb534e324e583f2057dc9fd5ecab),SM4-128,ref,xts-gb-dec,8192,7,2862000,262144,10.917663574,0.091594689,32.701683044,ok
Windows-x86_64,13th Gen Intel(R) Core(TM) i9-13900H,clang-22.1.8 (https://github.com/msys2/MINGW-packages 6e4e79c2f86eeb534e324e583f2057dc9fd5ecab),SM4-128,ref,xts-gb-dec,8192,8,2801000,262144,10.684967041,0.093589432,32.003593445,ok
Windows-x86_64,13th Gen Intel(R) Core(TM) i9-13900H,clang-22.1.8 (https://github.com/msys2/MINGW-packages 6e4e79c2f86eeb534e324e583f2057dc9fd5ecab),SM4-128,ref,xts-gb-dec,8192,9,2949400,262144,11.251068115,0.088880450,33.699890137,ok
Windows-x86_64,13th Gen Intel(R) Core(TM) i9-13900H,clang-22.1.8 (https://github.com/msys2/MINGW-packages 6e4e79c2f86eeb534e324e583f2057dc9fd5ecab),SM4-128,ref,xts-gb-dec,8192,10,2838900,262144,10.829544067,0.092339991,32.436828613,ok
Windows-x86_64,13th Gen Intel(R) Core(TM) i9-13900H,clang-22.1.8 (https://github.com/msys2/MINGW-packages 6e4e79c2f86eeb534e324e583f2057dc9fd5ecab),SM4-128,ref,xts-gb-dec,8192,11,2767600,262144,10.557556152,0.094718890,31.623016357,ok
Windows-x86_64,13th Gen Intel(R) Core(TM) i9-13900H,clang-22.1.8 (https://github.com/msys2/MINGW-packages 6e4e79c2f86eeb534e324e583f2057dc9fd5ecab),SM4-128,ref,xts-gb-dec,8192,12,2857800,262144,10.901641846,0.091729302,32.652755737,ok
Windows-x86_64,13th Gen Intel(R) Core(TM) i9-13900H,clang-22.1.8 (https://github.com/msys2/MINGW-packages 6e4e79c2f86eeb534e324e583f2057dc9fd5ecab),SM4-128,ref,xts-gb-dec,8192,13,2763500,262144,10.541915894,0.094859417,31.576652527,ok
Windows-x86_64,13th Gen Intel(R) Core(TM) i9-13900H,clang-22.1.8 (https://github.com/msys2/MINGW-packages 6e4e79c2f86eeb534e324e583f2057dc9fd5ecab),SM4-128,ref,xts-gb-dec,8192,14,2820200,262144,10.758209229,0.092952273,32.223678589,ok
Windows-x86_64,13th Gen Intel(R) Core(TM) i9-13900H,clang-22.1.8 (https://github.com/msys2/MINGW-packages 6e4e79c2f86eeb534e324e583f2057dc9fd5ecab),SM4-128,ref,xts-gb-dec,8192,15,2816900,262144,10.745620728,0.093061167,32.186157227,ok
Windows-x86_64,13th Gen Intel(R) Core(TM) i9-13900H,clang-22.1.8 (https://github.com/msys2/MINGW-packages 6e4e79c2f86eeb534e324e583f2057dc9fd5ecab),SM4-128,ref,xts-gb-dec,65536,1,2826700,262144,10.783004761,0.092738529,32.300781250,ok
Windows-x86_64,13th Gen Intel(R) Core(TM) i9-13900H,clang-22.1.8 (https://github.com/msys2/MINGW-packages 6e4e79c2f86eeb534e324e583f2057dc9fd5ecab),SM4-128,ref,xts-gb-dec,65536,2,2836400,262144,10.820007324,0.092421379,32.409797668,ok
Windows-x86_64,13th Gen Intel(R) Core(TM) i9-13900H,clang-22.1.8 (https://github.com/msys2/MINGW-packages 6e4e79c2f86eeb534e324e583f2057dc9fd5ecab),SM4-128,ref,xts-gb-dec,65536,3,2808700,262144,10.714340210,0.093332859,32.092437744,ok
Windows-x86_64,13th Gen Intel(R) Core(TM) i9-13900H,clang-22.1.8 (https://github.com/msys2/MINGW-packages 6e4e79c2f86eeb534e324e583f2057dc9fd5ecab),SM4-128,ref,xts-gb-dec,65536,4,2781800,262144,10.611724854,0.094235387,31.784683228,ok
Windows-x86_64,13th Gen Intel(R) Core(TM) i9-13900H,clang-22.1.8 (https://github.com/msys2/MINGW-packages 6e4e79c2f86eeb534e324e583f2057dc9fd5ecab),SM4-128,ref,xts-gb-dec,65536,5,2805800,262144,10.703277588,0.093429325,32.059143066,ok
Windows-x86_64,13th Gen Intel(R) Core(TM) i9-13900H,clang-22.1.8 (https://github.com/msys2/MINGW-packages 6e4e79c2f86eeb534e324e583f2057dc9fd5ecab),SM4-128,ref,xts-gb-dec,65536,6,2776100,262144,10.589981079,0.094428875,31.719764709,ok
Windows-x86_64,13th Gen Intel(R) Core(TM) i9-13900H,clang-22.1.8 (https://github.com/msys2/MINGW-packages 6e4e79c2f86eeb534e324e583f2057dc9fd5ecab),SM4-128,ref,xts-gb-dec,65536,7,2769400,262144,10.564422607,0.094657326,31.643035889,ok
Windows-x86_64,13th Gen Intel(R) Core(TM) i9-13900H,clang-22.1.8 (https://github.com/msys2/MINGW-packages 6e4e79c2f86eeb534e324e583f2057dc9fd5ecab),SM4-128,ref,xts-gb-dec,65536,8,2752000,262144,10.498046875,0.095255814,31.445121765,ok
Windows-x86_64,13th Gen Intel(R) Core(TM) i9-13900H,clang-22.1.8 (https://github.com/msys2/MINGW-packages 6e4e79c2f86eeb534e324e583f2057dc9fd5ecab),SM4-128,ref,xts-gb-dec,65536,9,2754700,262144,10.508346558,0.095162450,31.475212097,ok
Windows-x86_64,13th Gen Intel(R) Core(TM) i9-13900H,clang-22.1.8 (https://github.com/msys2/MINGW-packages 6e4e79c2f86eeb534e324e583f2057dc9fd5ecab),SM4-128,ref,xts-gb-dec,65536,10,2769200,262144,10.563659668,0.094664163,31.641830444,ok
Windows-x86_64,13th Gen Intel(R) Core(TM) i9-13900H,clang-22.1.8 (https://github.com/msys2/MINGW-packages 6e4e79c2f86eeb534e324e583f2057dc9fd5ecab),SM4-128,ref,xts-gb-dec,65536,11,2834100,262144,10.811233521,0.092496383,32.382194519,ok
Windows-x86_64,13th Gen Intel(R) Core(TM) i9-13900H,clang-22.1.8 (https://github.com/msys2/MINGW-packages 6e4e79c2f86eeb534e324e583f2057dc9fd5ecab),SM4-128,ref,xts-gb-dec,65536,12,2807600,262144,10.710144043,0.093369426,32.079368591,ok
Windows-x86_64,13th Gen Intel(R) Core(TM) i9-13900H,clang-22.1.8 (https://github.com/msys2/MINGW-packages 6e4e79c2f86eeb534e324e583f2057dc9fd5ecab),SM4-128,ref,xts-gb-dec,65536,13,2783500,262144,10.618209839,0.094177834,31.804908752,ok
Windows-x86_64,13th Gen Intel(R) Core(TM) i9-13900H,clang-22.1.8 (https://github.com/msys2/MINGW-packages 6e4e79c2f86eeb534e324e583f2057dc9fd5ecab),SM4-128,ref,xts-gb-dec,65536,14,2749000,262144,10.486602783,0.095359767,31.409400940,ok
Windows-x86_64,13th Gen Intel(R) Core(TM) i9-13900H,clang-22.1.8 (https://github.com/msys2/MINGW-packages 6e4e79c2f86eeb534e324e583f2057dc9fd5ecab),SM4-128,ref,xts-gb-dec,65536,15,2744100,262144,10.467910767,0.095530046,31.353881836,ok
Windows-x86_64,13th Gen Intel(R) Core(TM) i9-13900H,clang-22.1.8 (https://github.com/msys2/MINGW-packages 6e4e79c2f86eeb534e324e583f2057dc9fd5ecab),SM4-128,ref,xts-gb-dec,1048576,1,11295100,1048576,10.771846771,0.092834592,32.270074844,ok
Windows-x86_64,13th Gen Intel(R) Core(TM) i9-13900H,clang-22.1.8 (https://github.com/msys2/MINGW-packages 6e4e79c2f86eeb534e324e583f2057dc9fd5ecab),SM4-128,ref,xts-gb-dec,1048576,2,11097400,1048576,10.583305359,0.094488439,31.699499130,ok
Windows-x86_64,13th Gen Intel(R) Core(TM) i9-13900H,clang-22.1.8 (https://github.com/msys2/MINGW-packages 6e4e79c2f86eeb534e324e583f2057dc9fd5ecab),SM4-128,ref,xts-gb-dec,1048576,3,11234800,1048576,10.714340210,0.093332859,32.092035294,ok
Windows-x86_64,13th Gen Intel(R) Core(TM) i9-13900H,clang-22.1.8 (https://github.com/msys2/MINGW-packages 6e4e79c2f86eeb534e324e583f2057dc9fd5ecab),SM4-128,ref,xts-gb-dec,1048576,4,11101400,1048576,10.587120056,0.094454393,31.711051941,ok
Windows-x86_64,13th Gen Intel(R) Core(TM) i9-13900H,clang-22.1.8 (https://github.com/msys2/MINGW-packages 6e4e79c2f86eeb534e324e583f2057dc9fd5ecab),SM4-128,ref,xts-gb-dec,1048576,5,11509100,1048576,10.975933075,0.091108427,32.875490189,ok
Windows-x86_64,13th Gen Intel(R) Core(TM) i9-13900H,clang-22.1.8 (https://github.com/msys2/MINGW-packages 6e4e79c2f86eeb534e324e583f2057dc9fd5ecab),SM4-128,ref,xts-gb-dec,1048576,6,11416300,1048576,10.887432098,0.091849023,32.610422134,ok
Windows-x86_64,13th Gen Intel(R) Core(TM) i9-13900H,clang-22.1.8 (https://github.com/msys2/MINGW-packages 6e4e79c2f86eeb534e324e583f2057dc9fd5ecab),SM4-128,ref,xts-gb-dec,1048576,7,11289000,1048576,10.766029358,0.092884755,32.246676445,ok
Windows-x86_64,13th Gen Intel(R) Core(TM) i9-13900H,clang-22.1.8 (https://github.com/msys2/MINGW-packages 6e4e79c2f86eeb534e324e583f2057dc9fd5ecab),SM4-128,ref,xts-gb-dec,1048576,8,11138700,1048576,10.622692108,0.094138095,31.817858696,ok
Windows-x86_64,13th Gen Intel(R) Core(TM) i9-13900H,clang-22.1.8 (https://github.com/msys2/MINGW-packages 6e4e79c2f86eeb534e324e583f2057dc9fd5ecab),SM4-128,ref,xts-gb-dec,1048576,9,10659000,1048576,10.165214539,0.098374707,30.447362900,ok
Windows-x86_64,13th Gen Intel(R) Core(TM) i9-13900H,clang-22.1.8 (https://github.com/msys2/MINGW-packages 6e4e79c2f86eeb534e324e583f2057dc9fd5ecab),SM4-128,ref,xts-gb-dec,1048576,10,11708200,1048576,11.165809631,0.089559112,33.444110870,ok
Windows-x86_64,13th Gen Intel(R) Core(TM) i9-13900H,clang-22.1.8 (https://github.com/msys2/MINGW-packages 6e4e79c2f86eeb534e324e583f2057dc9fd5ecab),SM4-128,ref,xts-gb-dec,1048576,11,11384100,1048576,10.856723785,0.092108818,32.518611908,ok
Windows-x86_64,13th Gen Intel(R) Core(TM) i9-13900H,clang-22.1.8 (https://github.com/msys2/MINGW-packages 6e4e79c2f86eeb534e324e583f2057dc9fd5ecab),SM4-128,ref,xts-gb-dec,1048576,12,11176900,1048576,10.659122467,0.093816353,31.926643372,ok
Windows-x86_64,13th Gen Intel(R) Core(TM) i9-13900H,clang-22.1.8 (https://github.com/msys2/MINGW-packages 6e4e79c2f86eeb534e324e583f2057dc9fd5ecab),SM4-128,ref,xts-gb-dec,1048576,13,11110400,1048576,10.595703125,0.094377880,31.736680984,ok
Windows-x86_64,13th Gen Intel(R) Core(TM) i9-13900H,clang-22.1.8 (https://github.com/msys2/MINGW-packages 6e4e79c2f86eeb534e324e583f2057dc9fd5ecab),SM4-128,ref,xts-gb-dec,1048576,14,11240900,1048576,10.720157623,0.093282210,32.109275818,ok
Windows-x86_64,13th Gen Intel(R) Core(TM) i9-13900H,clang-22.1.8 (https://github.com/msys2/MINGW-packages 6e4e79c2f86eeb534e324e583f2057dc9fd5ecab),SM4-128,ref,xts-gb-dec,1048576,15,11258200,1048576,10.736656189,0.093138868,32.158556938,ok
Windows-x86_64,13th Gen Intel(R) Core(TM) i9-13900H,clang-22.1.8 (https://github.com/msys2/MINGW-packages 6e4e79c2f86eeb534e324e583f2057dc9fd5ecab),SM4-128,aes-hw,xts-gb,64,1,2976900,262144,11.355972290,0.088059391,34.030364990,ok
Windows-x86_64,13th Gen Intel(R) Core(TM) i9-13900H,clang-22.1.8 (https://github.com/msys2/MINGW-packages 6e4e79c2f86eeb534e324e583f2057dc9fd5ecab),SM4-128,aes-hw,xts-gb,64,2,2961700,262144,11.297988892,0.088511328,33.841049194,ok
Windows-x86_64,13th Gen Intel(R) Core(TM) i9-13900H,clang-22.1.8 (https://github.com/msys2/MINGW-packages 6e4e79c2f86eeb534e324e583f2057dc9fd5ecab),SM4-128,aes-hw,xts-gb,64,3,3050100,262144,11.635208130,0.085946035,34.850822449,ok
Windows-x86_64,13th Gen Intel(R) Core(TM) i9-13900H,clang-22.1.8 (https://github.com/msys2/MINGW-packages 6e4e79c2f86eeb534e324e583f2057dc9fd5ecab),SM4-128,aes-hw,xts-gb,64,4,2959800,262144,11.290740967,0.088568146,33.818725586,ok
Windows-x86_64,13th Gen Intel(R) Core(TM) i9-13900H,clang-22.1.8 (https://github.com/msys2/MINGW-packages 6e4e79c2f86eeb534e324e583f2057dc9fd5ecab),SM4-128,aes-hw,xts-gb,64,5,3015100,262144,11.501693726,0.086943717,34.450241089,ok
Windows-x86_64,13th Gen Intel(R) Core(TM) i9-13900H,clang-22.1.8 (https://github.com/msys2/MINGW-packages 6e4e79c2f86eeb534e324e583f2057dc9fd5ecab),SM4-128,aes-hw,xts-gb,64,6,3468000,262144,13.229370117,0.075589389,39.625526428,ok
Windows-x86_64,13th Gen Intel(R) Core(TM) i9-13900H,clang-22.1.8 (https://github.com/msys2/MINGW-packages 6e4e79c2f86eeb534e324e583f2057dc9fd5ecab),SM4-128,aes-hw,xts-gb,64,7,3297900,262144,12.580490112,0.079488159,37.681358337,ok
Windows-x86_64,13th Gen Intel(R) Core(TM) i9-13900H,clang-22.1.8 (https://github.com/msys2/MINGW-packages 6e4e79c2f86eeb534e324e583f2057dc9fd5ecab),SM4-128,aes-hw,xts-gb,64,8,3222000,262144,12.290954590,0.081360646,36.814903259,ok
Windows-x86_64,13th Gen Intel(R) Core(TM) i9-13900H,clang-22.1.8 (https://github.com/msys2/MINGW-packages 6e4e79c2f86eeb534e324e583f2057dc9fd5ecab),SM4-128,aes-hw,xts-gb,64,9,3109800,262144,11.862945557,0.084296096,35.532508850,ok
Windows-x86_64,13th Gen Intel(R) Core(TM) i9-13900H,clang-22.1.8 (https://github.com/msys2/MINGW-packages 6e4e79c2f86eeb534e324e583f2057dc9fd5ecab),SM4-128,aes-hw,xts-gb,64,10,3109700,262144,11.862564087,0.084298807,35.531944275,ok
Windows-x86_64,13th Gen Intel(R) Core(TM) i9-13900H,clang-22.1.8 (https://github.com/msys2/MINGW-packages 6e4e79c2f86eeb534e324e583f2057dc9fd5ecab),SM4-128,aes-hw,xts-gb,64,11,3148300,262144,12.009811401,0.083265254,35.971794128,ok
Windows-x86_64,13th Gen Intel(R) Core(TM) i9-13900H,clang-22.1.8 (https://github.com/msys2/MINGW-packages 6e4e79c2f86eeb534e324e583f2057dc9fd5ecab),SM4-128,aes-hw,xts-gb,64,12,3157900,262144,12.046432495,0.083012128,36.082443237,ok
Windows-x86_64,13th Gen Intel(R) Core(TM) i9-13900H,clang-22.1.8 (https://github.com/msys2/MINGW-packages 6e4e79c2f86eeb534e324e583f2057dc9fd5ecab),SM4-128,aes-hw,xts-gb,64,13,3154500,262144,12.033462524,0.083101601,36.043212891,ok
Windows-x86_64,13th Gen Intel(R) Core(TM) i9-13900H,clang-22.1.8 (https://github.com/msys2/MINGW-packages 6e4e79c2f86eeb534e324e583f2057dc9fd5ecab),SM4-128,aes-hw,xts-gb,64,14,3178900,262144,12.126541138,0.082463745,36.322959900,ok
Windows-x86_64,13th Gen Intel(R) Core(TM) i9-13900H,clang-22.1.8 (https://github.com/msys2/MINGW-packages 6e4e79c2f86eeb534e324e583f2057dc9fd5ecab),SM4-128,aes-hw,xts-gb,64,15,3191400,262144,12.174224854,0.082140753,36.463973999,ok
Windows-x86_64,13th Gen Intel(R) Core(TM) i9-13900H,clang-22.1.8 (https://github.com/msys2/MINGW-packages 6e4e79c2f86eeb534e324e583f2057dc9fd5ecab),SM4-128,aes-hw,xts-gb,512,1,1832800,262144,6.991577148,0.143029245,20.942771912,ok
Windows-x86_64,13th Gen Intel(R) Core(TM) i9-13900H,clang-22.1.8 (https://github.com/msys2/MINGW-packages 6e4e79c2f86eeb534e324e583f2057dc9fd5ecab),SM4-128,aes-hw,xts-gb,512,2,1837500,262144,7.009506226,0.142663401,20.996276855,ok
Windows-x86_64,13th Gen Intel(R) Core(TM) i9-13900H,clang-22.1.8 (https://github.com/msys2/MINGW-packages 6e4e79c2f86eeb534e324e583f2057dc9fd5ecab),SM4-128,aes-hw,xts-gb,512,3,1837900,262144,7.011032104,0.142632352,21.000160217,ok
Windows-x86_64,13th Gen Intel(R) Core(TM) i9-13900H,clang-22.1.8 (https://github.com/msys2/MINGW-packages 6e4e79c2f86eeb534e324e583f2057dc9fd5ecab),SM4-128,aes-hw,xts-gb,512,4,1828400,262144,6.974792480,0.143373441,20.891204834,ok
Windows-x86_64,13th Gen Intel(R) Core(TM) i9-13900H,clang-22.1.8 (https://github.com/msys2/MINGW-packages 6e4e79c2f86eeb534e324e583f2057dc9fd5ecab),SM4-128,aes-hw,xts-gb,512,5,1819900,262144,6.942367554,0.144043079,20.794441223,ok
Windows-x86_64,13th Gen Intel(R) Core(TM) i9-13900H,clang-22.1.8 (https://github.com/msys2/MINGW-packages 6e4e79c2f86eeb534e324e583f2057dc9fd5ecab),SM4-128,aes-hw,xts-gb,512,6,1799100,262144,6.863021851,0.145708410,20.556274414,ok
Windows-x86_64,13th Gen Intel(R) Core(TM) i9-13900H,clang-22.1.8 (https://github.com/msys2/MINGW-packages 6e4e79c2f86eeb534e324e583f2057dc9fd5ecab),SM4-128,aes-hw,xts-gb,512,7,1796800,262144,6.854248047,0.145894924,20.530189514,ok
Windows-x86_64,13th Gen Intel(R) Core(TM) i9-13900H,clang-22.1.8 (https://github.com/msys2/MINGW-packages 6e4e79c2f86eeb534e324e583f2057dc9fd5ecab),SM4-128,aes-hw,xts-gb,512,8,1805800,262144,6.888580322,0.145167793,20.633583069,ok
Windows-x86_64,13th Gen Intel(R) Core(TM) i9-13900H,clang-22.1.8 (https://github.com/msys2/MINGW-packages 6e4e79c2f86eeb534e324e583f2057dc9fd5ecab),SM4-128,aes-hw,xts-gb,512,9,1845600,262144,7.040405273,0.142037278,21.087791443,ok
Windows-x86_64,13th Gen Intel(R) Core(TM) i9-13900H,clang-22.1.8 (https://github.com/msys2/MINGW-packages 6e4e79c2f86eeb534e324e583f2057dc9fd5ecab),SM4-128,aes-hw,xts-gb,512,10,1843800,262144,7.033538818,0.142175941,21.066970825,ok
Windows-x86_64,13th Gen Intel(R) Core(TM) i9-13900H,clang-22.1.8 (https://github.com/msys2/MINGW-packages 6e4e79c2f86eeb534e324e583f2057dc9fd5ecab),SM4-128,aes-hw,xts-gb,512,11,1835500,262144,7.001876831,0.142818850,20.972358704,ok
Windows-x86_64,13th Gen Intel(R) Core(TM) i9-13900H,clang-22.1.8 (https://github.com/msys2/MINGW-packages 6e4e79c2f86eeb534e324e583f2057dc9fd5ecab),SM4-128,aes-hw,xts-gb,512,12,1834100,262144,6.996536255,0.142927867,20.957305908,ok
Windows-x86_64,13th Gen Intel(R) Core(TM) i9-13900H,clang-22.1.8 (https://github.com/msys2/MINGW-packages 6e4e79c2f86eeb534e324e583f2057dc9fd5ecab),SM4-128,aes-hw,xts-gb,512,13,1837100,262144,7.007980347,0.142694464,20.991348267,ok
Windows-x86_64,13th Gen Intel(R) Core(TM) i9-13900H,clang-22.1.8 (https://github.com/msys2/MINGW-packages 6e4e79c2f86eeb534e324e583f2057dc9fd5ecab),SM4-128,aes-hw,xts-gb,512,14,1806300,262144,6.890487671,0.145127609,20.639457703,ok
Windows-x86_64,13th Gen Intel(R) Core(TM) i9-13900H,clang-22.1.8 (https://github.com/msys2/MINGW-packages 6e4e79c2f86eeb534e324e583f2057dc9fd5ecab),SM4-128,aes-hw,xts-gb,512,15,1796800,262144,6.854248047,0.145894924,20.529609680,ok
Windows-x86_64,13th Gen Intel(R) Core(TM) i9-13900H,clang-22.1.8 (https://github.com/msys2/MINGW-packages 6e4e79c2f86eeb534e324e583f2057dc9fd5ecab),SM4-128,aes-hw,xts-gb,4096,1,1625100,262144,6.199264526,0.161309458,18.569786072,ok
Windows-x86_64,13th Gen Intel(R) Core(TM) i9-13900H,clang-22.1.8 (https://github.com/msys2/MINGW-packages 6e4e79c2f86eeb534e324e583f2057dc9fd5ecab),SM4-128,aes-hw,xts-gb,4096,2,1658600,262144,6.327056885,0.158051369,18.951789856,ok
Windows-x86_64,13th Gen Intel(R) Core(TM) i9-13900H,clang-22.1.8 (https://github.com/msys2/MINGW-packages 6e4e79c2f86eeb534e324e583f2057dc9fd5ecab),SM4-128,aes-hw,xts-gb,4096,3,1645800,262144,6.278228760,0.159280593,18.805236816,ok
Windows-x86_64,13th Gen Intel(R) Core(TM) i9-13900H,clang-22.1.8 (https://github.com/msys2/MINGW-packages 6e4e79c2f86eeb534e324e583f2057dc9fd5ecab),SM4-128,aes-hw,xts-gb,4096,4,1629600,262144,6.216430664,0.160864016,18.619338989,ok
Windows-x86_64,13th Gen Intel(R) Core(TM) i9-13900H,clang-22.1.8 (https://github.com/msys2/MINGW-packages 6e4e79c2f86eeb534e324e583f2057dc9fd5ecab),SM4-128,aes-hw,xts-gb,4096,5,1657500,262144,6.322860718,0.158156259,18.939353943,ok
Windows-x86_64,13th Gen Intel(R) Core(TM) i9-13900H,clang-22.1.8 (https://github.com/msys2/MINGW-packages 6e4e79c2f86eeb534e324e583f2057dc9fd5ecab),SM4-128,aes-hw,xts-gb,4096,6,1666100,262144,6.355667114,0.157339896,19.036499023,ok
Windows-x86_64,13th Gen Intel(R) Core(TM) i9-13900H,clang-22.1.8 (https://github.com/msys2/MINGW-packages 6e4e79c2f86eeb534e324e583f2057dc9fd5ecab),SM4-128,aes-hw,xts-gb,4096,7,1676200,262144,6.394195557,0.156391839,19.152137756,ok
Windows-x86_64,13th Gen Intel(R) Core(TM) i9-13900H,clang-22.1.8 (https://github.com/msys2/MINGW-packages 6e4e79c2f86eeb534e324e583f2057dc9fd5ecab),SM4-128,aes-hw,xts-gb,4096,8,1670600,262144,6.372833252,0.156916078,19.088516235,ok
Windows-x86_64,13th Gen Intel(R) Core(TM) i9-13900H,clang-22.1.8 (https://github.com/msys2/MINGW-packages 6e4e79c2f86eeb534e324e583f2057dc9fd5ecab),SM4-128,aes-hw,xts-gb,4096,9,1669200,262144,6.367492676,0.157047688,19.072891235,ok
Windows-x86_64,13th Gen Intel(R) Core(TM) i9-13900H,clang-22.1.8 (https://github.com/msys2/MINGW-packages 6e4e79c2f86eeb534e324e583f2057dc9fd5ecab),SM4-128,aes-hw,xts-gb,4096,10,1747800,262144,6.667327881,0.149985124,19.969871521,ok
Windows-x86_64,13th Gen Intel(R) Core(TM) i9-13900H,clang-22.1.8 (https://github.com/msys2/MINGW-packages 6e4e79c2f86eeb534e324e583f2057dc9fd5ecab),SM4-128,aes-hw,xts-gb,4096,11,1665300,262144,6.352615356,0.157415481,19.028526306,ok
Windows-x86_64,13th Gen Intel(R) Core(TM) i9-13900H,clang-22.1.8 (https://github.com/msys2/MINGW-packages 6e4e79c2f86eeb534e324e583f2057dc9fd5ecab),SM4-128,aes-hw,xts-gb,4096,12,1672000,262144,6.378173828,0.156784689,19.104225159,ok
Windows-x86_64,13th Gen Intel(R) Core(TM) i9-13900H,clang-22.1.8 (https://github.com/msys2/MINGW-packages 6e4e79c2f86eeb534e324e583f2057dc9fd5ecab),SM4-128,aes-hw,xts-gb,4096,13,1669000,262144,6.366729736,0.157066507,19.070838928,ok
Windows-x86_64,13th Gen Intel(R) Core(TM) i9-13900H,clang-22.1.8 (https://github.com/msys2/MINGW-packages 6e4e79c2f86eeb534e324e583f2057dc9fd5ecab),SM4-128,aes-hw,xts-gb,4096,14,1665500,262144,6.353378296,0.157396578,19.031181335,ok
Windows-x86_64,13th Gen Intel(R) Core(TM) i9-13900H,clang-22.1.8 (https://github.com/msys2/MINGW-packages 6e4e79c2f86eeb534e324e583f2057dc9fd5ecab),SM4-128,aes-hw,xts-gb,4096,15,1667400,262144,6.360626221,0.157217224,19.052192688,ok
Windows-x86_64,13th Gen Intel(R) Core(TM) i9-13900H,clang-22.1.8 (https://github.com/msys2/MINGW-packages 6e4e79c2f86eeb534e324e583f2057dc9fd5ecab),SM4-128,aes-hw,xts-gb,8192,1,1715400,262144,6.543731689,0.152818002,19.601848602,ok
Windows-x86_64,13th Gen Intel(R) Core(TM) i9-13900H,clang-22.1.8 (https://github.com/msys2/MINGW-packages 6e4e79c2f86eeb534e324e583f2057dc9fd5ecab),SM4-128,aes-hw,xts-gb,8192,2,1747900,262144,6.667709351,0.149976543,19.971462250,ok
Windows-x86_64,13th Gen Intel(R) Core(TM) i9-13900H,clang-22.1.8 (https://github.com/msys2/MINGW-packages 6e4e79c2f86eeb534e324e583f2057dc9fd5ecab),SM4-128,aes-hw,xts-gb,8192,3,1682800,262144,6.419372559,0.155778464,19.228881836,ok
Windows-x86_64,13th Gen Intel(R) Core(TM) i9-13900H,clang-22.1.8 (https://github.com/msys2/MINGW-packages 6e4e79c2f86eeb534e324e583f2057dc9fd5ecab),SM4-128,aes-hw,xts-gb,8192,4,1653800,262144,6.308746338,0.158510098,18.897109985,ok
Windows-x86_64,13th Gen Intel(R) Core(TM) i9-13900H,clang-22.1.8 (https://github.com/msys2/MINGW-packages 6e4e79c2f86eeb534e324e583f2057dc9fd5ecab),SM4-128,aes-hw,xts-gb,8192,5,1652300,262144,6.303024292,0.158653997,18.879905701,ok
Windows-x86_64,13th Gen Intel(R) Core(TM) i9-13900H,clang-22.1.8 (https://github.com/msys2/MINGW-packages 6e4e79c2f86eeb534e324e583f2057dc9fd5ecab),SM4-128,aes-hw,xts-gb,8192,6,1593200,262144,6.077575684,0.164539292,18.204376221,ok
Windows-x86_64,13th Gen Intel(R) Core(TM) i9-13900H,clang-22.1.8 (https://github.com/msys2/MINGW-packages 6e4e79c2f86eeb534e324e583f2057dc9fd5ecab),SM4-128,aes-hw,xts-gb,8192,7,1579700,262144,6.026077271,0.165945433,18.049713135,ok
Windows-x86_64,13th Gen Intel(R) Core(TM) i9-13900H,clang-22.1.8 (https://github.com/msys2/MINGW-packages 6e4e79c2f86eeb534e324e583f2057dc9fd5ecab),SM4-128,aes-hw,xts-gb,8192,8,1595200,262144,6.085205078,0.164332999,18.227890015,ok
Windows-x86_64,13th Gen Intel(R) Core(TM) i9-13900H,clang-22.1.8 (https://github.com/msys2/MINGW-packages 6e4e79c2f86eeb534e324e583f2057dc9fd5ecab),SM4-128,aes-hw,xts-gb,8192,9,1591100,262144,6.069564819,0.164756458,18.180755615,ok
Windows-x86_64,13th Gen Intel(R) Core(TM) i9-13900H,clang-22.1.8 (https://github.com/msys2/MINGW-packages 6e4e79c2f86eeb534e324e583f2057dc9fd5ecab),SM4-128,aes-hw,xts-gb,8192,10,1619700,262144,6.178665161,0.161847256,18.507041931,ok
Windows-x86_64,13th Gen Intel(R) Core(TM) i9-13900H,clang-22.1.8 (https://github.com/msys2/MINGW-packages 6e4e79c2f86eeb534e324e583f2057dc9fd5ecab),SM4-128,aes-hw,xts-gb,8192,11,1615000,262144,6.160736084,0.162318266,18.452674866,ok
Windows-x86_64,13th Gen Intel(R) Core(TM) i9-13900H,clang-22.1.8 (https://github.com/msys2/MINGW-packages 6e4e79c2f86eeb534e324e583f2057dc9fd5ecab),SM4-128,aes-hw,xts-gb,8192,12,1616100,262144,6.164932251,0.162207784,18.466262817,ok
Windows-x86_64,13th Gen Intel(R) Core(TM) i9-13900H,clang-22.1.8 (https://github.com/msys2/MINGW-packages 6e4e79c2f86eeb534e324e583f2057dc9fd5ecab),SM4-128,aes-hw,xts-gb,8192,13,1635600,262144,6.239318848,0.160273906,18.688392639,ok
Windows-x86_64,13th Gen Intel(R) Core(TM) i9-13900H,clang-22.1.8 (https://github.com/msys2/MINGW-packages 6e4e79c2f86eeb534e324e583f2057dc9fd5ecab),SM4-128,aes-hw,xts-gb,8192,14,1650000,262144,6.294250488,0.158875152,18.853515625,ok
Windows-x86_64,13th Gen Intel(R) Core(TM) i9-13900H,clang-22.1.8 (https://github.com/msys2/MINGW-packages 6e4e79c2f86eeb534e324e583f2057dc9fd5ecab),SM4-128,aes-hw,xts-gb,8192,15,1683200,262144,6.420898438,0.155741445,19.232574463,ok
Windows-x86_64,13th Gen Intel(R) Core(TM) i9-13900H,clang-22.1.8 (https://github.com/msys2/MINGW-packages 6e4e79c2f86eeb534e324e583f2057dc9fd5ecab),SM4-128,aes-hw,xts-gb,65536,1,1696700,262144,6.472396851,0.154502269,19.388122559,ok
Windows-x86_64,13th Gen Intel(R) Core(TM) i9-13900H,clang-22.1.8 (https://github.com/msys2/MINGW-packages 6e4e79c2f86eeb534e324e583f2057dc9fd5ecab),SM4-128,aes-hw,xts-gb,65536,2,1708500,262144,6.517410278,0.153435177,19.521606445,ok
Windows-x86_64,13th Gen Intel(R) Core(TM) i9-13900H,clang-22.1.8 (https://github.com/msys2/MINGW-packages 6e4e79c2f86eeb534e324e583f2057dc9fd5ecab),SM4-128,aes-hw,xts-gb,65536,3,1695300,262144,6.467056274,0.154629859,19.370498657,ok
Windows-x86_64,13th Gen Intel(R) Core(TM) i9-13900H,clang-22.1.8 (https://github.com/msys2/MINGW-packages 6e4e79c2f86eeb534e324e583f2057dc9fd5ecab),SM4-128,aes-hw,xts-gb,65536,4,1667500,262144,6.361007690,0.157207796,19.053932190,ok
Windows-x86_64,13th Gen Intel(R) Core(TM) i9-13900H,clang-22.1.8 (https://github.com/msys2/MINGW-packages 6e4e79c2f86eeb534e324e583f2057dc9fd5ecab),SM4-128,aes-hw,xts-gb,65536,5,1662400,262144,6.341552734,0.157690087,18.993736267,ok
Windows-x86_64,13th Gen Intel(R) Core(TM) i9-13900H,clang-22.1.8 (https://github.com/msys2/MINGW-packages 6e4e79c2f86eeb534e324e583f2057dc9fd5ecab),SM4-128,aes-hw,xts-gb,65536,6,1665400,262144,6.352996826,0.157406029,19.028076172,ok
Windows-x86_64,13th Gen Intel(R) Core(TM) i9-13900H,clang-22.1.8 (https://github.com/msys2/MINGW-packages 6e4e79c2f86eeb534e324e583f2057dc9fd5ecab),SM4-128,aes-hw,xts-gb,65536,7,1655600,262144,6.315612793,0.158337763,18.916557312,ok
Windows-x86_64,13th Gen Intel(R) Core(TM) i9-13900H,clang-22.1.8 (https://github.com/msys2/MINGW-packages 6e4e79c2f86eeb534e324e583f2057dc9fd5ecab),SM4-128,aes-hw,xts-gb,65536,8,1654300,262144,6.310653687,0.158462189,18.902778625,ok
Windows-x86_64,13th Gen Intel(R) Core(TM) i9-13900H,clang-22.1.8 (https://github.com/msys2/MINGW-packages 6e4e79c2f86eeb534e324e583f2057dc9fd5ecab),SM4-128,aes-hw,xts-gb,65536,9,1654400,262144,6.311035156,0.158452611,18.903785706,ok
Windows-x86_64,13th Gen Intel(R) Core(TM) i9-13900H,clang-22.1.8 (https://github.com/msys2/MINGW-packages 6e4e79c2f86eeb534e324e583f2057dc9fd5ecab),SM4-128,aes-hw,xts-gb,65536,10,1656600,262144,6.319427490,0.158242183,18.929069519,ok
Windows-x86_64,13th Gen Intel(R) Core(TM) i9-13900H,clang-22.1.8 (https://github.com/msys2/MINGW-packages 6e4e79c2f86eeb534e324e583f2057dc9fd5ecab),SM4-128,aes-hw,xts-gb,65536,11,1657800,262144,6.324005127,0.158127639,18.941917419,ok
Windows-x86_64,13th Gen Intel(R) Core(TM) i9-13900H,clang-22.1.8 (https://github.com/msys2/MINGW-packages 6e4e79c2f86eeb534e324e583f2057dc9fd5ecab),SM4-128,aes-hw,xts-gb,65536,12,1684500,262144,6.425857544,0.155621253,19.246879578,ok
Windows-x86_64,13th Gen Intel(R) Core(TM) i9-13900H,clang-22.1.8 (https://github.com/msys2/MINGW-packages 6e4e79c2f86eeb534e324e583f2057dc9fd5ecab),SM4-128,aes-hw,xts-gb,65536,13,1658400,262144,6.326293945,0.158070429,18.948577881,ok
Windows-x86_64,13th Gen Intel(R) Core(TM) i9-13900H,clang-22.1.8 (https://github.com/msys2/MINGW-packages 6e4e79c2f86eeb534e324e583f2057dc9fd5ecab),SM4-128,aes-hw,xts-gb,65536,14,1657800,262144,6.324005127,0.158127639,18.941413879,ok
Windows-x86_64,13th Gen Intel(R) Core(TM) i9-13900H,clang-22.1.8 (https://github.com/msys2/MINGW-packages 6e4e79c2f86eeb534e324e583f2057dc9fd5ecab),SM4-128,aes-hw,xts-gb,65536,15,1673000,262144,6.381988525,0.156690974,19.116607666,ok
Windows-x86_64,13th Gen Intel(R) Core(TM) i9-13900H,clang-22.1.8 (https://github.com/msys2/MINGW-packages 6e4e79c2f86eeb534e324e583f2057dc9fd5ecab),SM4-128,aes-hw,xts-gb,1048576,1,6605700,1048576,6.299686432,0.158738060,18.870857239,ok
Windows-x86_64,13th Gen Intel(R) Core(TM) i9-13900H,clang-22.1.8 (https://github.com/msys2/MINGW-packages 6e4e79c2f86eeb534e324e583f2057dc9fd5ecab),SM4-128,aes-hw,xts-gb,1048576,2,6653700,1048576,6.345462799,0.157592918,19.006187439,ok
Windows-x86_64,13th Gen Intel(R) Core(TM) i9-13900H,clang-22.1.8 (https://github.com/msys2/MINGW-packages 6e4e79c2f86eeb534e324e583f2057dc9fd5ecab),SM4-128,aes-hw,xts-gb,1048576,3,6671600,1048576,6.362533569,0.157170094,19.057048798,ok
Windows-x86_64,13th Gen Intel(R) Core(TM) i9-13900H,clang-22.1.8 (https://github.com/msys2/MINGW-packages 6e4e79c2f86eeb534e324e583f2057dc9fd5ecab),SM4-128,aes-hw,xts-gb,1048576,4,6629400,1048576,6.322288513,0.158170574,18.936666489,ok
Windows-x86_64,13th Gen Intel(R) Core(TM) i9-13900H,clang-22.1.8 (https://github.com/msys2/MINGW-packages 6e4e79c2f86eeb534e324e583f2057dc9fd5ecab),SM4-128,aes-hw,xts-gb,1048576,5,6638000,1048576,6.330490112,0.157965652,18.961174011,ok
Windows-x86_64,13th Gen Intel(R) Core(TM) i9-13900H,clang-22.1.8 (https://github.com/msys2/MINGW-packages 6e4e79c2f86eeb534e324e583f2057dc9fd5ecab),SM4-128,aes-hw,xts-gb,1048576,6,6593200,1048576,6.287765503,0.159039010,18.833436966,ok
Windows-x86_64,13th Gen Intel(R) Core(TM) i9-13900H,clang-22.1.8 (https://github.com/msys2/MINGW-packages 6e4e79c2f86eeb534e324e583f2057dc9fd5ecab),SM4-128,aes-hw,xts-gb,1048576,7,6320400,1048576,6.027603149,0.165903424,18.054204941,ok
Windows-x86_64,13th Gen Intel(R) Core(TM) i9-13900H,clang-22.1.8 (https://github.com/msys2/MINGW-packages 6e4e79c2f86eeb534e324e583f2057dc9fd5ecab),SM4-128,aes-hw,xts-gb,1048576,8,6877400,1048576,6.558799744,0.152466921,19.645143509,ok
Windows-x86_64,13th Gen Intel(R) Core(TM) i9-13900H,clang-22.1.8 (https://github.com/msys2/MINGW-packages 6e4e79c2f86eeb534e324e583f2057dc9fd5ecab),SM4-128,aes-hw,xts-gb,1048576,9,6622700,1048576,6.315898895,0.158330590,18.917690277,ok
Windows-x86_64,13th Gen Intel(R) Core(TM) i9-13900H,clang-22.1.8 (https://github.com/msys2/MINGW-packages 6e4e79c2f86eeb534e324e583f2057dc9fd5ecab),SM4-128,aes-hw,xts-gb,1048576,10,6622900,1048576,6.316089630,0.158325809,18.918022156,ok
Windows-x86_64,13th Gen Intel(R) Core(TM) i9-13900H,clang-22.1.8 (https://github.com/msys2/MINGW-packages 6e4e79c2f86eeb534e324e583f2057dc9fd5ecab),SM4-128,aes-hw,xts-gb,1048576,11,6601100,1048576,6.295299530,0.158848677,18.855630875,ok
Windows-x86_64,13th Gen Intel(R) Core(TM) i9-13900H,clang-22.1.8 (https://github.com/msys2/MINGW-packages 6e4e79c2f86eeb534e324e583f2057dc9fd5ecab),SM4-128,aes-hw,xts-gb,1048576,12,6524000,1048576,6.221771240,0.160725935,18.635658264,ok
Windows-x86_64,13th Gen Intel(R) Core(TM) i9-13900H,clang-22.1.8 (https://github.com/msys2/MINGW-packages 6e4e79c2f86eeb534e324e583f2057dc9fd5ecab),SM4-128,aes-hw,xts-gb,1048576,13,6615600,1048576,6.309127808,0.158500514,18.897089005,ok
Windows-x86_64,13th Gen Intel(R) Core(TM) i9-13900H,clang-22.1.8 (https://github.com/msys2/MINGW-packages 6e4e79c2f86eeb534e324e583f2057dc9fd5ecab),SM4-128,aes-hw,xts-gb,1048576,14,6346700,1048576,6.052684784,0.165215939,18.129369736,ok
Windows-x86_64,13th Gen Intel(R) Core(TM) i9-13900H,clang-22.1.8 (https://github.com/msys2/MINGW-packages 6e4e79c2f86eeb534e324e583f2057dc9fd5ecab),SM4-128,aes-hw,xts-gb,1048576,15,6510600,1048576,6.208992004,0.161056738,18.597434998,ok
Windows-x86_64,13th Gen Intel(R) Core(TM) i9-13900H,clang-22.1.8 (https://github.com/msys2/MINGW-packages 6e4e79c2f86eeb534e324e583f2057dc9fd5ecab),SM4-128,aes-hw,xts-gb-dec,64,1,3142000,262144,11.985778809,0.083432209,35.901367188,ok
Windows-x86_64,13th Gen Intel(R) Core(TM) i9-13900H,clang-22.1.8 (https://github.com/msys2/MINGW-packages 6e4e79c2f86eeb534e324e583f2057dc9fd5ecab),SM4-128,aes-hw,xts-gb-dec,64,2,3100400,262144,11.827087402,0.084551671,35.425888062,ok
Windows-x86_64,13th Gen Intel(R) Core(TM) i9-13900H,clang-22.1.8 (https://github.com/msys2/MINGW-packages 6e4e79c2f86eeb534e324e583f2057dc9fd5ecab),SM4-128,aes-hw,xts-gb-dec,64,3,3277700,262144,12.503433228,0.079978033,37.450157166,ok
Windows-x86_64,13th Gen Intel(R) Core(TM) i9-13900H,clang-22.1.8 (https://github.com/msys2/MINGW-packages 6e4e79c2f86eeb534e324e583f2057dc9fd5ecab),SM4-128,aes-hw,xts-gb-dec,64,4,3218500,262144,12.277603149,0.081449122,36.775161743,ok
Windows-x86_64,13th Gen Intel(R) Core(TM) i9-13900H,clang-22.1.8 (https://github.com/msys2/MINGW-packages 6e4e79c2f86eeb534e324e583f2057dc9fd5ecab),SM4-128,aes-hw,xts-gb-dec,64,5,3168000,262144,12.084960938,0.082747475,36.198074341,ok
Windows-x86_64,13th Gen Intel(R) Core(TM) i9-13900H,clang-22.1.8 (https://github.com/msys2/MINGW-packages 6e4e79c2f86eeb534e324e583f2057dc9fd5ecab),SM4-128,aes-hw,xts-gb-dec,64,6,3168500,262144,12.086868286,0.082734417,36.202438354,ok
Windows-x86_64,13th Gen Intel(R) Core(TM) i9-13900H,clang-22.1.8 (https://github.com/msys2/MINGW-packages 6e4e79c2f86eeb534e324e583f2057dc9fd5ecab),SM4-128,aes-hw,xts-gb-dec,64,7,3217100,262144,12.272262573,0.081484567,36.759384155,ok
Windows-x86_64,13th Gen Intel(R) Core(TM) i9-13900H,clang-22.1.8 (https://github.com/msys2/MINGW-packages 6e4e79c2f86eeb534e324e583f2057dc9fd5ecab),SM4-128,aes-hw,xts-gb-dec,64,8,3212000,262144,12.252807617,0.081613948,36.701248169,ok
Windows-x86_64,13th Gen Intel(R) Core(TM) i9-13900H,clang-22.1.8 (https://github.com/msys2/MINGW-packages 6e4e79c2f86eeb534e324e583f2057dc9fd5ecab),SM4-128,aes-hw,xts-gb-dec,64,9,3179400,262144,12.128448486,0.082450777,36.327400208,ok
Windows-x86_64,13th Gen Intel(R) Core(TM) i9-13900H,clang-22.1.8 (https://github.com/msys2/MINGW-packages 6e4e79c2f86eeb534e324e583f2057dc9fd5ecab),SM4-128,aes-hw,xts-gb-dec,64,10,3196000,262144,12.191772461,0.082022528,36.517257690,ok
Windows-x86_64,13th Gen Intel(R) Core(TM) i9-13900H,clang-22.1.8 (https://github.com/msys2/MINGW-packages 6e4e79c2f86eeb534e324e583f2057dc9fd5ecab),SM4-128,aes-hw,xts-gb-dec,64,11,3133000,262144,11.951446533,0.083671880,35.797569275,ok
Windows-x86_64,13th Gen Intel(R) Core(TM) i9-13900H,clang-22.1.8 (https://github.com/msys2/MINGW-packages 6e4e79c2f86eeb534e324e583f2057dc9fd5ecab),SM4-128,aes-hw,xts-gb-dec,64,12,3320000,262144,12.664794922,0.078959036,37.933555603,ok
Windows-x86_64,13th Gen Intel(R) Core(TM) i9-13900H,clang-22.1.8 (https://github.com/msys2/MINGW-packages 6e4e79c2f86eeb534e324e583f2057dc9fd5ecab),SM4-128,aes-hw,xts-gb-dec,64,13,3005300,262144,11.464309692,0.087227232,34.339515686,ok
Windows-x86_64,13th Gen Intel(R) Core(TM) i9-13900H,clang-22.1.8 (https://github.com/msys2/MINGW-packages 6e4e79c2f86eeb534e324e583f2057dc9fd5ecab),SM4-128,aes-hw,xts-gb-dec,64,14,3083900,262144,11.764144897,0.085004053,35.236312866,ok
Windows-x86_64,13th Gen Intel(R) Core(TM) i9-13900H,clang-22.1.8 (https://github.com/msys2/MINGW-packages 6e4e79c2f86eeb534e324e583f2057dc9fd5ecab),SM4-128,aes-hw,xts-gb-dec,64,15,3185200,262144,12.150573730,0.082300640,36.393051147,ok
Windows-x86_64,13th Gen Intel(R) Core(TM) i9-13900H,clang-22.1.8 (https://github.com/msys2/MINGW-packages 6e4e79c2f86eeb534e324e583f2057dc9fd5ecab),SM4-128,aes-hw,xts-gb-dec,512,1,1867200,262144,7.122802734,0.140394173,21.335754395,ok
Windows-x86_64,13th Gen Intel(R) Core(TM) i9-13900H,clang-22.1.8 (https://github.com/msys2/MINGW-packages 6e4e79c2f86eeb534e324e583f2057dc9fd5ecab),SM4-128,aes-hw,xts-gb-dec,512,2,1875900,262144,7.155990601,0.139743057,21.435188293,ok
Windows-x86_64,13th Gen Intel(R) Core(TM) i9-13900H,clang-22.1.8 (https://github.com/msys2/MINGW-packages 6e4e79c2f86eeb534e324e583f2057dc9fd5ecab),SM4-128,aes-hw,xts-gb-dec,512,3,1890800,262144,7.212829590,0.138641845,21.605361938,ok
Windows-x86_64,13th Gen Intel(R) Core(TM) i9-13900H,clang-22.1.8 (https://github.com/msys2/MINGW-packages 6e4e79c2f86eeb534e324e583f2057dc9fd5ecab),SM4-128,aes-hw,xts-gb-dec,512,4,1899600,262144,7.246398926,0.137999579,21.705207825,ok
Windows-x86_64,13th Gen Intel(R) Core(TM) i9-13900H,clang-22.1.8 (https://github.com/msys2/MINGW-packages 6e4e79c2f86eeb534e324e583f2057dc9fd5ecab),SM4-128,aes-hw,xts-gb-dec,512,5,1874700,262144,7.151412964,0.139832507,21.420021057,ok
Windows-x86_64,13th Gen Intel(R) Core(TM) i9-13900H,clang-22.1.8 (https://github.com/msys2/MINGW-packages 6e4e79c2f86eeb534e324e583f2057dc9fd5ecab),SM4-128,aes-hw,xts-gb-dec,512,6,1887500,262144,7.200241089,0.138884238,21.566337585,ok
Windows-x86_64,13th Gen Intel(R) Core(TM) i9-13900H,clang-22.1.8 (https://github.com/msys2/MINGW-packages 6e4e79c2f86eeb534e324e583f2057dc9fd5ecab),SM4-128,aes-hw,xts-gb-dec,512,7,1872500,262144,7.143020630,0.139996796,21.394355774,ok
Windows-x86_64,13th Gen Intel(R) Core(TM) i9-13900H,clang-22.1.8 (https://github.com/msys2/MINGW-packages 6e4e79c2f86eeb534e324e583f2057dc9fd5ecab),SM4-128,aes-hw,xts-gb-dec,512,8,1832000,262144,6.988525391,0.143091703,20.932586670,ok
Windows-x86_64,13th Gen Intel(R) Core(TM) i9-13900H,clang-22.1.8 (https://github.com/msys2/MINGW-packages 6e4e79c2f86eeb534e324e583f2057dc9fd5ecab),SM4-128,aes-hw,xts-gb-dec,512,9,1840900,262144,7.022476196,0.142399913,21.033851624,ok
Windows-x86_64,13th Gen Intel(R) Core(TM) i9-13900H,clang-22.1.8 (https://github.com/msys2/MINGW-packages 6e4e79c2f86eeb534e324e583f2057dc9fd5ecab),SM4-128,aes-hw,xts-gb-dec,512,10,1854700,262144,7.075119019,0.141340378,21.191696167,ok
Windows-x86_64,13th Gen Intel(R) Core(TM) i9-13900H,clang-22.1.8 (https://github.com/msys2/MINGW-packages 6e4e79c2f86eeb534e324e583f2057dc9fd5ecab),SM4-128,aes-hw,xts-gb-dec,512,11,1832900,262144,6.991958618,0.143021441,20.943260193,ok
Windows-x86_64,13th Gen Intel(R) Core(TM) i9-13900H,clang-22.1.8 (https://github.com/msys2/MINGW-packages 6e4e79c2f86eeb534e324e583f2057dc9fd5ecab),SM4-128,aes-hw,xts-gb-dec,512,12,1837600,262144,7.009887695,0.142655638,20.996582031,ok
Windows-x86_64,13th Gen Intel(R) Core(TM) i9-13900H,clang-22.1.8 (https://github.com/msys2/MINGW-packages 6e4e79c2f86eeb534e324e583f2057dc9fd5ecab),SM4-128,aes-hw,xts-gb-dec,512,13,1921000,262144,7.328033447,0.136462259,21.948608398,ok
Windows-x86_64,13th Gen Intel(R) Core(TM) i9-13900H,clang-22.1.8 (https://github.com/msys2/MINGW-packages 6e4e79c2f86eeb534e324e583f2057dc9fd5ecab),SM4-128,aes-hw,xts-gb-dec,512,14,1881400,262144,7.176971436,0.139334538,21.496719360,ok
Windows-x86_64,13th Gen Intel(R) Core(TM) i9-13900H,clang-22.1.8 (https://github.com/msys2/MINGW-packages 6e4e79c2f86eeb534e324e583f2057dc9fd5ecab),SM4-128,aes-hw,xts-gb-dec,512,15,1890900,262144,7.213211060,0.138634513,21.606040955,ok
Windows-x86_64,13th Gen Intel(R) Core(TM) i9-13900H,clang-22.1.8 (https://github.com/msys2/MINGW-packages 6e4e79c2f86eeb534e324e583f2057dc9fd5ecab),SM4-128,aes-hw,xts-gb-dec,4096,1,1711400,262144,6.528472900,0.153175178,19.555885315,ok
Windows-x86_64,13th Gen Intel(R) Core(TM) i9-13900H,clang-22.1.8 (https://github.com/msys2/MINGW-packages 6e4e79c2f86eeb534e324e583f2057dc9fd5ecab),SM4-128,aes-hw,xts-gb-dec,4096,2,1727100,262144,6.588363647,0.151782757,19.734924316,ok
Windows-x86_64,13th Gen Intel(R) Core(TM) i9-13900H,clang-22.1.8 (https://github.com/msys2/MINGW-packages 6e4e79c2f86eeb534e324e583f2057dc9fd5ecab),SM4-128,aes-hw,xts-gb-dec,4096,3,1710700,262144,6.525802612,0.153237856,19.546478271,ok
Windows-x86_64,13th Gen Intel(R) Core(TM) i9-13900H,clang-22.1.8 (https://github.com/msys2/MINGW-packages 6e4e79c2f86eeb534e324e583f2057dc9fd5ecab),SM4-128,aes-hw,xts-gb-dec,4096,4,1712100,262144,6.531143188,0.153112552,19.562767029,ok
Windows-x86_64,13th Gen Intel(R) Core(TM) i9-13900H,clang-22.1.8 (https://github.com/msys2/MINGW-packages 6e4e79c2f86eeb534e324e583f2057dc9fd5ecab),SM4-128,aes-hw,xts-gb-dec,4096,5,1712000,262144,6.530761719,0.153121495,19.561309814,ok
Windows-x86_64,13th Gen Intel(R) Core(TM) i9-13900H,clang-22.1.8 (https://github.com/msys2/MINGW-packages 6e4e79c2f86eeb534e324e583f2057dc9fd5ecab),SM4-128,aes-hw,xts-gb-dec,4096,6,1695000,262144,6.465911865,0.154657227,19.367439270,ok
Windows-x86_64,13th Gen Intel(R) Core(TM) i9-13900H,clang-22.1.8 (https://github.com/msys2/MINGW-packages 6e4e79c2f86eeb534e324e583f2057dc9fd5ecab),SM4-128,aes-hw,xts-gb-dec,4096,7,1693400,262144,6.459808350,0.154803354,19.348960876,ok
Windows-x86_64,13th Gen Intel(R) Core(TM) i9-13900H,clang-22.1.8 (https://github.com/msys2/MINGW-packages 6e4e79c2f86eeb534e324e583f2057dc9fd5ecab),SM4-128,aes-hw,xts-gb-dec,4096,8,1680000,262144,6.408691406,0.156038095,19.196495056,ok
Windows-x86_64,13th Gen Intel(R) Core(TM) i9-13900H,clang-22.1.8 (https://github.com/msys2/MINGW-packages 6e4e79c2f86eeb534e324e583f2057dc9fd5ecab),SM4-128,aes-hw,xts-gb-dec,4096,9,1686500,262144,6.433486938,0.155436703,19.269515991,ok
Windows-x86_64,13th Gen Intel(R) Core(TM) i9-13900H,clang-22.1.8 (https://github.com/msys2/MINGW-packages 6e4e79c2f86eeb534e324e583f2057dc9fd5ecab),SM4-128,aes-hw,xts-gb-dec,4096,10,1716200,262144,6.546783447,0.152746766,19.609458923,ok
Windows-x86_64,13th Gen Intel(R) Core(TM) i9-13900H,clang-22.1.8 (https://github.com/msys2/MINGW-packages 6e4e79c2f86eeb534e324e583f2057dc9fd5ecab),SM4-128,aes-hw,xts-gb-dec,4096,11,1676900,262144,6.396865845,0.156326555,19.160110474,ok
Windows-x86_64,13th Gen Intel(R) Core(TM) i9-13900H,clang-22.1.8 (https://github.com/msys2/MINGW-packages 6e4e79c2f86eeb534e324e583f2057dc9fd5ecab),SM4-128,aes-hw,xts-gb-dec,4096,12,1684500,262144,6.425857544,0.155621253,19.247047424,ok
Windows-x86_64,13th Gen Intel(R) Core(TM) i9-13900H,clang-22.1.8 (https://github.com/msys2/MINGW-packages 6e4e79c2f86eeb534e324e583f2057dc9fd5ecab),SM4-128,aes-hw,xts-gb-dec,4096,13,1715300,262144,6.543350220,0.152826911,19.599609375,ok
Windows-x86_64,13th Gen Intel(R) Core(TM) i9-13900H,clang-22.1.8 (https://github.com/msys2/MINGW-packages 6e4e79c2f86eeb534e324e583f2057dc9fd5ecab),SM4-128,aes-hw,xts-gb-dec,4096,14,1673700,262144,6.384658813,0.156625441,19.123931885,ok
Windows-x86_64,13th Gen Intel(R) Core(TM) i9-13900H,clang-22.1.8 (https://github.com/msys2/MINGW-packages 6e4e79c2f86eeb534e324e583f2057dc9fd5ecab),SM4-128,aes-hw,xts-gb-dec,4096,15,1709200,262144,6.520080566,0.153372338,19.529083252,ok
Windows-x86_64,13th Gen Intel(R) Core(TM) i9-13900H,clang-22.1.8 (https://github.com/msys2/MINGW-packages 6e4e79c2f86eeb534e324e583f2057dc9fd5ecab),SM4-128,aes-hw,xts-gb-dec,8192,1,1692500,262144,6.456375122,0.154885672,19.342231750,ok
Windows-x86_64,13th Gen Intel(R) Core(TM) i9-13900H,clang-22.1.8 (https://github.com/msys2/MINGW-packages 6e4e79c2f86eeb534e324e583f2057dc9fd5ecab),SM4-128,aes-hw,xts-gb-dec,8192,2,1691300,262144,6.451797485,0.154995566,19.325683594,ok
Windows-x86_64,13th Gen Intel(R) Core(TM) i9-13900H,clang-22.1.8 (https://github.com/msys2/MINGW-packages 6e4e79c2f86eeb534e324e583f2057dc9fd5ecab),SM4-128,aes-hw,xts-gb-dec,8192,3,1694600,262144,6.464385986,0.154693733,19.363365173,ok
Windows-x86_64,13th Gen Intel(R) Core(TM) i9-13900H,clang-22.1.8 (https://github.com/msys2/MINGW-packages 6e4e79c2f86eeb534e324e583f2057dc9fd5ecab),SM4-128,aes-hw,xts-gb-dec,8192,4,1665900,262144,6.354904175,0.157358785,19.034446716,ok
Windows-x86_64,13th Gen Intel(R) Core(TM) i9-13900H,clang-22.1.8 (https://github.com/msys2/MINGW-packages 6e4e79c2f86eeb534e324e583f2057dc9fd5ecab),SM4-128,aes-hw,xts-gb-dec,8192,5,1684100,262144,6.424331665,0.155658215,19.242691040,ok
Windows-x86_64,13th Gen Intel(R) Core(TM) i9-13900H,clang-22.1.8 (https://github.com/msys2/MINGW-packages 6e4e79c2f86eeb534e324e583f2057dc9fd5ecab),SM4-128,aes-hw,xts-gb-dec,8192,6,1659600,262144,6.330871582,0.157956134,18.962814331,ok
Windows-x86_64,13th Gen Intel(R) Core(TM) i9-13900H,clang-22.1.8 (https://github.com/msys2/MINGW-packages 6e4e79c2f86eeb534e324e583f2057dc9fd5ecab),SM4-128,aes-hw,xts-gb-dec,8192,7,1672700,262144,6.380844116,0.156719077,19.112281799,ok
Windows-x86_64,13th Gen Intel(R) Core(TM) i9-13900H,clang-22.1.8 (https://github.com/msys2/MINGW-packages 6e4e79c2f86eeb534e324e583f2057dc9fd5ecab),SM4-128,aes-hw,xts-gb-dec,8192,8,1699000,262144,6.481170654,0.154293114,19.413192749,ok
Windows-x86_64,13th Gen Intel(R) Core(TM) i9-13900H,clang-22.1.8 (https://github.com/msys2/MINGW-packages 6e4e79c2f86eeb534e324e583f2057dc9fd5ecab),SM4-128,aes-hw,xts-gb-dec,8192,9,1702400,262144,6.494140625,0.153984962,19.451522827,ok
Windows-x86_64,13th Gen Intel(R) Core(TM) i9-13900H,clang-22.1.8 (https://github.com/msys2/MINGW-packages 6e4e79c2f86eeb534e324e583f2057dc9fd5ecab),SM4-128,aes-hw,xts-gb-dec,8192,10,1674500,262144,6.387710571,0.156550612,19.132942200,ok
Windows-x86_64,13th Gen Intel(R) Core(TM) i9-13900H,clang-22.1.8 (https://github.com/msys2/MINGW-packages 6e4e79c2f86eeb534e324e583f2057dc9fd5ecab),SM4-128,aes-hw,xts-gb-dec,8192,11,1699900,262144,6.484603882,0.154211424,19.423698425,ok
Windows-x86_64,13th Gen Intel(R) Core(TM) i9-13900H,clang-22.1.8 (https://github.com/msys2/MINGW-packages 6e4e79c2f86eeb534e324e583f2057dc9fd5ecab),SM4-128,aes-hw,xts-gb-dec,8192,12,1710200,262144,6.523895264,0.153282657,19.541206360,ok
Windows-x86_64,13th Gen Intel(R) Core(TM) i9-13900H,clang-22.1.8 (https://github.com/msys2/MINGW-packages 6e4e79c2f86eeb534e324e583f2057dc9fd5ecab),SM4-128,aes-hw,xts-gb-dec,8192,13,1685100,262144,6.428146362,0.155565842,19.253753662,ok
Windows-x86_64,13th Gen Intel(R) Core(TM) i9-13900H,clang-22.1.8 (https://github.com/msys2/MINGW-packages 6e4e79c2f86eeb534e324e583f2057dc9fd5ecab),SM4-128,aes-hw,xts-gb-dec,8192,14,1632600,262144,6.227874756,0.160568418,18.654151917,ok
Windows-x86_64,13th Gen Intel(R) Core(TM) i9-13900H,clang-22.1.8 (https://github.com/msys2/MINGW-packages 6e4e79c2f86eeb534e324e583f2057dc9fd5ecab),SM4-128,aes-hw,xts-gb-dec,8192,15,1659100,262144,6.328964233,0.158003737,18.957412720,ok
Windows-x86_64,13th Gen Intel(R) Core(TM) i9-13900H,clang-22.1.8 (https://github.com/msys2/MINGW-packages 6e4e79c2f86eeb534e324e583f2057dc9fd5ecab),SM4-128,aes-hw,xts-gb-dec,65536,1,1679300,262144,6.406021118,0.156103138,19.188583374,ok
Windows-x86_64,13th Gen Intel(R) Core(TM) i9-13900H,clang-22.1.8 (https://github.com/msys2/MINGW-packages 6e4e79c2f86eeb534e324e583f2057dc9fd5ecab),SM4-128,aes-hw,xts-gb-dec,65536,2,1692100,262144,6.454849243,0.154922286,19.334266663,ok
Windows-x86_64,13th Gen Intel(R) Core(TM) i9-13900H,clang-22.1.8 (https://github.com/msys2/MINGW-packages 6e4e79c2f86eeb534e324e583f2057dc9fd5ecab),SM4-128,aes-hw,xts-gb-dec,65536,3,1683100,262144,6.420516968,0.155750698,19.231552124,ok
Windows-x86_64,13th Gen Intel(R) Core(TM) i9-13900H,clang-22.1.8 (https://github.com/msys2/MINGW-packages 6e4e79c2f86eeb534e324e583f2057dc9fd5ecab),SM4-128,aes-hw,xts-gb-dec,65536,4,1695000,262144,6.465911865,0.154657227,19.367599487,ok
Windows-x86_64,13th Gen Intel(R) Core(TM) i9-13900H,clang-22.1.8 (https://github.com/msys2/MINGW-packages 6e4e79c2f86eeb534e324e583f2057dc9fd5ecab),SM4-128,aes-hw,xts-gb-dec,65536,5,1699000,262144,6.481170654,0.154293114,19.413017273,ok
Windows-x86_64,13th Gen Intel(R) Core(TM) i9-13900H,clang-22.1.8 (https://github.com/msys2/MINGW-packages 6e4e79c2f86eeb534e324e583f2057dc9fd5ecab),SM4-128,aes-hw,xts-gb-dec,65536,6,1697000,262144,6.473541260,0.154474956,19.389320374,ok
Windows-x86_64,13th Gen Intel(R) Core(TM) i9-13900H,clang-22.1.8 (https://github.com/msys2/MINGW-packages 6e4e79c2f86eeb534e324e583f2057dc9fd5ecab),SM4-128,aes-hw,xts-gb-dec,65536,7,1684900,262144,6.427383423,0.155584308,19.251800537,ok
Windows-x86_64,13th Gen Intel(R) Core(TM) i9-13900H,clang-22.1.8 (https://github.com/msys2/MINGW-packages 6e4e79c2f86eeb534e324e583f2057dc9fd5ecab),SM4-128,aes-hw,xts-gb-dec,65536,8,1678200,262144,6.401824951,0.156205458,19.175941467,ok
Windows-x86_64,13th Gen Intel(R) Core(TM) i9-13900H,clang-22.1.8 (https://github.com/msys2/MINGW-packages 6e4e79c2f86eeb534e324e583f2057dc9fd5ecab),SM4-128,aes-hw,xts-gb-dec,65536,9,1659300,262144,6.329727173,0.157984692,18.959945679,ok
Windows-x86_64,13th Gen Intel(R) Core(TM) i9-13900H,clang-22.1.8 (https://github.com/msys2/MINGW-packages 6e4e79c2f86eeb534e324e583f2057dc9fd5ecab),SM4-128,aes-hw,xts-gb-dec,65536,10,1625700,262144,6.201553345,0.161249923,18.576126099,ok
Windows-x86_64,13th Gen Intel(R) Core(TM) i9-13900H,clang-22.1.8 (https://github.com/msys2/MINGW-packages 6e4e79c2f86eeb534e324e583f2057dc9fd5ecab),SM4-128,aes-hw,xts-gb-dec,65536,11,1662000,262144,6.340026855,0.157728039,18.989402771,ok
Windows-x86_64,13th Gen Intel(R) Core(TM) i9-13900H,clang-22.1.8 (https://github.com/msys2/MINGW-packages 6e4e79c2f86eeb534e324e583f2057dc9fd5ecab),SM4-128,aes-hw,xts-gb-dec,65536,12,1704100,262144,6.500625610,0.153831348,19.471870422,ok
Windows-x86_64,13th Gen Intel(R) Core(TM) i9-13900H,clang-22.1.8 (https://github.com/msys2/MINGW-packages 6e4e79c2f86eeb534e324e583f2057dc9fd5ecab),SM4-128,aes-hw,xts-gb-dec,65536,13,1677800,262144,6.400299072,0.156242699,19.171722412,ok
Windows-x86_64,13th Gen Intel(R) Core(TM) i9-13900H,clang-22.1.8 (https://github.com/msys2/MINGW-packages 6e4e79c2f86eeb534e324e583f2057dc9fd5ecab),SM4-128,aes-hw,xts-gb-dec,65536,14,1692200,262144,6.455230713,0.154913131,19.334808350,ok
Windows-x86_64,13th Gen Intel(R) Core(TM) i9-13900H,clang-22.1.8 (https://github.com/msys2/MINGW-packages 6e4e79c2f86eeb534e324e583f2057dc9fd5ecab),SM4-128,aes-hw,xts-gb-dec,65536,15,1689300,262144,6.444168091,0.155179068,19.302345276,ok
Windows-x86_64,13th Gen Intel(R) Core(TM) i9-13900H,clang-22.1.8 (https://github.com/msys2/MINGW-packages 6e4e79c2f86eeb534e324e583f2057dc9fd5ecab),SM4-128,aes-hw,xts-gb-dec,1048576,1,6718900,1048576,6.407642365,0.156063641,19.198383331,ok
Windows-x86_64,13th Gen Intel(R) Core(TM) i9-13900H,clang-22.1.8 (https://github.com/msys2/MINGW-packages 6e4e79c2f86eeb534e324e583f2057dc9fd5ecab),SM4-128,aes-hw,xts-gb-dec,1048576,2,6718200,1048576,6.406974792,0.156079902,19.190544128,ok
Windows-x86_64,13th Gen Intel(R) Core(TM) i9-13900H,clang-22.1.8 (https://github.com/msys2/MINGW-packages 6e4e79c2f86eeb534e324e583f2057dc9fd5ecab),SM4-128,aes-hw,xts-gb-dec,1048576,3,6770100,1048576,6.456470490,0.154883384,19.338659286,ok
Windows-x86_64,13th Gen Intel(R) Core(TM) i9-13900H,clang-22.1.8 (https://github.com/msys2/MINGW-packages 6e4e79c2f86eeb534e324e583f2057dc9fd5ecab),SM4-128,aes-hw,xts-gb-dec,1048576,4,6699000,1048576,6.388664246,0.156527243,19.135875702,ok
Windows-x86_64,13th Gen Intel(R) Core(TM) i9-13900H,clang-22.1.8 (https://github.com/msys2/MINGW-packages 6e4e79c2f86eeb534e324e583f2057dc9fd5ecab),SM4-128,aes-hw,xts-gb-dec,1048576,5,6882200,1048576,6.563377380,0.152360582,19.658933640,ok
Windows-x86_64,13th Gen Intel(R) Core(TM) i9-13900H,clang-22.1.8 (https://github.com/msys2/MINGW-packages 6e4e79c2f86eeb534e324e583f2057dc9fd5ecab),SM4-128,aes-hw,xts-gb-dec,1048576,6,6826700,1048576,6.510448456,0.153599250,19.500328064,ok
Windows-x86_64,13th Gen Intel(R) Core(TM) i9-13900H,clang-22.1.8 (https://github.com/msys2/MINGW-packages 6e4e79c2f86eeb534e324e583f2057dc9fd5ecab),SM4-128,aes-hw,xts-gb-dec,1048576,7,6813400,1048576,6.497764587,0.153899081,19.462356567,ok
Windows-x86_64,13th Gen Intel(R) Core(TM) i9-13900H,clang-22.1.8 (https://github.com/msys2/MINGW-packages 6e4e79c2f86eeb534e324e583f2057dc9fd5ecab),SM4-128,aes-hw,xts-gb-dec,1048576,8,6643500,1048576,6.335735321,0.157834876,18.976909637,ok
Windows-x86_64,13th Gen Intel(R) Core(TM) i9-13900H,clang-22.1.8 (https://github.com/msys2/MINGW-packages 6e4e79c2f86eeb534e324e583f2057dc9fd5ecab),SM4-128,aes-hw,xts-gb-dec,1048576,9,6626700,1048576,6.319713593,0.158235019,18.929111481,ok
Windows-x86_64,13th Gen Intel(R) Core(TM) i9-13900H,clang-22.1.8 (https://github.com/msys2/MINGW-packages 6e4e79c2f86eeb534e324e583f2057dc9fd5ecab),SM4-128,aes-hw,xts-gb-dec,1048576,10,7040700,1048576,6.714534760,0.148930646,20.111719131,ok
Windows-x86_64,13th Gen Intel(R) Core(TM) i9-13900H,clang-22.1.8 (https://github.com/msys2/MINGW-packages 6e4e79c2f86eeb534e324e583f2057dc9fd5ecab),SM4-128,aes-hw,xts-gb-dec,1048576,11,6756800,1048576,6.443786621,0.155188255,19.300676346,ok
Windows-x86_64,13th Gen Intel(R) Core(TM) i9-13900H,clang-22.1.8 (https://github.com/msys2/MINGW-packages 6e4e79c2f86eeb534e324e583f2057dc9fd5ecab),SM4-128,aes-hw,xts-gb-dec,1048576,12,6727900,1048576,6.416225433,0.155854873,19.218017578,ok
Windows-x86_64,13th Gen Intel(R) Core(TM) i9-13900H,clang-22.1.8 (https://github.com/msys2/MINGW-packages 6e4e79c2f86eeb534e324e583f2057dc9fd5ecab),SM4-128,aes-hw,xts-gb-dec,1048576,13,6634300,1048576,6.326961517,0.158053751,18.950601578,ok
Windows-x86_64,13th Gen Intel(R) Core(TM) i9-13900H,clang-22.1.8 (https://github.com/msys2/MINGW-packages 6e4e79c2f86eeb534e324e583f2057dc9fd5ecab),SM4-128,aes-hw,xts-gb-dec,1048576,14,6769400,1048576,6.455802917,0.154899400,19.336845398,ok
Windows-x86_64,13th Gen Intel(R) Core(TM) i9-13900H,clang-22.1.8 (https://github.com/msys2/MINGW-packages 6e4e79c2f86eeb534e324e583f2057dc9fd5ecab),SM4-128,aes-hw,xts-gb-dec,1048576,15,6695500,1048576,6.385326385,0.156609066,19.125932693,ok
